	geneID	repID	modelID	type	mcmcID	var	mean
0	BGLOBIN	A	GTR4GAA	post	1000	9.296153846153846	2.691666666666667
1	BGLOBIN	A	GTR4GAA	post	1001	12.759485236985231	3.009722222222222
2	BGLOBIN	A	GTR4GAA	post	1002	12.256953671328668	2.9937500000000004
3	BGLOBIN	A	GTR4GAA	post	1003	10.684118104118102	2.822222222222222
4	BGLOBIN	A	GTR4GAA	post	1004	11.11188762626263	2.9618055555555554
5	BGLOBIN	A	GTR4GAA	post	1005	12.106711344211341	2.948611111111111
6	BGLOBIN	A	GTR4GAA	post	1006	14.948741258741265	3.1083333333333334
7	BGLOBIN	A	GTR4GAA	post	1007	14.158927253302249	3.195138888888889
8	BGLOBIN	A	GTR4GAA	post	1008	11.350908605283609	2.8618055555555557
9	BGLOBIN	A	GTR4GAA	post	1009	12.233750971250977	2.884722222222222
10	BGLOBIN	A	GTR4GAA	post	1010	12.325017482517483	2.9458333333333333
11	BGLOBIN	A	GTR4GAA	post	1011	13.060139860139863	2.966666666666667
12	BGLOBIN	A	GTR4GAA	post	1012	11.485563325563325	2.8944444444444444
13	BGLOBIN	A	GTR4GAA	post	1013	11.07887917637918	2.823611111111111
14	BGLOBIN	A	GTR4GAA	post	1014	11.40448669386169	2.892361111111111
15	BGLOBIN	A	GTR4GAA	post	1015	10.93104895104895	2.816666666666667
16	BGLOBIN	A	GTR4GAA	post	1016	12.2913243006993	2.9479166666666665
17	BGLOBIN	A	GTR4GAA	post	1017	11.362202311577308	2.9256944444444444
18	BGLOBIN	A	GTR4GAA	post	1018	10.833548951048954	2.845833333333333
19	BGLOBIN	A	GTR4GAA	post	1019	9.683841783216781	2.76875
20	BGLOBIN	A	GTR4GAA	post	1020	9.087334887334887	2.6722222222222225
21	BGLOBIN	A	GTR4GAA	post	1021	9.828461052836053	2.7881944444444446
22	BGLOBIN	A	GTR4GAA	post	1022	9.038951048951049	2.7249999999999996
23	BGLOBIN	A	GTR4GAA	post	1023	9.099083139083136	2.677777777777778
24	BGLOBIN	A	GTR4GAA	post	1024	10.035885295260293	2.757638888888889
25	BGLOBIN	A	GTR4GAA	post	1025	9.99150738150738	2.7805555555555554
26	BGLOBIN	A	GTR4GAA	post	1026	9.092680167055164	2.6715277777777775
27	BGLOBIN	A	GTR4GAA	post	1027	9.946048465423466	2.7243055555555555
28	BGLOBIN	A	GTR4GAA	post	1028	9.2419560994561	2.698611111111111
29	BGLOBIN	A	GTR4GAA	post	1029	9.26804147241647	2.7118055555555554
30	BGLOBIN	A	GTR4GAA	post	1030	9.088391608391605	2.716666666666667
31	BGLOBIN	A	GTR4GAA	post	1031	10.176339840714837	2.832638888888889
32	BGLOBIN	A	GTR4GAA	post	1032	10.796076146076146	2.802777777777778
33	BGLOBIN	A	GTR4GAA	post	1033	9.48277972027972	2.6958333333333333
34	BGLOBIN	A	GTR4GAA	post	1034	11.67223339160839	2.8645833333333335
35	BGLOBIN	A	GTR4GAA	post	1035	11.56027777777777	2.926388888888889
36	BGLOBIN	A	GTR4GAA	post	1036	11.756486013986015	2.9375
37	BGLOBIN	A	GTR4GAA	post	1037	11.131701146076148	2.8715277777777777
38	BGLOBIN	A	GTR4GAA	post	1038	12.278123057498062	2.957638888888889
39	BGLOBIN	A	GTR4GAA	post	1039	11.65048174048174	2.897222222222222
40	BGLOBIN	A	GTR4GAA	post	1040	9.838780108780107	2.7694444444444444
41	BGLOBIN	A	GTR4GAA	post	1041	10.254747474747477	2.7777777777777777
42	BGLOBIN	A	GTR4GAA	post	1042	9.8715845959596	2.767361111111111
43	BGLOBIN	A	GTR4GAA	post	1043	10.19741258741259	2.8583333333333334
44	BGLOBIN	A	GTR4GAA	post	1044	10.129381798756798	2.807638888888889
45	BGLOBIN	A	GTR4GAA	post	1045	9.683121600621604	2.759722222222222
46	BGLOBIN	A	GTR4GAA	post	1046	9.770617229992235	2.7465277777777777
47	BGLOBIN	A	GTR4GAA	post	1047	10.143776223776227	2.8
48	BGLOBIN	A	GTR4GAA	post	1048	10.18117667055167	2.803472222222222
49	BGLOBIN	A	GTR4GAA	post	1049	10.87684877622378	2.8979166666666667
50	BGLOBIN	A	GTR4GAA	post	1050	11.319230283605284	2.8993055555555554
51	BGLOBIN	A	GTR4GAA	post	1051	12.13396853146853	2.970833333333333
52	BGLOBIN	A	GTR4GAA	post	1052	9.78031857031857	2.7694444444444444
53	BGLOBIN	A	GTR4GAA	post	1053	10.258682498057501	2.742361111111111
54	BGLOBIN	A	GTR4GAA	post	1054	9.919423076923078	2.745833333333333
55	BGLOBIN	A	GTR4GAA	post	1055	10.754590132090135	2.884722222222222
56	BGLOBIN	A	GTR4GAA	post	1056	8.950931915306915	2.665972222222222
57	BGLOBIN	A	GTR4GAA	post	1057	9.85100038850039	2.7569444444444446
58	BGLOBIN	A	GTR4GAA	post	1058	10.156573426573427	2.7916666666666665
59	BGLOBIN	A	GTR4GAA	post	1059	11.324240481740478	2.8597222222222225
60	BGLOBIN	A	GTR4GAA	post	1060	12.714421134421135	2.988888888888889
61	BGLOBIN	A	GTR4GAA	post	1061	11.443815073815069	2.9194444444444443
62	BGLOBIN	A	GTR4GAA	post	1062	10.138692696192697	2.8069444444444445
63	BGLOBIN	A	GTR4GAA	post	1063	9.714890734265738	2.73125
64	BGLOBIN	A	GTR4GAA	post	1064	9.286048465423468	2.6756944444444444
65	BGLOBIN	A	GTR4GAA	post	1065	9.862066822066817	2.7555555555555555
66	BGLOBIN	A	GTR4GAA	post	1066	9.021689491064492	2.670138888888889
67	BGLOBIN	A	GTR4GAA	post	1067	8.673704351204348	2.6236111111111113
68	BGLOBIN	A	GTR4GAA	post	1068	9.019521658896663	2.6576388888888887
69	BGLOBIN	A	GTR4GAA	post	1069	10.820909090909097	2.8916666666666666
70	BGLOBIN	A	GTR4GAA	post	1070	10.253227952602947	2.7798611111111113
71	BGLOBIN	A	GTR4GAA	post	1071	10.229440559440564	2.7916666666666665
72	BGLOBIN	A	GTR4GAA	post	1072	10.210691530691527	2.7777777777777777
73	BGLOBIN	A	GTR4GAA	post	1073	9.1975912975913	2.6944444444444446
74	BGLOBIN	A	GTR4GAA	post	1074	9.394960664335661	2.685416666666667
75	BGLOBIN	A	GTR4GAA	post	1075	8.841344211344207	2.663888888888889
76	BGLOBIN	A	GTR4GAA	post	1076	9.452259129759122	2.7069444444444444
77	BGLOBIN	A	GTR4GAA	post	1077	10.115485139860143	2.7895833333333333
78	BGLOBIN	A	GTR4GAA	post	1078	9.039855769230769	2.685416666666667
79	BGLOBIN	A	GTR4GAA	post	1079	9.79710761460761	2.740277777777778
80	BGLOBIN	A	GTR4GAA	post	1080	9.528251748251744	2.716666666666667
81	BGLOBIN	A	GTR4GAA	post	1081	9.56886897824398	2.7034722222222225
82	BGLOBIN	A	GTR4GAA	post	1082	10.253846153846153	2.8
83	BGLOBIN	A	GTR4GAA	post	1083	8.996402486402488	2.6694444444444443
84	BGLOBIN	A	GTR4GAA	post	1084	9.659253593628598	2.7159722222222222
85	BGLOBIN	A	GTR4GAA	post	1085	9.778107517482518	2.7354166666666666
86	BGLOBIN	A	GTR4GAA	post	1086	9.741165015540012	2.704861111111111
87	BGLOBIN	A	GTR4GAA	post	1087	9.293997183372188	2.707638888888889
88	BGLOBIN	A	GTR4GAA	post	1088	9.301468531468535	2.691666666666667
89	BGLOBIN	A	GTR4GAA	post	1089	10.063494560994561	2.773611111111111
90	BGLOBIN	A	GTR4GAA	post	1090	9.994078768453766	2.771527777777778
91	BGLOBIN	A	GTR4GAA	post	1091	10.900815365190358	2.8451388888888887
92	BGLOBIN	A	GTR4GAA	post	1092	11.412618006993004	2.90625
93	BGLOBIN	A	GTR4GAA	post	1093	10.376149475524477	2.76875
94	BGLOBIN	A	GTR4GAA	post	1094	9.90173611111112	2.740972222222222
95	BGLOBIN	A	GTR4GAA	post	1095	10.442235819735815	2.776388888888889
96	BGLOBIN	A	GTR4GAA	post	1096	9.78188374125874	2.7020833333333334
97	BGLOBIN	A	GTR4GAA	post	1097	9.555569153069154	2.7347222222222225
98	BGLOBIN	A	GTR4GAA	post	1098	10.010450174825177	2.777083333333333
99	BGLOBIN	A	GTR4GAA	post	1099	10.118723776223774	2.7708333333333335
100	BGLOBIN	A	GTR4GAA	post	1100	9.629102078477075	2.729861111111111
101	BGLOBIN	A	GTR4GAA	post	1101	10.176449106449107	2.763888888888889
102	BGLOBIN	A	GTR4GAA	post	1102	9.958736888111893	2.785416666666667
103	BGLOBIN	A	GTR4GAA	post	1103	11.437884615384617	2.9124999999999996
104	BGLOBIN	A	GTR4GAA	post	1104	11.571437451437449	2.9055555555555554
105	BGLOBIN	A	GTR4GAA	post	1105	9.636918706293713	2.747916666666667
106	BGLOBIN	A	GTR4GAA	post	1106	9.62483634421134	2.757638888888889
107	BGLOBIN	A	GTR4GAA	post	1107	10.854471153846154	2.8354166666666667
108	BGLOBIN	A	GTR4GAA	post	1108	9.835827020202018	2.7215277777777778
109	BGLOBIN	A	GTR4GAA	post	1109	9.803484362859365	2.709027777777778
110	BGLOBIN	A	GTR4GAA	post	1110	10.170694930069928	2.76875
111	BGLOBIN	A	GTR4GAA	post	1111	11.659638209013208	2.8590277777777775
112	BGLOBIN	A	GTR4GAA	post	1112	11.140971250971251	2.8472222222222223
113	BGLOBIN	A	GTR4GAA	post	1113	10.011864316239315	2.754861111111111
114	BGLOBIN	A	GTR4GAA	post	1114	11.103892288267291	2.832638888888889
115	BGLOBIN	A	GTR4GAA	post	1115	9.753144910644906	2.7513888888888887
116	BGLOBIN	A	GTR4GAA	post	1116	10.509226398601399	2.78125
117	BGLOBIN	A	GTR4GAA	post	1117	10.568565947940947	2.7756944444444445
118	BGLOBIN	A	GTR4GAA	post	1118	9.318226495726496	2.709722222222222
119	BGLOBIN	A	GTR4GAA	post	1119	9.98127428127428	2.838888888888889
120	BGLOBIN	A	GTR4GAA	post	1120	8.383123057498059	2.5951388888888887
121	BGLOBIN	A	GTR4GAA	post	1121	9.165011169386165	2.667361111111111
122	BGLOBIN	A	GTR4GAA	post	1122	8.833424630924636	2.651388888888889
123	BGLOBIN	A	GTR4GAA	post	1123	9.610067987567989	2.726388888888889
124	BGLOBIN	A	GTR4GAA	post	1124	9.53573426573427	2.7249999999999996
125	BGLOBIN	A	GTR4GAA	post	1125	9.254436188811187	2.6729166666666666
126	BGLOBIN	A	GTR4GAA	post	1126	9.962023601398604	2.7645833333333334
127	BGLOBIN	A	GTR4GAA	post	1127	9.464747474747476	2.697222222222222
128	BGLOBIN	A	GTR4GAA	post	1128	9.547125097125097	2.7472222222222222
129	BGLOBIN	A	GTR4GAA	post	1129	10.411359265734257	2.8270833333333334
130	BGLOBIN	A	GTR4GAA	post	1130	10.933134712509714	2.853472222222222
131	BGLOBIN	A	GTR4GAA	post	1131	10.827241647241642	2.8444444444444446
132	BGLOBIN	A	GTR4GAA	post	1132	10.223074980574978	2.773611111111111
133	BGLOBIN	A	GTR4GAA	post	1133	9.31966588966589	2.736111111111111
134	BGLOBIN	A	GTR4GAA	post	1134	10.279930069930076	2.7750000000000004
135	BGLOBIN	A	GTR4GAA	post	1135	12.126992521367525	2.8618055555555557
136	BGLOBIN	A	GTR4GAA	post	1136	8.869405108780112	2.6756944444444444
137	BGLOBIN	A	GTR4GAA	post	1137	9.308449397824393	2.6409722222222225
138	BGLOBIN	A	GTR4GAA	post	1138	9.894296328671329	2.7395833333333335
139	BGLOBIN	A	GTR4GAA	post	1139	10.21468482905983	2.7381944444444444
140	BGLOBIN	A	GTR4GAA	post	1140	8.60255633255633	2.6194444444444445
141	BGLOBIN	A	GTR4GAA	post	1141	10.177303321678323	2.7562499999999996
142	BGLOBIN	A	GTR4GAA	post	1142	9.67494755244755	2.779166666666667
143	BGLOBIN	A	GTR4GAA	post	1143	10.149790209790211	2.7666666666666666
144	BGLOBIN	A	GTR4GAA	post	1144	8.871969211344215	2.7201388888888887
145	BGLOBIN	A	GTR4GAA	post	1145	9.364506118881124	2.7270833333333333
146	BGLOBIN	A	GTR4GAA	post	1146	10.379112276612275	2.8319444444444444
147	BGLOBIN	A	GTR4GAA	post	1147	9.719252136752134	2.7819444444444446
148	BGLOBIN	A	GTR4GAA	post	1148	11.075633255633258	2.9055555555555554
149	BGLOBIN	A	GTR4GAA	post	1149	10.26644910644911	2.788888888888889
150	BGLOBIN	A	GTR4GAA	post	1150	9.453797591297592	2.7319444444444443
151	BGLOBIN	A	GTR4GAA	post	1151	10.50360091297591	2.8368055555555554
152	BGLOBIN	A	GTR4GAA	post	1152	11.439614898989902	2.8756944444444446
153	BGLOBIN	A	GTR4GAA	post	1153	11.021437451437455	2.8805555555555555
154	BGLOBIN	A	GTR4GAA	post	1154	10.708764083139078	2.8159722222222223
155	BGLOBIN	A	GTR4GAA	post	1155	10.535506993006985	2.8208333333333333
156	BGLOBIN	A	GTR4GAA	post	1156	10.304560994560992	2.8138888888888887
157	BGLOBIN	A	GTR4GAA	post	1157	9.592583041958045	2.714583333333333
158	BGLOBIN	A	GTR4GAA	post	1158	10.158981643356645	2.7437500000000004
159	BGLOBIN	A	GTR4GAA	post	1159	9.27738733488734	2.6902777777777778
160	BGLOBIN	A	GTR4GAA	post	1160	10.943694153069151	2.8409722222222222
161	BGLOBIN	A	GTR4GAA	post	1161	11.793844211344217	2.901388888888889
162	BGLOBIN	A	GTR4GAA	post	1162	12.136130050505054	2.995138888888889
163	BGLOBIN	A	GTR4GAA	post	1163	10.844043803418808	2.8465277777777778
164	BGLOBIN	A	GTR4GAA	post	1164	10.641111111111105	2.802777777777778
165	BGLOBIN	A	GTR4GAA	post	1165	10.650487567987573	2.798611111111111
166	BGLOBIN	A	GTR4GAA	post	1166	10.478972416472415	2.8180555555555555
167	BGLOBIN	A	GTR4GAA	post	1167	10.617200854700853	2.851388888888889
168	BGLOBIN	A	GTR4GAA	post	1168	11.162225621600625	2.9090277777777778
169	BGLOBIN	A	GTR4GAA	post	1169	10.366379176379178	2.836111111111111
170	BGLOBIN	A	GTR4GAA	post	1170	10.211864316239316	2.767361111111111
171	BGLOBIN	A	GTR4GAA	post	1171	9.357248931623932	2.695138888888889
172	BGLOBIN	A	GTR4GAA	post	1172	11.563028360528358	2.9319444444444445
173	BGLOBIN	A	GTR4GAA	post	1173	10.355709013209017	2.8152777777777778
174	BGLOBIN	A	GTR4GAA	post	1174	10.299283216783214	2.845833333333333
175	BGLOBIN	A	GTR4GAA	post	1175	9.994999514374513	2.7756944444444445
176	BGLOBIN	A	GTR4GAA	post	1176	10.352548076923078	2.8229166666666665
177	BGLOBIN	A	GTR4GAA	post	1177	11.529182206682208	2.8819444444444446
178	BGLOBIN	A	GTR4GAA	post	1178	11.36743541181041	2.865972222222222
179	BGLOBIN	A	GTR4GAA	post	1179	11.37220668220668	2.8305555555555557
180	BGLOBIN	A	GTR4GAA	post	1180	12.343820901320898	2.959722222222222
181	BGLOBIN	A	GTR4GAA	post	1181	10.256923076923076	2.783333333333333
182	BGLOBIN	A	GTR4GAA	post	1182	10.138723776223777	2.7874999999999996
183	BGLOBIN	A	GTR4GAA	post	1183	10.080108780108773	2.7555555555555555
184	BGLOBIN	A	GTR4GAA	post	1184	10.051036810411812	2.7465277777777777
185	BGLOBIN	A	GTR4GAA	post	1185	8.839531857031858	2.6819444444444445
186	BGLOBIN	A	GTR4GAA	post	1186	9.102509712509717	2.697222222222222
187	BGLOBIN	A	GTR4GAA	post	1187	9.338670843045845	2.6993055555555556
188	BGLOBIN	A	GTR4GAA	post	1188	9.764789724164721	2.7868055555555555
189	BGLOBIN	A	GTR4GAA	post	1189	9.817023601398592	2.7104166666666667
190	BGLOBIN	A	GTR4GAA	post	1190	9.760659965034963	2.7562499999999996
191	BGLOBIN	A	GTR4GAA	post	1191	9.48466006216006	2.709722222222222
192	BGLOBIN	A	GTR4GAA	post	1192	10.399331293706298	2.7729166666666667
193	BGLOBIN	A	GTR4GAA	post	1193	9.490896950271942	2.7465277777777777
194	BGLOBIN	A	GTR4GAA	post	1194	10.436673951048947	2.7604166666666665
195	BGLOBIN	A	GTR4GAA	post	1195	10.624952894327897	2.803472222222222
196	BGLOBIN	A	GTR4GAA	post	1196	10.735382672882672	2.823611111111111
197	BGLOBIN	A	GTR4GAA	post	1197	10.953841783216777	2.847916666666667
198	BGLOBIN	A	GTR4GAA	post	1198	10.276363636363644	2.8499999999999996
199	BGLOBIN	A	GTR4GAA	post	1199	10.757902097902104	2.8499999999999996
200	BGLOBIN	A	GTR4GAA	post	1200	9.395302544677543	2.759027777777778
201	BGLOBIN	A	GTR4GAA	post	1201	9.517237276612276	2.686805555555556
202	BGLOBIN	A	GTR4GAA	post	1202	9.918282342657339	2.777083333333333
203	BGLOBIN	A	GTR4GAA	post	1203	9.851297591297588	2.7444444444444445
204	BGLOBIN	A	GTR4GAA	post	1204	9.922797202797202	2.8
205	BGLOBIN	A	GTR4GAA	post	1205	9.459386169386175	2.6861111111111113
206	BGLOBIN	A	GTR4GAA	post	1206	9.102626262626258	2.6944444444444446
207	BGLOBIN	A	GTR4GAA	post	1207	10.470038850038843	2.7555555555555555
208	BGLOBIN	A	GTR4GAA	post	1208	11.649335178710178	2.9368055555555554
209	BGLOBIN	A	GTR4GAA	post	1209	10.48041763791764	2.826388888888889
210	BGLOBIN	A	GTR4GAA	post	1210	10.667381507381508	2.8055555555555554
211	BGLOBIN	A	GTR4GAA	post	1211	11.554048174048177	2.8777777777777778
212	BGLOBIN	A	GTR4GAA	post	1212	11.323776223776221	2.8666666666666667
213	BGLOBIN	A	GTR4GAA	post	1213	10.926012043512042	2.801388888888889
214	BGLOBIN	A	GTR4GAA	post	1214	11.786359265734268	2.9312500000000004
215	BGLOBIN	A	GTR4GAA	post	1215	11.119801379176373	2.857638888888889
216	BGLOBIN	A	GTR4GAA	post	1216	9.933635878010875	2.7993055555555557
217	BGLOBIN	A	GTR4GAA	post	1217	10.09474747474747	2.7777777777777777
218	BGLOBIN	A	GTR4GAA	post	1218	10.01465423465423	2.7555555555555555
219	BGLOBIN	A	GTR4GAA	post	1219	9.839718337218336	2.776388888888889
220	BGLOBIN	A	GTR4GAA	post	1220	10.752338286713286	2.79375
221	BGLOBIN	A	GTR4GAA	post	1221	10.633492132867127	2.7979166666666666
222	BGLOBIN	A	GTR4GAA	post	1222	10.916425796425793	2.8277777777777775
223	BGLOBIN	A	GTR4GAA	post	1223	10.423911713286707	2.785416666666667
224	BGLOBIN	A	GTR4GAA	post	1224	10.843209013209009	2.8472222222222223
225	BGLOBIN	A	GTR4GAA	post	1225	9.858752428127424	2.729861111111111
226	BGLOBIN	A	GTR4GAA	post	1226	10.24677884615385	2.8354166666666667
227	BGLOBIN	A	GTR4GAA	post	1227	10.57886363636364	2.8125
228	BGLOBIN	A	GTR4GAA	post	1228	10.361210178710174	2.7930555555555556
229	BGLOBIN	A	GTR4GAA	post	1229	9.47167395104895	2.7020833333333334
230	BGLOBIN	A	GTR4GAA	post	1230	9.980574980574977	2.761111111111111
231	BGLOBIN	A	GTR4GAA	post	1231	9.092882672882672	2.638888888888889
232	BGLOBIN	A	GTR4GAA	post	1232	8.79640831390831	2.6402777777777775
233	BGLOBIN	A	GTR4GAA	post	1233	8.189778069153077	2.553472222222222
234	BGLOBIN	A	GTR4GAA	post	1234	8.876316530691527	2.6284722222222223
235	BGLOBIN	A	GTR4GAA	post	1235	9.51024426961927	2.7243055555555555
236	BGLOBIN	A	GTR4GAA	post	1236	10.289945609945608	2.788888888888889
237	BGLOBIN	A	GTR4GAA	post	1237	9.855582264957265	2.740972222222222
238	BGLOBIN	A	GTR4GAA	post	1238	9.582120726495734	2.7340277777777775
239	BGLOBIN	A	GTR4GAA	post	1239	9.733282342657349	2.685416666666667
240	BGLOBIN	A	GTR4GAA	post	1240	9.669790209790213	2.6666666666666665
241	BGLOBIN	A	GTR4GAA	post	1241	9.110139860139858	2.675
242	BGLOBIN	A	GTR4GAA	post	1242	9.23395493395493	2.7055555555555557
243	BGLOBIN	A	GTR4GAA	post	1243	11.166747766122764	2.9131944444444446
244	BGLOBIN	A	GTR4GAA	post	1244	10.196289335664328	2.8020833333333335
245	BGLOBIN	A	GTR4GAA	post	1245	10.164473581973574	2.826388888888889
246	BGLOBIN	A	GTR4GAA	post	1246	9.922128496503497	2.79375
247	BGLOBIN	A	GTR4GAA	post	1247	9.613597027972029	2.7270833333333333
248	BGLOBIN	A	GTR4GAA	post	1248	9.36013986013986	2.7666666666666666
249	BGLOBIN	A	GTR4GAA	post	1249	9.74060557498058	2.7826388888888887
250	BGLOBIN	A	GTR4GAA	post	1250	9.15329788267288	2.707638888888889
251	BGLOBIN	A	GTR4GAA	post	1251	9.918583916083916	2.8208333333333333
252	BGLOBIN	A	GTR4GAA	post	1252	8.97463675213675	2.6819444444444445
253	BGLOBIN	A	GTR4GAA	post	1253	10.037831682206678	2.8006944444444444
254	BGLOBIN	A	GTR4GAA	post	1254	10.451910936285936	2.834027777777778
255	BGLOBIN	A	GTR4GAA	post	1255	11.317661227661226	2.9194444444444443
256	BGLOBIN	A	GTR4GAA	post	1256	11.642750097125107	2.9715277777777778
257	BGLOBIN	A	GTR4GAA	post	1257	11.106607905982907	2.8756944444444446
258	BGLOBIN	A	GTR4GAA	post	1258	11.27152632090132	2.896527777777778
259	BGLOBIN	A	GTR4GAA	post	1259	10.784304584304579	2.8444444444444446
260	BGLOBIN	A	GTR4GAA	post	1260	11.438391122766115	2.8993055555555554
261	BGLOBIN	A	GTR4GAA	post	1261	10.65543074980575	2.817361111111111
262	BGLOBIN	A	GTR4GAA	post	1262	10.317801087801096	2.7805555555555554
263	BGLOBIN	A	GTR4GAA	post	1263	9.61064491064491	2.738888888888889
264	BGLOBIN	A	GTR4GAA	post	1264	9.72302836052836	2.7319444444444443
265	BGLOBIN	A	GTR4GAA	post	1265	10.036449106449108	2.8138888888888887
266	BGLOBIN	A	GTR4GAA	post	1266	8.987443181818188	2.660416666666667
267	BGLOBIN	A	GTR4GAA	post	1267	9.45151320901321	2.709722222222222
268	BGLOBIN	A	GTR4GAA	post	1268	10.464506118881117	2.872916666666667
269	BGLOBIN	A	GTR4GAA	post	1269	10.766105283605285	2.8569444444444443
270	BGLOBIN	A	GTR4GAA	post	1270	9.982621891996898	2.7368055555555557
271	BGLOBIN	A	GTR4GAA	post	1271	9.946953671328671	2.777083333333333
272	BGLOBIN	A	GTR4GAA	post	1272	10.162528651903651	2.792361111111111
273	BGLOBIN	A	GTR4GAA	post	1273	10.474894619269616	2.7881944444444446
274	BGLOBIN	A	GTR4GAA	post	1274	9.220555069930066	2.685416666666667
275	BGLOBIN	A	GTR4GAA	post	1275	8.91838383838384	2.6722222222222225
276	BGLOBIN	A	GTR4GAA	post	1276	8.819813034188037	2.6284722222222223
277	BGLOBIN	A	GTR4GAA	post	1277	9.240122377622377	2.6958333333333333
278	BGLOBIN	A	GTR4GAA	post	1278	8.857004176379178	2.6576388888888887
279	BGLOBIN	A	GTR4GAA	post	1279	8.548771853146857	2.6104166666666666
280	BGLOBIN	A	GTR4GAA	post	1280	8.861204351204355	2.636111111111111
281	BGLOBIN	A	GTR4GAA	post	1281	8.7204020979021	2.620833333333333
282	BGLOBIN	A	GTR4GAA	post	1282	9.864677544677544	2.7222222222222223
283	BGLOBIN	A	GTR4GAA	post	1283	9.960834790209788	2.785416666666667
284	BGLOBIN	A	GTR4GAA	post	1284	8.923892288267288	2.667361111111111
285	BGLOBIN	A	GTR4GAA	post	1285	8.589261363636359	2.627083333333333
286	BGLOBIN	A	GTR4GAA	post	1286	9.399684829059835	2.7368055555555557
287	BGLOBIN	A	GTR4GAA	post	1287	10.562500000000005	2.7375
288	BGLOBIN	A	GTR4GAA	post	1288	8.821537975912978	2.6618055555555555
289	BGLOBIN	A	GTR4GAA	post	1289	9.4512466006216	2.696527777777778
290	BGLOBIN	A	GTR4GAA	post	1290	9.037264957264957	2.7222222222222223
291	BGLOBIN	A	GTR4GAA	post	1291	9.877946775446775	2.790277777777778
292	BGLOBIN	A	GTR4GAA	post	1292	8.762748640248644	2.6930555555555555
293	BGLOBIN	A	GTR4GAA	post	1293	9.713325563325565	2.7305555555555556
294	BGLOBIN	A	GTR4GAA	post	1294	9.535926573426574	2.7375
295	BGLOBIN	A	GTR4GAA	post	1295	10.18972027972028	2.7916666666666665
296	BGLOBIN	A	GTR4GAA	post	1296	10.986985236985237	2.8472222222222223
297	BGLOBIN	A	GTR4GAA	post	1297	10.871363150738146	2.8868055555555556
298	BGLOBIN	A	GTR4GAA	post	1298	10.51261023698524	2.821527777777778
299	BGLOBIN	A	GTR4GAA	post	1299	10.295889665889664	2.8138888888888887
300	BGLOBIN	A	GTR4GAA	post	1300	11.097097416472414	2.8243055555555556
301	BGLOBIN	A	GTR4GAA	post	1301	11.194957264957267	2.852777777777778
302	BGLOBIN	A	GTR4GAA	post	1302	13.58414141414141	3.086111111111111
303	BGLOBIN	A	GTR4GAA	post	1303	10.295027195027197	2.822222222222222
304	BGLOBIN	A	GTR4GAA	post	1304	10.350332167832168	2.7958333333333334
305	BGLOBIN	A	GTR4GAA	post	1305	10.208653846153844	2.7958333333333334
306	BGLOBIN	A	GTR4GAA	post	1306	10.98615384615385	2.8333333333333335
307	BGLOBIN	A	GTR4GAA	post	1307	10.895734265734268	2.825
308	BGLOBIN	A	GTR4GAA	post	1308	9.7103885003885	2.7305555555555556
309	BGLOBIN	A	GTR4GAA	post	1309	10.962377136752137	2.8618055555555557
310	BGLOBIN	A	GTR4GAA	post	1310	9.175506993006989	2.6958333333333333
311	BGLOBIN	A	GTR4GAA	post	1311	9.929648407148404	2.801388888888889
312	BGLOBIN	A	GTR4GAA	post	1312	10.263426573426573	2.7750000000000004
313	BGLOBIN	A	GTR4GAA	post	1313	9.577871017871017	2.6944444444444446
314	BGLOBIN	A	GTR4GAA	post	1314	9.969638209013207	2.7534722222222223
315	BGLOBIN	A	GTR4GAA	post	1315	10.088018162393162	2.804861111111111
316	BGLOBIN	A	GTR4GAA	post	1316	9.977125097125095	2.8277777777777775
317	BGLOBIN	A	GTR4GAA	post	1317	9.800854700854705	2.788888888888889
318	BGLOBIN	A	GTR4GAA	post	1318	9.532657342657345	2.7249999999999996
319	BGLOBIN	A	GTR4GAA	post	1319	10.256289335664334	2.7979166666666666
320	BGLOBIN	A	GTR4GAA	post	1320	10.614869852369853	2.8402777777777777
321	BGLOBIN	A	GTR4GAA	post	1321	10.225716783216788	2.779166666666667
322	BGLOBIN	A	GTR4GAA	post	1322	10.52168949106449	2.807638888888889
323	BGLOBIN	A	GTR4GAA	post	1323	9.55117132867133	2.7125000000000004
324	BGLOBIN	A	GTR4GAA	post	1324	10.823554292929296	2.8590277777777775
325	BGLOBIN	A	GTR4GAA	post	1325	11.074121503496503	2.8812499999999996
326	BGLOBIN	A	GTR4GAA	post	1326	9.641118395493391	2.7381944444444444
327	BGLOBIN	A	GTR4GAA	post	1327	10.294677544677551	2.7972222222222225
328	BGLOBIN	A	GTR4GAA	post	1328	10.864436188811192	2.7895833333333333
329	BGLOBIN	A	GTR4GAA	post	1329	9.864100621600619	2.740277777777778
330	BGLOBIN	A	GTR4GAA	post	1330	10.33822066822067	2.8305555555555557
331	BGLOBIN	A	GTR4GAA	post	1331	9.36332119269619	2.6631944444444446
332	BGLOBIN	A	GTR4GAA	post	1332	9.627435411810405	2.7215277777777778
333	BGLOBIN	A	GTR4GAA	post	1333	10.071000388500387	2.7569444444444446
334	BGLOBIN	A	GTR4GAA	post	1334	8.390943570318573	2.6131944444444444
335	BGLOBIN	A	GTR4GAA	post	1335	8.933072552447554	2.6312499999999996
336	BGLOBIN	A	GTR4GAA	post	1336	9.37810411810412	2.7222222222222223
337	BGLOBIN	A	GTR4GAA	post	1337	11.707303321678328	2.90625
338	BGLOBIN	A	GTR4GAA	post	1338	10.769008838383842	2.8590277777777775
339	BGLOBIN	A	GTR4GAA	post	1339	10.325017482517481	2.7958333333333334
340	BGLOBIN	A	GTR4GAA	post	1340	10.305843045843043	2.7944444444444443
341	BGLOBIN	A	GTR4GAA	post	1341	9.312165889665891	2.701388888888889
342	BGLOBIN	A	GTR4GAA	post	1342	9.6941958041958	2.7583333333333333
343	BGLOBIN	A	GTR4GAA	post	1343	9.90647241647242	2.7694444444444444
344	BGLOBIN	A	GTR4GAA	post	1344	10.158216297591293	2.8131944444444446
345	BGLOBIN	A	GTR4GAA	post	1345	11.922513111888108	2.91875
346	BGLOBIN	A	GTR4GAA	post	1346	11.144473581973585	2.8763888888888887
347	BGLOBIN	A	GTR4GAA	post	1347	10.135227272727272	2.7708333333333335
348	BGLOBIN	A	GTR4GAA	post	1348	10.81606012043512	2.8451388888888887
349	BGLOBIN	A	GTR4GAA	post	1349	10.51731157731158	2.7944444444444443
350	BGLOBIN	A	GTR4GAA	post	1350	9.415087412587408	2.7291666666666665
351	BGLOBIN	A	GTR4GAA	post	1351	9.45300505050505	2.698611111111111
352	BGLOBIN	A	GTR4GAA	post	1352	10.49058080808081	2.8430555555555554
353	BGLOBIN	A	GTR4GAA	post	1353	9.91696775446775	2.740277777777778
354	BGLOBIN	A	GTR4GAA	post	1354	8.9233547008547	2.6236111111111113
355	BGLOBIN	A	GTR4GAA	post	1355	9.24594357031857	2.6993055555555556
356	BGLOBIN	A	GTR4GAA	post	1356	10.317247474747479	2.834722222222222
357	BGLOBIN	A	GTR4GAA	post	1357	10.656874514374515	2.8680555555555554
358	BGLOBIN	A	GTR4GAA	post	1358	10.261316530691529	2.7965277777777775
359	BGLOBIN	A	GTR4GAA	post	1359	9.573705808080813	2.7506944444444446
360	BGLOBIN	A	GTR4GAA	post	1360	9.43429632867133	2.7395833333333335
361	BGLOBIN	A	GTR4GAA	post	1361	9.698881118881122	2.75
362	BGLOBIN	A	GTR4GAA	post	1362	10.192295551670552	2.853472222222222
363	BGLOBIN	A	GTR4GAA	post	1363	10.538646076146083	2.759722222222222
364	BGLOBIN	A	GTR4GAA	post	1364	10.505167055167055	2.802777777777778
365	BGLOBIN	A	GTR4GAA	post	1365	11.69961926961927	2.9194444444444443
366	BGLOBIN	A	GTR4GAA	post	1366	10.441017871017872	2.7694444444444444
367	BGLOBIN	A	GTR4GAA	post	1367	8.938985528360528	2.6631944444444446
368	BGLOBIN	A	GTR4GAA	post	1368	8.769218628593627	2.6534722222222222
369	BGLOBIN	A	GTR4GAA	post	1369	8.924393453768458	2.6590277777777778
370	BGLOBIN	A	GTR4GAA	post	1370	9.805430749805748	2.745138888888889
371	BGLOBIN	A	GTR4GAA	post	1371	9.231140248640251	2.6930555555555555
372	BGLOBIN	A	GTR4GAA	post	1372	9.259156468531467	2.714583333333333
373	BGLOBIN	A	GTR4GAA	post	1373	9.226456390831391	2.7215277777777778
374	BGLOBIN	A	GTR4GAA	post	1374	9.215213675213676	2.6944444444444446
375	BGLOBIN	A	GTR4GAA	post	1375	8.494916472416472	2.6430555555555557
376	BGLOBIN	A	GTR4GAA	post	1376	10.18204933954934	2.7569444444444446
377	BGLOBIN	A	GTR4GAA	post	1377	10.10300262237762	2.8020833333333335
378	BGLOBIN	A	GTR4GAA	post	1378	9.58227224164724	2.7131944444444445
379	BGLOBIN	A	GTR4GAA	post	1379	9.239298756798757	2.648611111111111
380	BGLOBIN	A	GTR4GAA	post	1380	9.207897727272723	2.66875
381	BGLOBIN	A	GTR4GAA	post	1381	9.845685703185703	2.7430555555555554
382	BGLOBIN	A	GTR4GAA	post	1382	10.165126262626265	2.7819444444444446
383	BGLOBIN	A	GTR4GAA	post	1383	9.93340277777778	2.745138888888889
384	BGLOBIN	A	GTR4GAA	post	1384	9.760769230769228	2.7583333333333333
385	BGLOBIN	A	GTR4GAA	post	1385	9.771631216006217	2.7340277777777775
386	BGLOBIN	A	GTR4GAA	post	1386	11.671979409479409	2.9430555555555555
387	BGLOBIN	A	GTR4GAA	post	1387	10.688177447552448	2.7645833333333334
388	BGLOBIN	A	GTR4GAA	post	1388	10.692878302253302	2.807638888888889
389	BGLOBIN	A	GTR4GAA	post	1389	10.102049339549337	2.8319444444444444
390	BGLOBIN	A	GTR4GAA	post	1390	11.0495104895105	2.9166666666666665
391	BGLOBIN	A	GTR4GAA	post	1391	9.951910936285936	2.7784722222222222
392	BGLOBIN	A	GTR4GAA	post	1392	11.138841783216792	2.8895833333333334
393	BGLOBIN	A	GTR4GAA	post	1393	11.872377622377622	2.9916666666666667
394	BGLOBIN	A	GTR4GAA	post	1394	11.126829351204353	2.867361111111111
395	BGLOBIN	A	GTR4GAA	post	1395	11.269847999222998	2.8590277777777775
396	BGLOBIN	A	GTR4GAA	post	1396	13.58269182206682	3.0243055555555554
397	BGLOBIN	A	GTR4GAA	post	1397	14.749471153846152	3.14375
398	BGLOBIN	A	GTR4GAA	post	1398	13.76176961926962	3.1319444444444446
399	BGLOBIN	A	GTR4GAA	post	1399	13.00958041958042	2.9916666666666667
400	BGLOBIN	A	GTR4GAA	post	1400	11.274108391608388	2.8208333333333333
401	BGLOBIN	A	GTR4GAA	post	1401	11.5049528943279	2.896527777777778
402	BGLOBIN	A	GTR4GAA	post	1402	12.267115384615387	2.9458333333333333
403	BGLOBIN	A	GTR4GAA	post	1403	11.798212412587413	2.939583333333333
404	BGLOBIN	A	GTR4GAA	post	1404	10.034840714840719	2.761111111111111
405	BGLOBIN	A	GTR4GAA	post	1405	11.603554292929294	2.903472222222222
406	BGLOBIN	A	GTR4GAA	post	1406	10.976472416472415	2.8055555555555554
407	BGLOBIN	A	GTR4GAA	post	1407	10.495209304584302	2.8256944444444443
408	BGLOBIN	A	GTR4GAA	post	1408	9.89167395104895	2.7354166666666666
409	BGLOBIN	A	GTR4GAA	post	1409	10.38636315073815	2.7993055555555557
410	BGLOBIN	A	GTR4GAA	post	1410	9.904925699300703	2.7395833333333335
411	BGLOBIN	A	GTR4GAA	post	1411	10.49594405594405	2.8833333333333333
412	BGLOBIN	A	GTR4GAA	post	1412	11.239820804195805	2.8895833333333334
413	BGLOBIN	A	GTR4GAA	post	1413	12.374323523698523	2.9034722222222222
414	BGLOBIN	A	GTR4GAA	post	1414	10.142702020202023	2.7652777777777775
415	BGLOBIN	A	GTR4GAA	post	1415	10.07176379176379	2.761111111111111
416	BGLOBIN	A	GTR4GAA	post	1416	9.326596250971255	2.7340277777777775
417	BGLOBIN	A	GTR4GAA	post	1417	8.750065559440555	2.6187500000000004
418	BGLOBIN	A	GTR4GAA	post	1418	9.02263986013986	2.6375
419	BGLOBIN	A	GTR4GAA	post	1419	9.169836344211346	2.704861111111111
420	BGLOBIN	A	GTR4GAA	post	1420	9.946291763791757	2.773611111111111
421	BGLOBIN	A	GTR4GAA	post	1421	9.176612276612278	2.6944444444444446
422	BGLOBIN	A	GTR4GAA	post	1422	11.613284770784775	2.8763888888888887
423	BGLOBIN	A	GTR4GAA	post	1423	9.752388791763792	2.7798611111111113
424	BGLOBIN	A	GTR4GAA	post	1424	9.394311868686867	2.704861111111111
425	BGLOBIN	A	GTR4GAA	post	1425	9.37517045454546	2.73125
426	BGLOBIN	A	GTR4GAA	post	1426	11.011386460761466	2.8590277777777775
427	BGLOBIN	A	GTR4GAA	post	1427	9.198811188811188	2.675
428	BGLOBIN	A	GTR4GAA	post	1428	9.420384129759128	2.7256944444444446
429	BGLOBIN	A	GTR4GAA	post	1429	8.319820804195807	2.589583333333333
430	BGLOBIN	A	GTR4GAA	post	1430	9.040694930069929	2.6812500000000004
431	BGLOBIN	A	GTR4GAA	post	1431	9.535149572649573	2.740277777777778
432	BGLOBIN	A	GTR4GAA	post	1432	9.589894619269616	2.7256944444444446
433	BGLOBIN	A	GTR4GAA	post	1433	8.73604458041958	2.6770833333333335
434	BGLOBIN	A	GTR4GAA	post	1434	10.452259129759135	2.8180555555555555
435	BGLOBIN	A	GTR4GAA	post	1435	12.908317307692311	2.964583333333333
436	BGLOBIN	A	GTR4GAA	post	1436	9.887548076923075	2.747916666666667
437	BGLOBIN	A	GTR4GAA	post	1437	9.562493686868686	2.667361111111111
438	BGLOBIN	A	GTR4GAA	post	1438	9.614754759129756	2.6993055555555556
439	BGLOBIN	A	GTR4GAA	post	1439	9.938366355866357	2.7652777777777775
440	BGLOBIN	A	GTR4GAA	post	1440	10.217527195027195	2.7652777777777775
441	BGLOBIN	A	GTR4GAA	post	1441	9.388764083139083	2.6840277777777777
442	BGLOBIN	A	GTR4GAA	post	1442	9.758169677544677	2.7534722222222223
443	BGLOBIN	A	GTR4GAA	post	1443	11.16479992229992	2.884722222222222
444	BGLOBIN	A	GTR4GAA	post	1444	10.230559440559443	2.808333333333333
445	BGLOBIN	A	GTR4GAA	post	1445	9.297373251748247	2.6937499999999996
446	BGLOBIN	A	GTR4GAA	post	1446	9.948653846153842	2.7625
447	BGLOBIN	A	GTR4GAA	post	1447	9.868966588966588	2.761111111111111
448	BGLOBIN	A	GTR4GAA	post	1448	11.093247377622381	2.85625
449	BGLOBIN	A	GTR4GAA	post	1449	8.735524475524475	2.6500000000000004
450	BGLOBIN	A	GTR4GAA	post	1450	9.400174339549343	2.7131944444444445
451	BGLOBIN	A	GTR4GAA	post	1451	8.469741647241648	2.6319444444444446
452	BGLOBIN	A	GTR4GAA	post	1452	9.5320236013986	2.747916666666667
453	BGLOBIN	A	GTR4GAA	post	1453	11.08580371017871	2.9118055555555555
454	BGLOBIN	A	GTR4GAA	post	1454	9.425046134421132	2.707638888888889
455	BGLOBIN	A	GTR4GAA	post	1455	9.806151903651898	2.776388888888889
456	BGLOBIN	A	GTR4GAA	post	1456	9.669228826728828	2.7513888888888887
457	BGLOBIN	A	GTR4GAA	post	1457	8.753255633255632	2.6555555555555554
458	BGLOBIN	A	GTR4GAA	post	1458	9.595450174825174	2.76875
459	BGLOBIN	A	GTR4GAA	post	1459	9.129928127428128	2.726388888888889
460	BGLOBIN	A	GTR4GAA	post	1460	9.196572940947938	2.7006944444444443
461	BGLOBIN	A	GTR4GAA	post	1461	8.523507672882676	2.607638888888889
462	BGLOBIN	A	GTR4GAA	post	1462	9.3611013986014	2.6875
463	BGLOBIN	A	GTR4GAA	post	1463	9.562260586635587	2.7659722222222225
464	BGLOBIN	A	GTR4GAA	post	1464	9.528158022533024	2.7173611111111113
465	BGLOBIN	A	GTR4GAA	post	1465	9.863074980574984	2.7513888888888887
466	BGLOBIN	A	GTR4GAA	post	1466	10.500038850038846	2.8194444444444446
467	BGLOBIN	A	GTR4GAA	post	1467	9.687637917637915	2.763888888888889
468	BGLOBIN	A	GTR4GAA	post	1468	9.91012771950272	2.740972222222222
469	BGLOBIN	A	GTR4GAA	post	1469	9.336153360528362	2.7118055555555554
470	BGLOBIN	A	GTR4GAA	post	1470	10.294807692307687	2.7874999999999996
471	BGLOBIN	A	GTR4GAA	post	1471	10.157987567987572	2.786111111111111
472	BGLOBIN	A	GTR4GAA	post	1472	10.361883741258744	2.76875
473	BGLOBIN	A	GTR4GAA	post	1473	9.485931915306912	2.7034722222222225
474	BGLOBIN	A	GTR4GAA	post	1474	9.69668803418804	2.7652777777777775
475	BGLOBIN	A	GTR4GAA	post	1475	10.150202020202014	2.802777777777778
476	BGLOBIN	A	GTR4GAA	post	1476	9.483635878010885	2.7381944444444444
477	BGLOBIN	A	GTR4GAA	post	1477	9.774090423465424	2.7743055555555554
478	BGLOBIN	A	GTR4GAA	post	1478	10.859898989898996	2.8194444444444446
479	BGLOBIN	A	GTR4GAA	post	1479	11.214576048951049	2.8604166666666666
480	BGLOBIN	A	GTR4GAA	post	1480	10.090430749805751	2.757638888888889
481	BGLOBIN	A	GTR4GAA	post	1481	11.310114607614606	2.8902777777777775
482	BGLOBIN	A	GTR4GAA	post	1482	10.60773844211344	2.817361111111111
483	BGLOBIN	A	GTR4GAA	post	1483	9.859789724164726	2.7881944444444446
484	BGLOBIN	A	GTR4GAA	post	1484	10.072377622377621	2.808333333333333
485	BGLOBIN	A	GTR4GAA	post	1485	10.494929584304577	2.8256944444444443
486	BGLOBIN	A	GTR4GAA	post	1486	11.057294094794095	2.8569444444444443
487	BGLOBIN	A	GTR4GAA	post	1487	12.073216783216784	2.941666666666667
488	BGLOBIN	A	GTR4GAA	post	1488	11.603535353535353	2.8805555555555555
489	BGLOBIN	A	GTR4GAA	post	1489	12.615185994560996	2.942361111111111
490	BGLOBIN	A	GTR4GAA	post	1490	12.026499125874125	2.8979166666666667
491	BGLOBIN	A	GTR4GAA	post	1491	12.623997183372186	2.942361111111111
492	BGLOBIN	A	GTR4GAA	post	1492	10.481293220668228	2.7756944444444445
493	BGLOBIN	A	GTR4GAA	post	1493	10.119743104118104	2.7659722222222225
494	BGLOBIN	A	GTR4GAA	post	1494	9.174719794094795	2.7131944444444445
495	BGLOBIN	A	GTR4GAA	post	1495	10.419785839160838	2.8354166666666667
496	BGLOBIN	A	GTR4GAA	post	1496	9.645185994560995	2.729861111111111
497	BGLOBIN	A	GTR4GAA	post	1497	9.780650738150738	2.7569444444444446
498	BGLOBIN	A	GTR4GAA	post	1498	9.957470376845384	2.790972222222222
499	BGLOBIN	A	GTR4GAA	post	1499	8.88724893162393	2.645138888888889
500	BGLOBIN	A	GTR4GAA	post	1500	8.77559003496504	2.6645833333333333
501	BGLOBIN	A	GTR4GAA	post	1501	9.661281565656566	2.7784722222222222
502	BGLOBIN	A	GTR4GAA	post	1502	9.064510003885005	2.6868055555555554
503	BGLOBIN	A	GTR4GAA	post	1503	10.55268793706294	2.84375
504	BGLOBIN	A	GTR4GAA	post	1504	10.405266122766124	2.8180555555555555
505	BGLOBIN	A	GTR4GAA	post	1505	9.326262626262626	2.6944444444444446
506	BGLOBIN	A	GTR4GAA	post	1506	10.092165889665885	2.798611111111111
507	BGLOBIN	A	GTR4GAA	post	1507	10.4549256993007	2.777083333333333
508	BGLOBIN	A	GTR4GAA	post	1508	9.938319735819736	2.7513888888888887
509	BGLOBIN	A	GTR4GAA	post	1509	11.0582905982906	2.8944444444444444
510	BGLOBIN	A	GTR4GAA	post	1510	10.961996891996888	2.8694444444444445
511	BGLOBIN	A	GTR4GAA	post	1511	10.076827894327893	2.7847222222222223
512	BGLOBIN	A	GTR4GAA	post	1512	10.667338286713285	2.83125
513	BGLOBIN	A	GTR4GAA	post	1513	9.415196192696191	2.7319444444444443
514	BGLOBIN	A	GTR4GAA	post	1514	9.181149475524476	2.6937499999999996
515	BGLOBIN	A	GTR4GAA	post	1515	10.517713675213674	2.7930555555555556
516	BGLOBIN	A	GTR4GAA	post	1516	11.197470376845375	2.853472222222222
517	BGLOBIN	A	GTR4GAA	post	1517	10.653548951048954	2.870833333333333
518	BGLOBIN	A	GTR4GAA	post	1518	10.941584595959595	2.817361111111111
519	BGLOBIN	A	GTR4GAA	post	1519	11.905703185703187	2.9444444444444446
520	BGLOBIN	A	GTR4GAA	post	1520	10.000139860139859	2.8
521	BGLOBIN	A	GTR4GAA	post	1521	10.798950563325564	2.7881944444444446
522	BGLOBIN	A	GTR4GAA	post	1522	10.630523989898993	2.8243055555555556
523	BGLOBIN	A	GTR4GAA	post	1523	11.316923076923072	2.9000000000000004
524	BGLOBIN	A	GTR4GAA	post	1524	9.843806818181815	2.7729166666666667
525	BGLOBIN	A	GTR4GAA	post	1525	11.490332167832163	2.9124999999999996
526	BGLOBIN	A	GTR4GAA	post	1526	10.72082167832168	2.870833333333333
527	BGLOBIN	A	GTR4GAA	post	1527	10.437062937062935	2.8166666666666664
528	BGLOBIN	A	GTR4GAA	post	1528	9.43850038850039	2.7305555555555556
529	BGLOBIN	A	GTR4GAA	post	1529	9.31423028360528	2.7256944444444446
530	BGLOBIN	A	GTR4GAA	post	1530	9.10347270784771	2.667361111111111
531	BGLOBIN	A	GTR4GAA	post	1531	9.625605574980579	2.707638888888889
532	BGLOBIN	A	GTR4GAA	post	1532	9.802779720279725	2.745833333333333
533	BGLOBIN	A	GTR4GAA	post	1533	10.33048902486402	2.8506944444444446
534	BGLOBIN	A	GTR4GAA	post	1534	9.815522533022532	2.7513888888888887
535	BGLOBIN	A	GTR4GAA	post	1535	10.079541083916089	2.777083333333333
536	BGLOBIN	A	GTR4GAA	post	1536	9.84321678321678	2.783333333333333
537	BGLOBIN	A	GTR4GAA	post	1537	10.713750971250976	2.8152777777777778
538	BGLOBIN	A	GTR4GAA	post	1538	12.01069881507381	2.8881944444444443
539	BGLOBIN	A	GTR4GAA	post	1539	9.80894667832168	2.714583333333333
540	BGLOBIN	A	GTR4GAA	post	1540	9.485764860139856	2.6937499999999996
541	BGLOBIN	A	GTR4GAA	post	1541	12.153844211344214	2.926388888888889
542	BGLOBIN	A	GTR4GAA	post	1542	11.47859945609946	2.8763888888888887
543	BGLOBIN	A	GTR4GAA	post	1543	10.42256216006216	2.7347222222222225
544	BGLOBIN	A	GTR4GAA	post	1544	9.0199222999223	2.6722222222222225
545	BGLOBIN	A	GTR4GAA	post	1545	9.911025155400155	2.732638888888889
546	BGLOBIN	A	GTR4GAA	post	1546	9.654248251748253	2.7375
547	BGLOBIN	A	GTR4GAA	post	1547	9.6005201048951	2.689583333333333
548	BGLOBIN	A	GTR4GAA	post	1548	10.895755633255632	2.8819444444444446
549	BGLOBIN	A	GTR4GAA	post	1549	9.72019764957265	2.740972222222222
550	BGLOBIN	A	GTR4GAA	post	1550	10.186009615384615	2.747916666666667
551	BGLOBIN	A	GTR4GAA	post	1551	9.710891608391611	2.745833333333333
552	BGLOBIN	A	GTR4GAA	post	1552	10.000481740481742	2.772222222222222
553	BGLOBIN	A	GTR4GAA	post	1553	9.668360528360525	2.7555555555555555
554	BGLOBIN	A	GTR4GAA	post	1554	9.028290598290603	2.6805555555555554
555	BGLOBIN	A	GTR4GAA	post	1555	8.934288558663555	2.634027777777778
556	BGLOBIN	A	GTR4GAA	post	1556	9.524626554001557	2.729861111111111
557	BGLOBIN	A	GTR4GAA	post	1557	9.676491355866359	2.6534722222222222
558	BGLOBIN	A	GTR4GAA	post	1558	8.916765734265734	2.6458333333333335
559	BGLOBIN	A	GTR4GAA	post	1559	8.834708139083139	2.665972222222222
560	BGLOBIN	A	GTR4GAA	post	1560	10.654471153846151	2.8354166666666667
561	BGLOBIN	A	GTR4GAA	post	1561	9.671031468531465	2.7125000000000004
562	BGLOBIN	A	GTR4GAA	post	1562	9.06825174825175	2.75
563	BGLOBIN	A	GTR4GAA	post	1563	9.70076486013986	2.7645833333333334
564	BGLOBIN	A	GTR4GAA	post	1564	10.005337509712508	2.7784722222222222
565	BGLOBIN	A	GTR4GAA	post	1565	9.268204642579635	2.7159722222222222
566	BGLOBIN	A	GTR4GAA	post	1566	8.562160062160064	2.6222222222222222
567	BGLOBIN	A	GTR4GAA	post	1567	9.816910936285934	2.7534722222222223
568	BGLOBIN	A	GTR4GAA	post	1568	9.277478146853147	2.6812500000000004
569	BGLOBIN	A	GTR4GAA	post	1569	9.973666958041955	2.722916666666667
570	BGLOBIN	A	GTR4GAA	post	1570	9.324193861693862	2.701388888888889
571	BGLOBIN	A	GTR4GAA	post	1571	9.600961538461545	2.7291666666666665
572	BGLOBIN	A	GTR4GAA	post	1572	9.547637917637918	2.736111111111111
573	BGLOBIN	A	GTR4GAA	post	1573	8.624877622377626	2.6375
574	BGLOBIN	A	GTR4GAA	post	1574	8.569929584304589	2.6506944444444445
575	BGLOBIN	A	GTR4GAA	post	1575	10.450555069930072	2.7979166666666666
576	BGLOBIN	A	GTR4GAA	post	1576	10.799719794094788	2.8506944444444446
577	BGLOBIN	A	GTR4GAA	post	1577	10.983479020979022	2.870833333333333
578	BGLOBIN	A	GTR4GAA	post	1578	9.906514665889667	2.742361111111111
579	BGLOBIN	A	GTR4GAA	post	1579	9.032259129759128	2.6680555555555556
580	BGLOBIN	A	GTR4GAA	post	1580	10.418076437451433	2.8243055555555556
581	BGLOBIN	A	GTR4GAA	post	1581	10.47736548174048	2.834027777777778
582	BGLOBIN	A	GTR4GAA	post	1582	10.175988733488733	2.7652777777777775
583	BGLOBIN	A	GTR4GAA	post	1583	9.777902097902098	2.75
584	BGLOBIN	A	GTR4GAA	post	1584	11.26967317404818	2.9215277777777775
585	BGLOBIN	A	GTR4GAA	post	1585	13.083177447552455	3.089583333333333
586	BGLOBIN	A	GTR4GAA	post	1586	12.698530982905988	3.0118055555555556
587	BGLOBIN	A	GTR4GAA	post	1587	10.065592463092457	2.7486111111111113
588	BGLOBIN	A	GTR4GAA	post	1588	9.5459829059829	2.7055555555555557
589	BGLOBIN	A	GTR4GAA	post	1589	9.891701146076148	2.7715277777777776
590	BGLOBIN	A	GTR4GAA	post	1590	10.797527195027198	2.834722222222222
591	BGLOBIN	A	GTR4GAA	post	1591	10.1465845959596	2.729861111111111
592	BGLOBIN	A	GTR4GAA	post	1592	9.287987567987567	2.638888888888889
593	BGLOBIN	A	GTR4GAA	post	1593	10.62846105283605	2.8118055555555554
594	BGLOBIN	A	GTR4GAA	post	1594	10.622515540015534	2.823611111111111
595	BGLOBIN	A	GTR4GAA	post	1595	10.265120435120439	2.786111111111111
596	BGLOBIN	A	GTR4GAA	post	1596	9.369680944055943	2.7270833333333333
597	BGLOBIN	A	GTR4GAA	post	1597	10.09600621600622	2.7777777777777777
598	BGLOBIN	A	GTR4GAA	post	1598	11.643247377622377	2.939583333333333
599	BGLOBIN	A	GTR4GAA	post	1599	10.053636363636366	2.8583333333333334
600	BGLOBIN	A	GTR4GAA	post	1600	9.69061188811189	2.779166666666667
601	BGLOBIN	A	GTR4GAA	post	1601	9.042515540015538	2.698611111111111
602	BGLOBIN	A	GTR4GAA	post	1602	10.1718176961927	2.7993055555555557
603	BGLOBIN	A	GTR4GAA	post	1603	9.086542346542346	2.6944444444444446
604	BGLOBIN	A	GTR4GAA	post	1604	9.06478583916084	2.7270833333333333
605	BGLOBIN	A	GTR4GAA	post	1605	8.94784333721834	2.692361111111111
606	BGLOBIN	A	GTR4GAA	post	1606	8.802136752136752	2.6305555555555555
607	BGLOBIN	A	GTR4GAA	post	1607	8.799428418803425	2.6909722222222223
608	BGLOBIN	A	GTR4GAA	post	1608	9.435477369852368	2.728472222222222
609	BGLOBIN	A	GTR4GAA	post	1609	9.25952165889666	2.757638888888889
610	BGLOBIN	A	GTR4GAA	post	1610	8.735799825174823	2.685416666666667
611	BGLOBIN	A	GTR4GAA	post	1611	9.360069444444443	2.6881944444444446
612	BGLOBIN	A	GTR4GAA	post	1612	11.22259858197358	2.879861111111111
613	BGLOBIN	A	GTR4GAA	post	1613	9.663775738150743	2.7618055555555556
614	BGLOBIN	A	GTR4GAA	post	1614	9.843867521367523	2.8069444444444445
615	BGLOBIN	A	GTR4GAA	post	1615	10.680044677544677	2.8402777777777777
616	BGLOBIN	A	GTR4GAA	post	1616	9.713069153069151	2.772222222222222
617	BGLOBIN	A	GTR4GAA	post	1617	9.97045843045843	2.8055555555555554
618	BGLOBIN	A	GTR4GAA	post	1618	10.800757090132086	2.8409722222222222
619	BGLOBIN	A	GTR4GAA	post	1619	10.251254370629372	2.7979166666666666
620	BGLOBIN	A	GTR4GAA	post	1620	11.319366258741258	2.902083333333333
621	BGLOBIN	A	GTR4GAA	post	1621	9.060277777777776	2.701388888888889
622	BGLOBIN	A	GTR4GAA	post	1622	9.595594405594404	2.7750000000000004
623	BGLOBIN	A	GTR4GAA	post	1623	10.475912975912971	2.8444444444444446
624	BGLOBIN	A	GTR4GAA	post	1624	9.813088092463092	2.7798611111111113
625	BGLOBIN	A	GTR4GAA	post	1625	9.99940947940948	2.7555555555555555
626	BGLOBIN	A	GTR4GAA	post	1626	10.582388791763783	2.792361111111111
627	BGLOBIN	A	GTR4GAA	post	1627	10.514451728826733	2.795138888888889
628	BGLOBIN	A	GTR4GAA	post	1628	10.150523989898987	2.7756944444444445
629	BGLOBIN	A	GTR4GAA	post	1629	9.401289335664334	2.7270833333333333
630	BGLOBIN	A	GTR4GAA	post	1630	9.797200854700858	2.773611111111111
631	BGLOBIN	A	GTR4GAA	post	1631	8.906338383838387	2.665277777777778
632	BGLOBIN	A	GTR4GAA	post	1632	9.737760295260294	2.726388888888889
633	BGLOBIN	A	GTR4GAA	post	1633	9.226975524475526	2.6958333333333333
634	BGLOBIN	A	GTR4GAA	post	1634	9.75764520202021	2.7340277777777775
635	BGLOBIN	A	GTR4GAA	post	1635	9.186923076923078	2.7083333333333335
636	BGLOBIN	A	GTR4GAA	post	1636	9.584467754467754	2.7972222222222225
637	BGLOBIN	A	GTR4GAA	post	1637	10.9552836052836	2.8194444444444446
638	BGLOBIN	A	GTR4GAA	post	1638	10.30671134421134	2.798611111111111
639	BGLOBIN	A	GTR4GAA	post	1639	9.85376408313908	2.759027777777778
640	BGLOBIN	A	GTR4GAA	post	1640	9.790185994560996	2.732638888888889
641	BGLOBIN	A	GTR4GAA	post	1641	9.013647533022539	2.679861111111111
642	BGLOBIN	A	GTR4GAA	post	1642	9.339702797202797	2.7375
643	BGLOBIN	A	GTR4GAA	post	1643	9.368402777777773	2.707638888888889
644	BGLOBIN	A	GTR4GAA	post	1644	10.611444735819742	2.8451388888888887
645	BGLOBIN	A	GTR4GAA	post	1645	9.555500679875683	2.745138888888889
646	BGLOBIN	A	GTR4GAA	post	1646	8.58618444055944	2.627083333333333
647	BGLOBIN	A	GTR4GAA	post	1647	9.799298756798757	2.726388888888889
648	BGLOBIN	A	GTR4GAA	post	1648	9.69754467754467	2.7777777777777777
649	BGLOBIN	A	GTR4GAA	post	1649	9.715838675213677	2.7243055555555555
650	BGLOBIN	A	GTR4GAA	post	1650	10.418484362859363	2.7659722222222225
651	BGLOBIN	A	GTR4GAA	post	1651	11.148461538461536	2.8583333333333334
652	BGLOBIN	A	GTR4GAA	post	1652	9.888449397824399	2.803472222222222
653	BGLOBIN	A	GTR4GAA	post	1653	8.780011169386169	2.729861111111111
654	BGLOBIN	A	GTR4GAA	post	1654	9.386198523698521	2.6847222222222222
655	BGLOBIN	A	GTR4GAA	post	1655	9.184125874125879	2.7083333333333335
656	BGLOBIN	A	GTR4GAA	post	1656	9.418686868686873	2.663888888888889
657	BGLOBIN	A	GTR4GAA	post	1657	8.963986013986013	2.675
658	BGLOBIN	A	GTR4GAA	post	1658	9.17712072649573	2.696527777777778
659	BGLOBIN	A	GTR4GAA	post	1659	8.804211344211343	2.661111111111111
660	BGLOBIN	A	GTR4GAA	post	1660	8.535709013209017	2.584722222222222
661	BGLOBIN	A	GTR4GAA	post	1661	9.307932692307695	2.7104166666666667
662	BGLOBIN	A	GTR4GAA	post	1662	8.94270202020202	2.7347222222222225
663	BGLOBIN	A	GTR4GAA	post	1663	9.331118395493395	2.7006944444444443
664	BGLOBIN	A	GTR4GAA	post	1664	10.095380244755239	2.747916666666667
665	BGLOBIN	A	GTR4GAA	post	1665	10.414614898989903	2.8118055555555554
666	BGLOBIN	A	GTR4GAA	post	1666	10.095745435120437	2.757638888888889
667	BGLOBIN	A	GTR4GAA	post	1667	10.791748251748242	2.8333333333333335
668	BGLOBIN	A	GTR4GAA	post	1668	9.352119269619273	2.6680555555555556
669	BGLOBIN	A	GTR4GAA	post	1669	9.527674825174829	2.654166666666667
670	BGLOBIN	A	GTR4GAA	post	1670	9.580267579642575	2.7465277777777777
671	BGLOBIN	A	GTR4GAA	post	1671	8.86111111111111	2.6527777777777777
672	BGLOBIN	A	GTR4GAA	post	1672	9.990582264957268	2.728472222222222
673	BGLOBIN	A	GTR4GAA	post	1673	9.840402097902095	2.745833333333333
674	BGLOBIN	A	GTR4GAA	post	1674	10.792259129759127	2.8319444444444444
675	BGLOBIN	A	GTR4GAA	post	1675	10.71791763791763	2.838888888888889
676	BGLOBIN	A	GTR4GAA	post	1676	11.731740481740482	2.897222222222222
677	BGLOBIN	A	GTR4GAA	post	1677	10.920675505050507	2.832638888888889
678	BGLOBIN	A	GTR4GAA	post	1678	11.405126262626261	2.8930555555555557
679	BGLOBIN	A	GTR4GAA	post	1679	10.911118881118881	2.8583333333333334
680	BGLOBIN	A	GTR4GAA	post	1680	11.887062451437446	2.8993055555555554
681	BGLOBIN	A	GTR4GAA	post	1681	11.978426087801088	2.9256944444444444
682	BGLOBIN	A	GTR4GAA	post	1682	10.486409770784771	2.767361111111111
683	BGLOBIN	A	GTR4GAA	post	1683	11.146701146076149	2.853472222222222
684	BGLOBIN	A	GTR4GAA	post	1684	10.702220279720276	2.8375000000000004
685	BGLOBIN	A	GTR4GAA	post	1685	9.742639860139855	2.754166666666667
686	BGLOBIN	A	GTR4GAA	post	1686	10.666664724164727	2.8430555555555554
687	BGLOBIN	A	GTR4GAA	post	1687	11.095232614607612	2.853472222222222
688	BGLOBIN	A	GTR4GAA	post	1688	10.206975524475522	2.779166666666667
689	BGLOBIN	A	GTR4GAA	post	1689	9.407050796425798	2.696527777777778
690	BGLOBIN	A	GTR4GAA	post	1690	9.410738150738151	2.7055555555555557
691	BGLOBIN	A	GTR4GAA	post	1691	10.384276903651907	2.757638888888889
692	BGLOBIN	A	GTR4GAA	post	1692	10.226664724164722	2.7680555555555557
693	BGLOBIN	A	GTR4GAA	post	1693	9.725685703185702	2.7180555555555554
694	BGLOBIN	A	GTR4GAA	post	1694	10.32670891608392	2.78125
695	BGLOBIN	A	GTR4GAA	post	1695	11.536899281274286	2.8451388888888887
696	BGLOBIN	A	GTR4GAA	post	1696	11.088653846153846	2.845833333333333
697	BGLOBIN	A	GTR4GAA	post	1697	11.861569055944056	2.8604166666666666
698	BGLOBIN	A	GTR4GAA	post	1698	14.202486402486397	3.1055555555555556
699	BGLOBIN	A	GTR4GAA	post	1699	9.575196192696191	2.7319444444444443
700	BGLOBIN	A	GTR4GAA	post	1700	10.458903943278946	2.834027777777778
701	BGLOBIN	A	GTR4GAA	post	1701	9.019440073815076	2.6506944444444445
702	BGLOBIN	A	GTR4GAA	post	1702	8.668565947940943	2.6868055555555554
703	BGLOBIN	A	GTR4GAA	post	1703	10.16603681041181	2.7784722222222222
704	BGLOBIN	A	GTR4GAA	post	1704	9.12940122377622	2.660416666666667
705	BGLOBIN	A	GTR4GAA	post	1705	10.585244269619265	2.7993055555555557
706	BGLOBIN	A	GTR4GAA	post	1706	10.904125388500393	2.7881944444444446
707	BGLOBIN	A	GTR4GAA	post	1707	10.112443181818184	2.752083333333333
708	BGLOBIN	A	GTR4GAA	post	1708	10.476355866355867	2.7972222222222225
709	BGLOBIN	A	GTR4GAA	post	1709	10.577820027195028	2.8409722222222222
710	BGLOBIN	A	GTR4GAA	post	1710	11.69250534188035	2.9034722222222222
711	BGLOBIN	A	GTR4GAA	post	1711	10.246835664335665	2.779166666666667
712	BGLOBIN	A	GTR4GAA	post	1712	8.908204642579642	2.6715277777777775
713	BGLOBIN	A	GTR4GAA	post	1713	9.84164287101787	2.7743055555555554
714	BGLOBIN	A	GTR4GAA	post	1714	9.786923076923074	2.7583333333333333
715	BGLOBIN	A	GTR4GAA	post	1715	9.589156468531465	2.76875
716	BGLOBIN	A	GTR4GAA	post	1716	10.61996066433566	2.7895833333333333
717	BGLOBIN	A	GTR4GAA	post	1717	10.194148698523692	2.821527777777778
718	BGLOBIN	A	GTR4GAA	post	1718	10.8393006993007	2.966666666666667
719	BGLOBIN	A	GTR4GAA	post	1719	10.01146416083916	2.8187499999999996
720	BGLOBIN	A	GTR4GAA	post	1720	9.532878302253312	2.729861111111111
721	BGLOBIN	A	GTR4GAA	post	1721	9.30792346542346	2.7069444444444444
722	BGLOBIN	A	GTR4GAA	post	1722	10.104113733488727	2.759027777777778
723	BGLOBIN	A	GTR4GAA	post	1723	8.837342171717172	2.6381944444444443
724	BGLOBIN	A	GTR4GAA	post	1724	10.000081099456104	2.742361111111111
725	BGLOBIN	A	GTR4GAA	post	1725	9.140650738150743	2.6319444444444446
726	BGLOBIN	A	GTR4GAA	post	1726	10.330698815073813	2.8118055555555554
727	BGLOBIN	A	GTR4GAA	post	1727	10.258616938616939	2.761111111111111
728	BGLOBIN	A	GTR4GAA	post	1728	9.521520979020977	2.7291666666666665
729	BGLOBIN	A	GTR4GAA	post	1729	11.205535644910642	2.879861111111111
730	BGLOBIN	A	GTR4GAA	post	1730	10.55621600621601	2.802777777777778
731	BGLOBIN	A	GTR4GAA	post	1731	9.57125874125874	2.7416666666666667
732	BGLOBIN	A	GTR4GAA	post	1732	10.221887626262626	2.7881944444444446
733	BGLOBIN	A	GTR4GAA	post	1733	8.597806915306915	2.615277777777778
734	BGLOBIN	A	GTR4GAA	post	1734	9.174051573426572	2.7020833333333334
735	BGLOBIN	A	GTR4GAA	post	1735	8.75582702020202	2.6215277777777777
736	BGLOBIN	A	GTR4GAA	post	1736	10.074825174825175	2.783333333333333
737	BGLOBIN	A	GTR4GAA	post	1737	9.891712801087804	2.7368055555555557
738	BGLOBIN	A	GTR4GAA	post	1738	10.771280108780106	2.8180555555555555
739	BGLOBIN	A	GTR4GAA	post	1739	10.077652972027975	2.7395833333333335
740	BGLOBIN	A	GTR4GAA	post	1740	10.508156565656565	2.8097222222222222
741	BGLOBIN	A	GTR4GAA	post	1741	9.898461538461538	2.7
742	BGLOBIN	A	GTR4GAA	post	1742	9.796905594405594	2.7708333333333335
743	BGLOBIN	A	GTR4GAA	post	1743	10.108063325563327	2.7930555555555556
744	BGLOBIN	A	GTR4GAA	post	1744	10.158601398601393	2.7666666666666666
745	BGLOBIN	A	GTR4GAA	post	1745	9.348461052836052	2.7006944444444443
746	BGLOBIN	A	GTR4GAA	post	1746	9.227583041958047	2.70625
747	BGLOBIN	A	GTR4GAA	post	1747	9.088041958041964	2.675
748	BGLOBIN	A	GTR4GAA	post	1748	9.22637480574981	2.742361111111111
749	BGLOBIN	A	GTR4GAA	post	1749	9.734335664335669	2.7249999999999996
750	BGLOBIN	A	GTR4GAA	post	1750	10.825778943278943	2.884722222222222
751	BGLOBIN	A	GTR4GAA	post	1751	10.487270784770784	2.773611111111111
752	BGLOBIN	A	GTR4GAA	post	1752	10.019191433566428	2.70625
753	BGLOBIN	A	GTR4GAA	post	1753	10.042002719502717	2.709722222222222
754	BGLOBIN	A	GTR4GAA	post	1754	10.807967657342658	2.78125
755	BGLOBIN	A	GTR4GAA	post	1755	11.863168220668221	2.9319444444444445
756	BGLOBIN	A	GTR4GAA	post	1756	9.785442404817402	2.6909722222222223
757	BGLOBIN	A	GTR4GAA	post	1757	9.996891996891998	2.8055555555555554
758	BGLOBIN	A	GTR4GAA	post	1758	10.117827797202795	2.76875
759	BGLOBIN	A	GTR4GAA	post	1759	11.699549339549348	2.8944444444444444
760	BGLOBIN	A	GTR4GAA	post	1760	10.603414432789434	2.803472222222222
761	BGLOBIN	A	GTR4GAA	post	1761	9.727190656565655	2.7034722222222225
762	BGLOBIN	A	GTR4GAA	post	1762	10.933255633255634	2.8055555555555554
763	BGLOBIN	A	GTR4GAA	post	1763	11.481950271950268	2.852777777777778
764	BGLOBIN	A	GTR4GAA	post	1764	10.341479700854697	2.7798611111111113
765	BGLOBIN	A	GTR4GAA	post	1765	10.506106740481737	2.8284722222222225
766	BGLOBIN	A	GTR4GAA	post	1766	10.057843337218344	2.742361111111111
767	BGLOBIN	A	GTR4GAA	post	1767	10.179665889665884	2.786111111111111
768	BGLOBIN	A	GTR4GAA	post	1768	9.936781274281273	2.823611111111111
769	BGLOBIN	A	GTR4GAA	post	1769	9.60111693861694	2.723611111111111
770	BGLOBIN	A	GTR4GAA	post	1770	10.92097902097902	2.8499999999999996
771	BGLOBIN	A	GTR4GAA	post	1771	12.42363587801088	2.9506944444444443
772	BGLOBIN	A	GTR4GAA	post	1772	11.0052602952603	2.863888888888889
773	BGLOBIN	A	GTR4GAA	post	1773	10.798309537684531	2.8090277777777777
774	BGLOBIN	A	GTR4GAA	post	1774	11.376565656565663	2.8722222222222222
775	BGLOBIN	A	GTR4GAA	post	1775	9.593682498057499	2.767361111111111
776	BGLOBIN	A	GTR4GAA	post	1776	10.917163461538456	2.8895833333333334
777	BGLOBIN	A	GTR4GAA	post	1777	9.624288558663556	2.771527777777778
778	BGLOBIN	A	GTR4GAA	post	1778	9.220104409479406	2.6631944444444446
779	BGLOBIN	A	GTR4GAA	post	1779	10.358251748251748	2.841666666666667
780	BGLOBIN	A	GTR4GAA	post	1780	10.051883741258743	2.747916666666667
781	BGLOBIN	A	GTR4GAA	post	1781	9.57788995726496	2.709027777777778
782	BGLOBIN	A	GTR4GAA	post	1782	10.291537975912973	2.8118055555555554
783	BGLOBIN	A	GTR4GAA	post	1783	9.551328185703182	2.7618055555555556
784	BGLOBIN	A	GTR4GAA	post	1784	9.579510489510492	2.7583333333333333
785	BGLOBIN	A	GTR4GAA	post	1785	9.80629176379176	2.798611111111111
786	BGLOBIN	A	GTR4GAA	post	1786	11.238459595959595	2.8763888888888887
787	BGLOBIN	A	GTR4GAA	post	1787	12.376596250971245	2.9715277777777778
788	BGLOBIN	A	GTR4GAA	post	1788	12.705576923076924	3.0125
789	BGLOBIN	A	GTR4GAA	post	1789	12.804607614607608	2.9972222222222222
790	BGLOBIN	A	GTR4GAA	post	1790	11.262189199689196	2.8930555555555557
791	BGLOBIN	A	GTR4GAA	post	1791	13.603701923076924	3.064583333333333
792	BGLOBIN	A	GTR4GAA	post	1792	13.638857323232324	3.067361111111111
793	BGLOBIN	A	GTR4GAA	post	1793	12.788142482517484	3.0062499999999996
794	BGLOBIN	A	GTR4GAA	post	1794	12.894615384615385	3.058333333333333
795	BGLOBIN	A	GTR4GAA	post	1795	12.243978243978239	2.9722222222222223
796	BGLOBIN	A	GTR4GAA	post	1796	11.501817696192695	2.8506944444444446
797	BGLOBIN	A	GTR4GAA	post	1797	11.879801379176373	2.879861111111111
798	BGLOBIN	A	GTR4GAA	post	1798	11.284405594405593	2.8916666666666666
799	BGLOBIN	A	GTR4GAA	post	1799	11.351577311577314	2.9055555555555554
800	BGLOBIN	A	GTR4GAA	post	1800	10.913367812742814	2.820138888888889
801	BGLOBIN	A	GTR4GAA	post	1801	10.725625	2.8395833333333336
802	BGLOBIN	A	GTR4GAA	post	1802	9.730659965034961	2.7604166666666665
803	BGLOBIN	A	GTR4GAA	post	1803	9.376759421134423	2.667361111111111
804	BGLOBIN	A	GTR4GAA	post	1804	11.043255633255637	2.8805555555555555
805	BGLOBIN	A	GTR4GAA	post	1805	10.09286276223776	2.78125
806	BGLOBIN	A	GTR4GAA	post	1806	10.530593919968918	2.8631944444444444
807	BGLOBIN	A	GTR4GAA	post	1807	9.68677544677545	2.7777777777777777
808	BGLOBIN	A	GTR4GAA	post	1808	9.93466783216783	2.7874999999999996
809	BGLOBIN	A	GTR4GAA	post	1809	10.653134712509711	2.9090277777777778
810	BGLOBIN	A	GTR4GAA	post	1810	10.646944444444447	2.8569444444444443
811	BGLOBIN	A	GTR4GAA	post	1811	9.490659965034967	2.7395833333333335
812	BGLOBIN	A	GTR4GAA	post	1812	9.641689491064493	2.692361111111111
813	BGLOBIN	A	GTR4GAA	post	1813	11.372538850038847	2.8180555555555555
814	BGLOBIN	A	GTR4GAA	post	1814	9.434731449106456	2.7173611111111113
815	BGLOBIN	A	GTR4GAA	post	1815	9.620240384615386	2.722916666666667
816	BGLOBIN	A	GTR4GAA	post	1816	9.522652972027974	2.78125
817	BGLOBIN	A	GTR4GAA	post	1817	9.273968531468533	2.6958333333333333
818	BGLOBIN	A	GTR4GAA	post	1818	8.63721833721833	2.611111111111111
819	BGLOBIN	A	GTR4GAA	post	1819	8.930021367521363	2.6319444444444446
820	BGLOBIN	A	GTR4GAA	post	1820	8.682797202797206	2.6166666666666667
821	BGLOBIN	A	GTR4GAA	post	1821	9.099298756798758	2.723611111111111
822	BGLOBIN	A	GTR4GAA	post	1822	9.077283896658898	2.7201388888888887
823	BGLOBIN	A	GTR4GAA	post	1823	9.256501554001552	2.701388888888889
824	BGLOBIN	A	GTR4GAA	post	1824	10.252975912975907	2.7944444444444443
825	BGLOBIN	A	GTR4GAA	post	1825	9.79514957264957	2.759722222222222
826	BGLOBIN	A	GTR4GAA	post	1826	10.793736888111887	2.8270833333333334
827	BGLOBIN	A	GTR4GAA	post	1827	11.10046425796426	2.884722222222222
828	BGLOBIN	A	GTR4GAA	post	1828	11.502295551670551	2.9034722222222222
829	BGLOBIN	A	GTR4GAA	post	1829	10.716486013986007	2.8625
830	BGLOBIN	A	GTR4GAA	post	1830	11.837621891996898	2.9493055555555556
831	BGLOBIN	A	GTR4GAA	post	1831	11.851746309246314	2.923611111111111
832	BGLOBIN	A	GTR4GAA	post	1832	10.966009615384616	2.847916666666667
833	BGLOBIN	A	GTR4GAA	post	1833	12.507847707847706	2.9388888888888887
834	BGLOBIN	A	GTR4GAA	post	1834	12.275895493395497	2.9430555555555555
835	BGLOBIN	A	GTR4GAA	post	1835	10.640729895104895	2.79375
836	BGLOBIN	A	GTR4GAA	post	1836	10.574894619269626	2.7881944444444446
837	BGLOBIN	A	GTR4GAA	post	1837	10.631339840714842	2.792361111111111
838	BGLOBIN	A	GTR4GAA	post	1838	11.681491355866347	2.884027777777778
839	BGLOBIN	A	GTR4GAA	post	1839	11.16625437062937	2.8229166666666665
840	BGLOBIN	A	GTR4GAA	post	1840	10.749230283605282	2.8506944444444446
841	BGLOBIN	A	GTR4GAA	post	1841	9.861701146076152	2.7659722222222225
842	BGLOBIN	A	GTR4GAA	post	1842	9.57813325563326	2.7319444444444443
843	BGLOBIN	A	GTR4GAA	post	1843	10.303002622377617	2.76875
844	BGLOBIN	A	GTR4GAA	post	1844	11.938080808080809	2.9194444444444443
845	BGLOBIN	A	GTR4GAA	post	1845	12.25395056332556	2.9631944444444445
846	BGLOBIN	A	GTR4GAA	post	1846	10.872797202797198	2.8583333333333334
847	BGLOBIN	A	GTR4GAA	post	1847	9.984987859362855	2.771527777777778
848	BGLOBIN	A	GTR4GAA	post	1848	9.620162684537686	2.7215277777777778
849	BGLOBIN	A	GTR4GAA	post	1849	9.799842657342666	2.6708333333333334
850	BGLOBIN	A	GTR4GAA	post	1850	9.71547008547008	2.736111111111111
851	BGLOBIN	A	GTR4GAA	post	1851	11.134463383838382	2.9034722222222222
852	BGLOBIN	A	GTR4GAA	post	1852	10.08722562160062	2.771527777777778
853	BGLOBIN	A	GTR4GAA	post	1853	10.327255244755245	2.7708333333333335
854	BGLOBIN	A	GTR4GAA	post	1854	8.749720279720275	2.675
855	BGLOBIN	A	GTR4GAA	post	1855	10.449253593628596	2.7784722222222222
856	BGLOBIN	A	GTR4GAA	post	1856	11.110135489510489	2.8687500000000004
857	BGLOBIN	A	GTR4GAA	post	1857	10.262500000000008	2.779166666666667
858	BGLOBIN	A	GTR4GAA	post	1858	9.88252865190365	2.770138888888889
859	BGLOBIN	A	GTR4GAA	post	1859	10.999366258741256	2.8979166666666667
860	BGLOBIN	A	GTR4GAA	post	1860	10.626083916083909	2.8583333333333334
861	BGLOBIN	A	GTR4GAA	post	1861	11.648453768453773	2.9222222222222225
862	BGLOBIN	A	GTR4GAA	post	1862	11.319498348873351	2.8409722222222222
863	BGLOBIN	A	GTR4GAA	post	1863	10.389106449106448	2.761111111111111
864	BGLOBIN	A	GTR4GAA	post	1864	11.200197649572647	2.8590277777777775
865	BGLOBIN	A	GTR4GAA	post	1865	9.62166083916084	2.7375
866	BGLOBIN	A	GTR4GAA	post	1866	10.225558954933952	2.7631944444444443
867	BGLOBIN	A	GTR4GAA	post	1867	9.306713286713288	2.7
868	BGLOBIN	A	GTR4GAA	post	1868	10.259951437451438	2.7819444444444446
869	BGLOBIN	A	GTR4GAA	post	1869	10.155522533022527	2.798611111111111
870	BGLOBIN	A	GTR4GAA	post	1870	10.521087801087798	2.8055555555555554
871	BGLOBIN	A	GTR4GAA	post	1871	10.90768016705517	2.790972222222222
872	BGLOBIN	A	GTR4GAA	post	1872	9.900930458430464	2.7319444444444443
873	BGLOBIN	A	GTR4GAA	post	1873	10.96856206293706	2.8604166666666666
874	BGLOBIN	A	GTR4GAA	post	1874	10.15083916083916	2.7750000000000004
875	BGLOBIN	A	GTR4GAA	post	1875	10.453107517482522	2.8229166666666665
876	BGLOBIN	A	GTR4GAA	post	1876	9.635593919968912	2.7118055555555554
877	BGLOBIN	A	GTR4GAA	post	1877	9.272072649572644	2.6902777777777778
878	BGLOBIN	A	GTR4GAA	post	1878	10.982090132090132	2.8472222222222223
879	BGLOBIN	A	GTR4GAA	post	1879	11.28024038461539	2.95625
880	BGLOBIN	A	GTR4GAA	post	1880	11.55859362859363	2.9027777777777777
881	BGLOBIN	A	GTR4GAA	post	1881	11.305232614607618	2.8590277777777775
882	BGLOBIN	A	GTR4GAA	post	1882	11.479401223776229	2.9229166666666666
883	BGLOBIN	A	GTR4GAA	post	1883	10.469743104118102	2.8159722222222223
884	BGLOBIN	A	GTR4GAA	post	1884	10.326385003885003	2.7930555555555556
885	BGLOBIN	A	GTR4GAA	post	1885	9.157757867132865	2.6479166666666667
886	BGLOBIN	A	GTR4GAA	post	1886	7.998640248640251	2.5305555555555554
887	BGLOBIN	A	GTR4GAA	post	1887	8.196013500388503	2.5993055555555555
888	BGLOBIN	A	GTR4GAA	post	1888	9.852967657342658	2.7437500000000004
889	BGLOBIN	A	GTR4GAA	post	1889	9.851701146076145	2.728472222222222
890	BGLOBIN	A	GTR4GAA	post	1890	8.836642871017872	2.6506944444444445
891	BGLOBIN	A	GTR4GAA	post	1891	8.3881114024864	2.6381944444444443
892	BGLOBIN	A	GTR4GAA	post	1892	9.717433954933952	2.7819444444444446
893	BGLOBIN	A	GTR4GAA	post	1893	9.521670551670551	2.7472222222222222
894	BGLOBIN	A	GTR4GAA	post	1894	10.050784770784768	2.788888888888889
895	BGLOBIN	A	GTR4GAA	post	1895	11.159370143745148	2.8993055555555554
896	BGLOBIN	A	GTR4GAA	post	1896	12.279156468531472	2.98125
897	BGLOBIN	A	GTR4GAA	post	1897	11.0435776029526	2.942361111111111
898	BGLOBIN	A	GTR4GAA	post	1898	9.06097707847708	2.7486111111111113
899	BGLOBIN	A	GTR4GAA	post	1899	8.902796717171714	2.6506944444444445
900	BGLOBIN	A	GTR4GAA	post	1900	9.018111888111886	2.7083333333333335
901	BGLOBIN	A	GTR4GAA	post	1901	9.847395104895103	2.7708333333333335
902	BGLOBIN	A	GTR4GAA	post	1902	9.427260586635583	2.7534722222222223
903	BGLOBIN	A	GTR4GAA	post	1903	11.567093531468526	2.910416666666667
904	BGLOBIN	A	GTR4GAA	post	1904	11.714265248640249	2.9493055555555556
905	BGLOBIN	A	GTR4GAA	post	1905	11.27424193861694	2.932638888888889
906	BGLOBIN	A	GTR4GAA	post	1906	10.383647533022534	2.829861111111111
907	BGLOBIN	A	GTR4GAA	post	1907	10.883321192696192	2.8631944444444444
908	BGLOBIN	A	GTR4GAA	post	1908	10.141816239316242	2.801388888888889
909	BGLOBIN	A	GTR4GAA	post	1909	9.596175213675219	2.7430555555555554
910	BGLOBIN	A	GTR4GAA	post	1910	9.836206293706294	2.8208333333333333
911	BGLOBIN	A	GTR4GAA	post	1911	11.176293220668223	2.9118055555555555
912	BGLOBIN	A	GTR4GAA	post	1912	10.19256993006993	2.8125
913	BGLOBIN	A	GTR4GAA	post	1913	10.621708916083916	2.872916666666667
914	BGLOBIN	A	GTR4GAA	post	1914	10.127761752136754	2.7881944444444446
915	BGLOBIN	A	GTR4GAA	post	1915	9.73335227272727	2.7354166666666666
916	BGLOBIN	A	GTR4GAA	post	1916	9.824253593628592	2.759027777777778
917	BGLOBIN	A	GTR4GAA	post	1917	11.472136752136747	2.8944444444444444
918	BGLOBIN	A	GTR4GAA	post	1918	9.98246309246309	2.763888888888889
919	BGLOBIN	A	GTR4GAA	post	1919	10.384498348873349	2.7784722222222222
920	BGLOBIN	A	GTR4GAA	post	1920	11.155773115773112	2.7944444444444443
921	BGLOBIN	A	GTR4GAA	post	1921	11.839702797202797	2.8625
922	BGLOBIN	A	GTR4GAA	post	1922	12.466853146853152	3.0
923	BGLOBIN	A	GTR4GAA	post	1923	10.439148698523699	2.853472222222222
924	BGLOBIN	A	GTR4GAA	post	1924	9.907388791763788	2.754861111111111
925	BGLOBIN	A	GTR4GAA	post	1925	10.46929632867133	2.8020833333333335
926	BGLOBIN	A	GTR4GAA	post	1926	10.931394230769234	2.902083333333333
927	BGLOBIN	A	GTR4GAA	post	1927	9.23015102952603	2.679861111111111
928	BGLOBIN	A	GTR4GAA	post	1928	9.295625000000006	2.6770833333333335
929	BGLOBIN	A	GTR4GAA	post	1929	11.024008838383839	2.8284722222222225
930	BGLOBIN	A	GTR4GAA	post	1930	9.593519327894326	2.728472222222222
931	BGLOBIN	A	GTR4GAA	post	1931	9.255506993006998	2.7125000000000004
932	BGLOBIN	A	GTR4GAA	post	1932	8.439252136752131	2.5819444444444444
933	BGLOBIN	A	GTR4GAA	post	1933	9.482202311577309	2.6743055555555557
934	BGLOBIN	A	GTR4GAA	post	1934	9.377295551670548	2.7159722222222222
935	BGLOBIN	A	GTR4GAA	post	1935	9.90244755244755	2.7916666666666665
936	BGLOBIN	A	GTR4GAA	post	1936	9.789191433566442	2.7895833333333333
937	BGLOBIN	A	GTR4GAA	post	1937	9.809941239316242	2.729861111111111
938	BGLOBIN	A	GTR4GAA	post	1938	9.00092463092463	2.6861111111111113
939	BGLOBIN	A	GTR4GAA	post	1939	10.036013986013987	2.7583333333333333
940	BGLOBIN	A	GTR4GAA	post	1940	10.21954108391609	2.7562499999999996
941	BGLOBIN	A	GTR4GAA	post	1941	9.518226495726498	2.6847222222222222
942	BGLOBIN	A	GTR4GAA	post	1942	9.315030594405597	2.7020833333333334
943	BGLOBIN	A	GTR4GAA	post	1943	9.753984071484071	2.7513888888888887
944	BGLOBIN	A	GTR4GAA	post	1944	9.648251748251742	2.75
945	BGLOBIN	A	GTR4GAA	post	1945	10.261443278943274	2.8097222222222222
946	BGLOBIN	A	GTR4GAA	post	1946	8.754370143745147	2.6368055555555556
947	BGLOBIN	A	GTR4GAA	post	1947	8.861381118881118	2.6624999999999996
948	BGLOBIN	A	GTR4GAA	post	1948	9.6520979020979	2.7416666666666667
949	BGLOBIN	A	GTR4GAA	post	1949	10.990485139860137	2.8520833333333333
950	BGLOBIN	A	GTR4GAA	post	1950	10.653797591297591	2.8180555555555555
951	BGLOBIN	A	GTR4GAA	post	1951	10.418040015540017	2.7513888888888887
952	BGLOBIN	A	GTR4GAA	post	1952	10.123199300699298	2.754166666666667
953	BGLOBIN	A	GTR4GAA	post	1953	9.86121017871018	2.7430555555555554
954	BGLOBIN	A	GTR4GAA	post	1954	11.294102078477083	2.854861111111111
955	BGLOBIN	A	GTR4GAA	post	1955	11.704240481740479	2.9097222222222223
956	BGLOBIN	A	GTR4GAA	post	1956	12.442360139860144	2.9875
957	BGLOBIN	A	GTR4GAA	post	1957	11.868554292929293	2.9340277777777777
958	BGLOBIN	A	GTR4GAA	post	1958	10.65165306915307	2.8402777777777777
959	BGLOBIN	A	GTR4GAA	post	1959	10.55258547008547	2.851388888888889
960	BGLOBIN	A	GTR4GAA	post	1960	8.996128593628596	2.665277777777778
961	BGLOBIN	A	GTR4GAA	post	1961	9.342283896658898	2.682638888888889
962	BGLOBIN	A	GTR4GAA	post	1962	9.160523989898993	2.6743055555555557
963	BGLOBIN	A	GTR4GAA	post	1963	10.436641414141414	2.851388888888889
964	BGLOBIN	A	GTR4GAA	post	1964	10.241269910644911	2.829861111111111
965	BGLOBIN	A	GTR4GAA	post	1965	10.203028360528354	2.8069444444444445
966	BGLOBIN	A	GTR4GAA	post	1966	11.322160062160057	2.8777777777777778
967	BGLOBIN	A	GTR4GAA	post	1967	9.718304195804194	2.7291666666666665
968	BGLOBIN	A	GTR4GAA	post	1968	8.554078768453765	2.615972222222222
969	BGLOBIN	A	GTR4GAA	post	1969	10.683059440559447	2.7874999999999996
970	BGLOBIN	A	GTR4GAA	post	1970	10.169090909090913	2.7666666666666666
971	BGLOBIN	A	GTR4GAA	post	1971	9.770909090909093	2.75
972	BGLOBIN	A	GTR4GAA	post	1972	9.678181818181816	2.7666666666666666
973	BGLOBIN	A	GTR4GAA	post	1973	9.532579642579641	2.7527777777777778
974	BGLOBIN	A	GTR4GAA	post	1974	9.990127719502711	2.7965277777777775
975	BGLOBIN	A	GTR4GAA	post	1975	9.85937014374514	2.7881944444444446
976	BGLOBIN	A	GTR4GAA	post	1976	9.682929292929296	2.7527777777777778
977	BGLOBIN	A	GTR4GAA	post	1977	11.003059440559442	2.870833333333333
978	BGLOBIN	A	GTR4GAA	post	1978	10.972680167055161	2.8284722222222225
979	BGLOBIN	A	GTR4GAA	post	1979	9.447058566433565	2.6645833333333333
980	BGLOBIN	A	GTR4GAA	post	1980	9.600489510489506	2.7249999999999996
981	BGLOBIN	A	GTR4GAA	post	1981	9.062792832167837	2.6479166666666667
982	BGLOBIN	A	GTR4GAA	post	1982	9.725796425796428	2.7777777777777777
983	BGLOBIN	A	GTR4GAA	post	1983	10.229461926961926	2.7930555555555556
984	BGLOBIN	A	GTR4GAA	post	1984	12.095240384615385	2.9520833333333334
985	BGLOBIN	A	GTR4GAA	post	1985	9.444471153846152	2.747916666666667
986	BGLOBIN	A	GTR4GAA	post	1986	11.112668512043514	2.8423611111111113
987	BGLOBIN	A	GTR4GAA	post	1987	10.764976204351202	2.8423611111111113
988	BGLOBIN	A	GTR4GAA	post	1988	10.329952894327898	2.7659722222222225
989	BGLOBIN	A	GTR4GAA	post	1989	10.153321192696188	2.7868055555555555
990	BGLOBIN	A	GTR4GAA	post	1990	9.202562160062163	2.6847222222222222
991	BGLOBIN	A	GTR4GAA	post	1991	10.769968919968912	2.8305555555555557
992	BGLOBIN	A	GTR4GAA	post	1992	9.998024475524472	2.7375
993	BGLOBIN	A	GTR4GAA	post	1993	10.37139083139084	2.772222222222222
994	BGLOBIN	A	GTR4GAA	post	1994	9.555624999999992	2.7104166666666667
995	BGLOBIN	A	GTR4GAA	post	1995	9.150813908313909	2.6847222222222222
996	BGLOBIN	A	GTR4GAA	post	1996	10.529276903651901	2.817361111111111
997	BGLOBIN	A	GTR4GAA	post	1997	10.01751311188811	2.7395833333333335
998	BGLOBIN	A	GTR4GAA	post	1998	10.129974747474744	2.8097222222222222
999	BGLOBIN	A	GTR4GAA	post	1999	11.679230769230768	2.9916666666666667
1000	BGLOBIN	A	GTR4GAA	pred	1000	5.22912975912976	2.7194444444444446
1001	BGLOBIN	A	GTR4GAA	pred	1001	7.83741258741259	3.158333333333333
1002	BGLOBIN	A	GTR4GAA	pred	1002	8.136130050505054	3.2173611111111113
1003	BGLOBIN	A	GTR4GAA	pred	1003	6.235236985236986	2.9027777777777777
1004	BGLOBIN	A	GTR4GAA	pred	1004	7.278313908313912	3.0027777777777778
1005	BGLOBIN	A	GTR4GAA	pred	1005	5.453844211344211	2.826388888888889
1006	BGLOBIN	A	GTR4GAA	pred	1006	9.215926573426575	3.3625
1007	BGLOBIN	A	GTR4GAA	pred	1007	8.055955225330225	3.270138888888889
1008	BGLOBIN	A	GTR4GAA	pred	1008	6.726701146076148	3.290972222222222
1009	BGLOBIN	A	GTR4GAA	pred	1009	8.142702020202023	3.3402777777777777
1010	BGLOBIN	A	GTR4GAA	pred	1010	7.00965034965035	3.0999999999999996
1011	BGLOBIN	A	GTR4GAA	pred	1011	7.256778846153844	3.0479166666666666
1012	BGLOBIN	A	GTR4GAA	pred	1012	5.512026029526032	2.923611111111111
1013	BGLOBIN	A	GTR4GAA	pred	1013	7.272097902097903	3.0416666666666665
1014	BGLOBIN	A	GTR4GAA	pred	1014	6.240955225330222	2.9673611111111113
1015	BGLOBIN	A	GTR4GAA	pred	1015	5.8602753496503475	2.9479166666666665
1016	BGLOBIN	A	GTR4GAA	pred	1016	5.605104895104893	3.0250000000000004
1017	BGLOBIN	A	GTR4GAA	pred	1017	6.527400446775445	3.0465277777777775
1018	BGLOBIN	A	GTR4GAA	pred	1018	5.528109945609946	2.8736111111111113
1019	BGLOBIN	A	GTR4GAA	pred	1019	4.47384421134421	2.676388888888889
1020	BGLOBIN	A	GTR4GAA	pred	1020	5.25631653069153	2.884027777777778
1021	BGLOBIN	A	GTR4GAA	pred	1021	4.263447940947942	2.7569444444444446
1022	BGLOBIN	A	GTR4GAA	pred	1022	4.666596250971253	2.678472222222222
1023	BGLOBIN	A	GTR4GAA	pred	1023	4.893750971250972	2.615277777777778
1024	BGLOBIN	A	GTR4GAA	pred	1024	5.073564491064487	2.851388888888889
1025	BGLOBIN	A	GTR4GAA	pred	1025	4.731311188811185	2.7874999999999996
1026	BGLOBIN	A	GTR4GAA	pred	1026	3.6313733488733475	2.6402777777777775
1027	BGLOBIN	A	GTR4GAA	pred	1027	4.505872183372183	2.651388888888889
1028	BGLOBIN	A	GTR4GAA	pred	1028	4.668177447552447	2.6645833333333333
1029	BGLOBIN	A	GTR4GAA	pred	1029	4.918076437451441	2.7868055555555555
1030	BGLOBIN	A	GTR4GAA	pred	1030	5.023177447552449	2.810416666666667
1031	BGLOBIN	A	GTR4GAA	pred	1031	5.384597902097902	2.7291666666666665
1032	BGLOBIN	A	GTR4GAA	pred	1032	6.9122533022532995	2.913888888888889
1033	BGLOBIN	A	GTR4GAA	pred	1033	4.547342657342655	2.7750000000000004
1034	BGLOBIN	A	GTR4GAA	pred	1034	6.56915646853147	3.002083333333333
1035	BGLOBIN	A	GTR4GAA	pred	1035	6.743911713286711	3.0854166666666667
1036	BGLOBIN	A	GTR4GAA	pred	1036	6.795926573426572	2.879166666666667
1037	BGLOBIN	A	GTR4GAA	pred	1037	6.34033750971251	2.9034722222222222
1038	BGLOBIN	A	GTR4GAA	pred	1038	8.296759421134418	3.1548611111111113
1039	BGLOBIN	A	GTR4GAA	pred	1039	8.194801379176381	3.1548611111111113
1040	BGLOBIN	A	GTR4GAA	pred	1040	5.23978243978244	2.9222222222222225
1041	BGLOBIN	A	GTR4GAA	pred	1041	4.558309537684539	2.709027777777778
1042	BGLOBIN	A	GTR4GAA	pred	1042	5.637377136752137	2.8756944444444446
1043	BGLOBIN	A	GTR4GAA	pred	1043	4.526918706293706	2.6979166666666665
1044	BGLOBIN	A	GTR4GAA	pred	1044	4.876009615384615	2.964583333333333
1045	BGLOBIN	A	GTR4GAA	pred	1045	4.206938616938619	2.836111111111111
1046	BGLOBIN	A	GTR4GAA	pred	1046	5.180784770784771	2.836111111111111
1047	BGLOBIN	A	GTR4GAA	pred	1047	4.2627797202797195	2.7375
1048	BGLOBIN	A	GTR4GAA	pred	1048	6.451451048951049	2.9291666666666667
1049	BGLOBIN	A	GTR4GAA	pred	1049	6.243764083139083	2.9090277777777778
1050	BGLOBIN	A	GTR4GAA	pred	1050	7.8176048951048935	3.0125
1051	BGLOBIN	A	GTR4GAA	pred	1051	6.049051573426573	2.910416666666667
1052	BGLOBIN	A	GTR4GAA	pred	1052	3.8120158313908314	2.6534722222222222
1053	BGLOBIN	A	GTR4GAA	pred	1053	5.701184440559439	2.8687500000000004
1054	BGLOBIN	A	GTR4GAA	pred	1054	5.462375679875678	2.923611111111111
1055	BGLOBIN	A	GTR4GAA	pred	1055	5.385283605283607	2.8555555555555556
1056	BGLOBIN	A	GTR4GAA	pred	1056	3.9901510295260314	2.679861111111111
1057	BGLOBIN	A	GTR4GAA	pred	1057	4.990528360528362	2.8194444444444446
1058	BGLOBIN	A	GTR4GAA	pred	1058	5.194882964257965	3.0034722222222223
1059	BGLOBIN	A	GTR4GAA	pred	1059	5.339296328671328	3.1479166666666667
1060	BGLOBIN	A	GTR4GAA	pred	1060	7.463006993006997	3.2750000000000004
1061	BGLOBIN	A	GTR4GAA	pred	1061	6.579143356643354	3.0875000000000004
1062	BGLOBIN	A	GTR4GAA	pred	1062	6.074008838383836	3.0340277777777778
1063	BGLOBIN	A	GTR4GAA	pred	1063	5.135926573426572	2.8958333333333335
1064	BGLOBIN	A	GTR4GAA	pred	1064	4.645283605283607	2.7555555555555555
1065	BGLOBIN	A	GTR4GAA	pred	1065	4.691250971250975	2.8277777777777775
1066	BGLOBIN	A	GTR4GAA	pred	1066	3.124895104895105	2.533333333333333
1067	BGLOBIN	A	GTR4GAA	pred	1067	3.1961300505050514	2.517361111111111
1068	BGLOBIN	A	GTR4GAA	pred	1068	4.749160839160841	2.675
1069	BGLOBIN	A	GTR4GAA	pred	1069	6.0444677544677505	2.9027777777777777
1070	BGLOBIN	A	GTR4GAA	pred	1070	5.787270784770789	2.851388888888889
1071	BGLOBIN	A	GTR4GAA	pred	1071	4.9404642579642575	2.8847222222222224
1072	BGLOBIN	A	GTR4GAA	pred	1072	5.866239316239313	2.913888888888889
1073	BGLOBIN	A	GTR4GAA	pred	1073	4.30158313908314	2.790277777777778
1074	BGLOBIN	A	GTR4GAA	pred	1074	4.347342657342656	2.7583333333333333
1075	BGLOBIN	A	GTR4GAA	pred	1075	4.5260795454545475	2.7645833333333334
1076	BGLOBIN	A	GTR4GAA	pred	1076	5.213064782439782	2.740972222222222
1077	BGLOBIN	A	GTR4GAA	pred	1077	4.948391122766123	2.7381944444444444
1078	BGLOBIN	A	GTR4GAA	pred	1078	4.049847999222999	2.603472222222222
1079	BGLOBIN	A	GTR4GAA	pred	1079	4.6164641608391594	2.7104166666666667
1080	BGLOBIN	A	GTR4GAA	pred	1080	4.746374805749805	2.742361111111111
1081	BGLOBIN	A	GTR4GAA	pred	1081	4.3216705516705485	2.5972222222222223
1082	BGLOBIN	A	GTR4GAA	pred	1082	5.395454545454545	2.7750000000000004
1083	BGLOBIN	A	GTR4GAA	pred	1083	4.507482031857031	2.5993055555555555
1084	BGLOBIN	A	GTR4GAA	pred	1084	4.1098013791763774	2.5298611111111113
1085	BGLOBIN	A	GTR4GAA	pred	1085	4.565065559440557	2.627083333333333
1086	BGLOBIN	A	GTR4GAA	pred	1086	4.782144036519037	2.582638888888889
1087	BGLOBIN	A	GTR4GAA	pred	1087	4.091910936285936	2.634027777777778
1088	BGLOBIN	A	GTR4GAA	pred	1088	4.750574980574981	2.736111111111111
1089	BGLOBIN	A	GTR4GAA	pred	1089	5.650574980574978	2.763888888888889
1090	BGLOBIN	A	GTR4GAA	pred	1090	5.3712334887334885	2.790277777777778
1091	BGLOBIN	A	GTR4GAA	pred	1091	6.021274281274281	2.838888888888889
1092	BGLOBIN	A	GTR4GAA	pred	1092	6.526246600621602	2.884027777777778
1093	BGLOBIN	A	GTR4GAA	pred	1093	5.419645979020976	2.76875
1094	BGLOBIN	A	GTR4GAA	pred	1094	4.626363636363636	2.7083333333333335
1095	BGLOBIN	A	GTR4GAA	pred	1095	5.439112276612275	2.9819444444444443
1096	BGLOBIN	A	GTR4GAA	pred	1096	3.6740714840714825	2.586111111111111
1097	BGLOBIN	A	GTR4GAA	pred	1097	5.035450174825173	2.7979166666666666
1098	BGLOBIN	A	GTR4GAA	pred	1098	5.107482517482515	2.841666666666667
1099	BGLOBIN	A	GTR4GAA	pred	1099	6.032458721833724	2.892361111111111
1100	BGLOBIN	A	GTR4GAA	pred	1100	4.436433566433564	2.825
1101	BGLOBIN	A	GTR4GAA	pred	1101	5.955895493395495	3.0069444444444446
1102	BGLOBIN	A	GTR4GAA	pred	1102	5.95993006993007	2.941666666666667
1103	BGLOBIN	A	GTR4GAA	pred	1103	6.416612276612277	3.0944444444444446
1104	BGLOBIN	A	GTR4GAA	pred	1104	7.837358197358198	3.161111111111111
1105	BGLOBIN	A	GTR4GAA	pred	1105	5.334615384615384	2.691666666666667
1106	BGLOBIN	A	GTR4GAA	pred	1106	4.958903943278942	2.665972222222222
1107	BGLOBIN	A	GTR4GAA	pred	1107	5.453192987567987	2.895138888888889
1108	BGLOBIN	A	GTR4GAA	pred	1108	4.997889957264959	2.853472222222222
1109	BGLOBIN	A	GTR4GAA	pred	1109	4.825255924630926	2.8423611111111113
1110	BGLOBIN	A	GTR4GAA	pred	1110	5.584626554001553	2.892361111111111
1111	BGLOBIN	A	GTR4GAA	pred	1111	5.593657731157733	3.0930555555555554
1112	BGLOBIN	A	GTR4GAA	pred	1112	5.495227272727269	3.0625
1113	BGLOBIN	A	GTR4GAA	pred	1113	5.395959595959592	2.9388888888888887
1114	BGLOBIN	A	GTR4GAA	pred	1114	5.082093531468529	2.98125
1115	BGLOBIN	A	GTR4GAA	pred	1115	3.803822358197357	2.704861111111111
1116	BGLOBIN	A	GTR4GAA	pred	1116	5.216221833721833	2.9986111111111113
1117	BGLOBIN	A	GTR4GAA	pred	1117	6.8161417055167055	3.040972222222222
1118	BGLOBIN	A	GTR4GAA	pred	1118	3.6011635586635573	2.790277777777778
1119	BGLOBIN	A	GTR4GAA	pred	1119	4.701778846153846	2.85625
1120	BGLOBIN	A	GTR4GAA	pred	1120	3.2229831973581957	2.4048611111111113
1121	BGLOBIN	A	GTR4GAA	pred	1121	5.014685314685315	2.8666666666666667
1122	BGLOBIN	A	GTR4GAA	pred	1122	4.431013500388498	2.6256944444444446
1123	BGLOBIN	A	GTR4GAA	pred	1123	4.004597902097903	2.6375
1124	BGLOBIN	A	GTR4GAA	pred	1124	4.415493395493398	2.7055555555555557
1125	BGLOBIN	A	GTR4GAA	pred	1125	3.300861985236986	2.7784722222222222
1126	BGLOBIN	A	GTR4GAA	pred	1126	5.464890734265735	2.9145833333333333
1127	BGLOBIN	A	GTR4GAA	pred	1127	4.50653409090909	2.7562499999999996
1128	BGLOBIN	A	GTR4GAA	pred	1128	3.475279234654233	2.6756944444444444
1129	BGLOBIN	A	GTR4GAA	pred	1129	6.594393453768451	3.3090277777777777
1130	BGLOBIN	A	GTR4GAA	pred	1130	6.287876845376847	3.3597222222222225
1131	BGLOBIN	A	GTR4GAA	pred	1131	5.930440947940946	3.1680555555555556
1132	BGLOBIN	A	GTR4GAA	pred	1132	4.364514374514375	3.0305555555555554
1133	BGLOBIN	A	GTR4GAA	pred	1133	3.518863636363637	2.7291666666666665
1134	BGLOBIN	A	GTR4GAA	pred	1134	6.14033750971251	3.0965277777777778
1135	BGLOBIN	A	GTR4GAA	pred	1135	6.295240384615383	2.9854166666666666
1136	BGLOBIN	A	GTR4GAA	pred	1136	3.2931915306915327	2.759722222222222
1137	BGLOBIN	A	GTR4GAA	pred	1137	4.212486402486403	2.6194444444444445
1138	BGLOBIN	A	GTR4GAA	pred	1138	4.983612567987568	2.854861111111111
1139	BGLOBIN	A	GTR4GAA	pred	1139	6.080659965034966	2.84375
1140	BGLOBIN	A	GTR4GAA	pred	1140	4.2826398601398585	2.7125000000000004
1141	BGLOBIN	A	GTR4GAA	pred	1141	4.358181818181818	2.8333333333333335
1142	BGLOBIN	A	GTR4GAA	pred	1142	4.657987567987569	2.963888888888889
1143	BGLOBIN	A	GTR4GAA	pred	1143	4.79506555944056	2.8229166666666665
1144	BGLOBIN	A	GTR4GAA	pred	1144	3.394008838383839	2.5784722222222225
1145	BGLOBIN	A	GTR4GAA	pred	1145	4.64304147241647	2.7368055555555557
1146	BGLOBIN	A	GTR4GAA	pred	1146	6.058919968919966	3.0194444444444444
1147	BGLOBIN	A	GTR4GAA	pred	1147	5.980022824397826	2.8784722222222223
1148	BGLOBIN	A	GTR4GAA	pred	1148	7.16247037684538	2.9715277777777778
1149	BGLOBIN	A	GTR4GAA	pred	1149	5.954514374514377	2.8444444444444446
1150	BGLOBIN	A	GTR4GAA	pred	1150	4.815664335664336	2.716666666666667
1151	BGLOBIN	A	GTR4GAA	pred	1151	5.786631216006214	2.896527777777778
1152	BGLOBIN	A	GTR4GAA	pred	1152	6.813162393162394	3.161111111111111
1153	BGLOBIN	A	GTR4GAA	pred	1153	5.63277195027195	3.0152777777777775
1154	BGLOBIN	A	GTR4GAA	pred	1154	6.684346833721832	3.007638888888889
1155	BGLOBIN	A	GTR4GAA	pred	1155	7.705764860139857	3.027083333333333
1156	BGLOBIN	A	GTR4GAA	pred	1156	4.83766851204351	2.817361111111111
1157	BGLOBIN	A	GTR4GAA	pred	1157	5.012905982905983	2.7305555555555556
1158	BGLOBIN	A	GTR4GAA	pred	1158	5.374125388500388	2.8493055555555555
1159	BGLOBIN	A	GTR4GAA	pred	1159	4.495522533022533	2.723611111111111
1160	BGLOBIN	A	GTR4GAA	pred	1160	6.013682498057499	2.945138888888889
1161	BGLOBIN	A	GTR4GAA	pred	1161	6.945384615384617	3.058333333333333
1162	BGLOBIN	A	GTR4GAA	pred	1162	6.446524864024863	3.1569444444444446
1163	BGLOBIN	A	GTR4GAA	pred	1163	5.281677836052834	2.8618055555555557
1164	BGLOBIN	A	GTR4GAA	pred	1164	6.080939685314688	2.9895833333333335
1165	BGLOBIN	A	GTR4GAA	pred	1165	6.4069886363636375	3.01875
1166	BGLOBIN	A	GTR4GAA	pred	1166	4.5308916083916095	2.6875
1167	BGLOBIN	A	GTR4GAA	pred	1167	6.885349164724164	2.9868055555555557
1168	BGLOBIN	A	GTR4GAA	pred	1168	6.895939685314687	2.98125
1169	BGLOBIN	A	GTR4GAA	pred	1169	5.340065559440558	2.8687500000000004
1170	BGLOBIN	A	GTR4GAA	pred	1170	5.044296328671328	3.0229166666666667
1171	BGLOBIN	A	GTR4GAA	pred	1171	4.080232614607617	2.771527777777778
1172	BGLOBIN	A	GTR4GAA	pred	1172	7.583199300699301	3.379166666666667
1173	BGLOBIN	A	GTR4GAA	pred	1173	6.541771076146078	2.8715277777777777
1174	BGLOBIN	A	GTR4GAA	pred	1174	5.625520104895107	2.935416666666667
1175	BGLOBIN	A	GTR4GAA	pred	1175	5.208671328671328	2.9833333333333334
1176	BGLOBIN	A	GTR4GAA	pred	1176	5.879032148407148	2.9701388888888887
1177	BGLOBIN	A	GTR4GAA	pred	1177	6.51745143745144	2.9555555555555557
1178	BGLOBIN	A	GTR4GAA	pred	1178	6.553962218337219	3.045138888888889
1179	BGLOBIN	A	GTR4GAA	pred	1179	7.915087412587411	3.3125
1180	BGLOBIN	A	GTR4GAA	pred	1180	7.905639083139084	3.1902777777777778
1181	BGLOBIN	A	GTR4GAA	pred	1181	3.954393453768453	2.6090277777777775
1182	BGLOBIN	A	GTR4GAA	pred	1182	4.918531468531467	2.7750000000000004
1183	BGLOBIN	A	GTR4GAA	pred	1183	5.544541083916083	2.935416666666667
1184	BGLOBIN	A	GTR4GAA	pred	1184	4.8226801670551644	2.9340277777777777
1185	BGLOBIN	A	GTR4GAA	pred	1185	3.5736242229992228	2.6590277777777778
1186	BGLOBIN	A	GTR4GAA	pred	1186	3.867179001554	2.5951388888888887
1187	BGLOBIN	A	GTR4GAA	pred	1187	4.2915909090909095	2.879166666666667
1188	BGLOBIN	A	GTR4GAA	pred	1188	3.9066545260295267	2.679861111111111
1189	BGLOBIN	A	GTR4GAA	pred	1189	5.348799048174051	2.853472222222222
1190	BGLOBIN	A	GTR4GAA	pred	1190	4.596848776223775	2.6312499999999996
1191	BGLOBIN	A	GTR4GAA	pred	1191	4.055694930069931	2.6729166666666666
1192	BGLOBIN	A	GTR4GAA	pred	1192	5.123401320901322	2.8152777777777778
1193	BGLOBIN	A	GTR4GAA	pred	1193	4.537987567987569	2.786111111111111
1194	BGLOBIN	A	GTR4GAA	pred	1194	5.056682206682206	2.5805555555555557
1195	BGLOBIN	A	GTR4GAA	pred	1195	4.913092463092465	2.6861111111111113
1196	BGLOBIN	A	GTR4GAA	pred	1196	5.442097416472419	2.8493055555555555
1197	BGLOBIN	A	GTR4GAA	pred	1197	5.265535644910647	2.857638888888889
1198	BGLOBIN	A	GTR4GAA	pred	1198	6.2941137334887305	3.009027777777778
1199	BGLOBIN	A	GTR4GAA	pred	1199	5.965283605283599	3.0555555555555554
1200	BGLOBIN	A	GTR4GAA	pred	1200	4.592039141414143	2.870138888888889
1201	BGLOBIN	A	GTR4GAA	pred	1201	4.992447552447551	2.8333333333333335
1202	BGLOBIN	A	GTR4GAA	pred	1202	5.7097858391608405	2.8854166666666665
1203	BGLOBIN	A	GTR4GAA	pred	1203	5.827722902097901	2.8604166666666666
1204	BGLOBIN	A	GTR4GAA	pred	1204	5.493589257964257	2.834027777777778
1205	BGLOBIN	A	GTR4GAA	pred	1205	4.2787407731157705	2.6506944444444445
1206	BGLOBIN	A	GTR4GAA	pred	1206	3.9757337801087784	2.7993055555555557
1207	BGLOBIN	A	GTR4GAA	pred	1207	5.755834790209788	2.9270833333333335
1208	BGLOBIN	A	GTR4GAA	pred	1208	7.676759421134422	3.067361111111111
1209	BGLOBIN	A	GTR4GAA	pred	1209	6.236625874125875	2.9124999999999996
1210	BGLOBIN	A	GTR4GAA	pred	1210	7.618111888111887	2.9583333333333335
1211	BGLOBIN	A	GTR4GAA	pred	1211	7.277062937062938	2.966666666666667
1212	BGLOBIN	A	GTR4GAA	pred	1212	7.700464257964259	3.0652777777777778
1213	BGLOBIN	A	GTR4GAA	pred	1213	6.333659188034187	2.8715277777777777
1214	BGLOBIN	A	GTR4GAA	pred	1214	5.554747474747474	2.927777777777778
1215	BGLOBIN	A	GTR4GAA	pred	1215	5.9111494755244784	2.9770833333333333
1216	BGLOBIN	A	GTR4GAA	pred	1216	4.49053418803419	2.9097222222222223
1217	BGLOBIN	A	GTR4GAA	pred	1217	4.983496017871016	2.8618055555555557
1218	BGLOBIN	A	GTR4GAA	pred	1218	4.181351495726495	2.728472222222222
1219	BGLOBIN	A	GTR4GAA	pred	1219	4.91129322066822	2.7368055555555557
1220	BGLOBIN	A	GTR4GAA	pred	1220	5.181101398601402	2.745833333333333
1221	BGLOBIN	A	GTR4GAA	pred	1221	5.981071775446778	2.8715277777777777
1222	BGLOBIN	A	GTR4GAA	pred	1222	5.027762237762239	2.808333333333333
1223	BGLOBIN	A	GTR4GAA	pred	1223	6.413465423465423	3.0305555555555554
1224	BGLOBIN	A	GTR4GAA	pred	1224	5.733931623931625	2.886111111111111
1225	BGLOBIN	A	GTR4GAA	pred	1225	4.939999514374515	2.7506944444444446
1226	BGLOBIN	A	GTR4GAA	pred	1226	5.52083916083916	2.9833333333333334
1227	BGLOBIN	A	GTR4GAA	pred	1227	5.227023601398599	2.972916666666667
1228	BGLOBIN	A	GTR4GAA	pred	1228	5.639649864024864	2.8881944444444443
1229	BGLOBIN	A	GTR4GAA	pred	1229	4.695279234654231	2.7243055555555555
1230	BGLOBIN	A	GTR4GAA	pred	1230	4.778391608391611	2.808333333333333
1231	BGLOBIN	A	GTR4GAA	pred	1231	4.372598581973581	2.670138888888889
1232	BGLOBIN	A	GTR4GAA	pred	1232	3.098527097902098	2.6312499999999996
1233	BGLOBIN	A	GTR4GAA	pred	1233	2.928736888111887	2.3687500000000004
1234	BGLOBIN	A	GTR4GAA	pred	1234	4.176009615384616	2.6645833333333333
1235	BGLOBIN	A	GTR4GAA	pred	1235	4.249882964257962	2.8715277777777777
1236	BGLOBIN	A	GTR4GAA	pred	1236	4.654051573426573	2.8354166666666667
1237	BGLOBIN	A	GTR4GAA	pred	1237	4.668663558663559	2.647222222222222
1238	BGLOBIN	A	GTR4GAA	pred	1238	4.941409770784771	2.829861111111111
1239	BGLOBIN	A	GTR4GAA	pred	1239	5.711269910644912	2.879861111111111
1240	BGLOBIN	A	GTR4GAA	pred	1240	4.104556623931623	2.6576388888888887
1241	BGLOBIN	A	GTR4GAA	pred	1241	4.213517871017873	2.8180555555555555
1242	BGLOBIN	A	GTR4GAA	pred	1242	5.536009615384615	2.935416666666667
1243	BGLOBIN	A	GTR4GAA	pred	1243	5.610792055167055	2.865972222222222
1244	BGLOBIN	A	GTR4GAA	pred	1244	5.805656565656566	2.8277777777777775
1245	BGLOBIN	A	GTR4GAA	pred	1245	6.176262626262626	2.7805555555555554
1246	BGLOBIN	A	GTR4GAA	pred	1246	5.598449397824397	2.853472222222222
1247	BGLOBIN	A	GTR4GAA	pred	1247	5.238006507381507	2.7256944444444446
1248	BGLOBIN	A	GTR4GAA	pred	1248	3.666569055944057	2.6145833333333335
1249	BGLOBIN	A	GTR4GAA	pred	1249	4.441241258741259	2.7874999999999996
1250	BGLOBIN	A	GTR4GAA	pred	1250	3.7946833721833726	2.676388888888889
1251	BGLOBIN	A	GTR4GAA	pred	1251	5.157498057498057	2.711111111111111
1252	BGLOBIN	A	GTR4GAA	pred	1252	5.231444735819734	2.645138888888889
1253	BGLOBIN	A	GTR4GAA	pred	1253	5.2046134421134385	2.8763888888888887
1254	BGLOBIN	A	GTR4GAA	pred	1254	6.0605356449106464	2.932638888888889
1255	BGLOBIN	A	GTR4GAA	pred	1255	6.342225621600622	2.8090277777777777
1256	BGLOBIN	A	GTR4GAA	pred	1256	6.760757090132093	3.1590277777777778
1257	BGLOBIN	A	GTR4GAA	pred	1257	6.31275786713287	2.89375
1258	BGLOBIN	A	GTR4GAA	pred	1258	6.05695755633256	2.9868055555555557
1259	BGLOBIN	A	GTR4GAA	pred	1259	6.634820804195806	3.0520833333333335
1260	BGLOBIN	A	GTR4GAA	pred	1260	6.69785499222999	2.915972222222222
1261	BGLOBIN	A	GTR4GAA	pred	1261	6.685912975912975	2.9694444444444446
1262	BGLOBIN	A	GTR4GAA	pred	1262	6.436309246309244	2.863888888888889
1263	BGLOBIN	A	GTR4GAA	pred	1263	4.487317404817403	2.7347222222222225
1264	BGLOBIN	A	GTR4GAA	pred	1264	5.591806041181042	2.7034722222222225
1265	BGLOBIN	A	GTR4GAA	pred	1265	5.2183794677544695	2.8590277777777775
1266	BGLOBIN	A	GTR4GAA	pred	1266	4.8532473776223775	2.7437500000000004
1267	BGLOBIN	A	GTR4GAA	pred	1267	3.5792521367521353	2.5430555555555556
1268	BGLOBIN	A	GTR4GAA	pred	1268	5.457726787101792	3.1368055555555556
1269	BGLOBIN	A	GTR4GAA	pred	1269	5.754957264957265	3.1527777777777777
1270	BGLOBIN	A	GTR4GAA	pred	1270	4.828174048174047	2.927777777777778
1271	BGLOBIN	A	GTR4GAA	pred	1271	3.8337368881118867	2.7604166666666665
1272	BGLOBIN	A	GTR4GAA	pred	1272	4.78688374125874	2.872916666666667
1273	BGLOBIN	A	GTR4GAA	pred	1273	5.188966588966591	3.038888888888889
1274	BGLOBIN	A	GTR4GAA	pred	1274	3.948729118104118	2.759027777777778
1275	BGLOBIN	A	GTR4GAA	pred	1275	3.9177578671328654	2.6812500000000004
1276	BGLOBIN	A	GTR4GAA	pred	1276	4.243426087801085	2.6118055555555557
1277	BGLOBIN	A	GTR4GAA	pred	1277	4.202142579642581	2.5652777777777778
1278	BGLOBIN	A	GTR4GAA	pred	1278	4.42759858197358	2.7826388888888887
1279	BGLOBIN	A	GTR4GAA	pred	1279	4.1977928321678295	2.7270833333333333
1280	BGLOBIN	A	GTR4GAA	pred	1280	3.759858197358197	2.673611111111111
1281	BGLOBIN	A	GTR4GAA	pred	1281	3.880360819735819	2.757638888888889
1282	BGLOBIN	A	GTR4GAA	pred	1282	4.591153360528358	2.7256944444444446
1283	BGLOBIN	A	GTR4GAA	pred	1283	4.2633547008547	2.676388888888889
1284	BGLOBIN	A	GTR4GAA	pred	1284	3.6161067404817415	2.5659722222222223
1285	BGLOBIN	A	GTR4GAA	pred	1285	3.947970085470086	2.651388888888889
1286	BGLOBIN	A	GTR4GAA	pred	1286	4.451394230769229	2.6312499999999996
1287	BGLOBIN	A	GTR4GAA	pred	1287	5.170699300699301	2.908333333333333
1288	BGLOBIN	A	GTR4GAA	pred	1288	3.639206973581975	2.7173611111111113
1289	BGLOBIN	A	GTR4GAA	pred	1289	4.6620493395493385	2.8069444444444445
1290	BGLOBIN	A	GTR4GAA	pred	1290	4.023675213675214	2.8305555555555557
1291	BGLOBIN	A	GTR4GAA	pred	1291	4.512155691530691	2.790972222222222
1292	BGLOBIN	A	GTR4GAA	pred	1292	2.304498348873349	2.5340277777777778
1293	BGLOBIN	A	GTR4GAA	pred	1293	4.201064491064491	2.713888888888889
1294	BGLOBIN	A	GTR4GAA	pred	1294	4.596254370629371	2.6729166666666666
1295	BGLOBIN	A	GTR4GAA	pred	1295	4.911219405594402	2.90625
1296	BGLOBIN	A	GTR4GAA	pred	1296	5.964894619269619	2.9493055555555556
1297	BGLOBIN	A	GTR4GAA	pred	1297	5.347959887334889	2.9534722222222225
1298	BGLOBIN	A	GTR4GAA	pred	1298	5.397015831390828	2.9715277777777778
1299	BGLOBIN	A	GTR4GAA	pred	1299	4.779391996891994	2.6569444444444446
1300	BGLOBIN	A	GTR4GAA	pred	1300	6.484193861693862	3.051388888888889
1301	BGLOBIN	A	GTR4GAA	pred	1301	5.832516996892003	2.9006944444444445
1302	BGLOBIN	A	GTR4GAA	pred	1302	7.445312742812742	3.3763888888888887
1303	BGLOBIN	A	GTR4GAA	pred	1303	5.45835615773116	2.9868055555555557
1304	BGLOBIN	A	GTR4GAA	pred	1304	5.2752602952602965	2.9388888888888887
1305	BGLOBIN	A	GTR4GAA	pred	1305	4.646304875679873	2.9076388888888887
1306	BGLOBIN	A	GTR4GAA	pred	1306	6.578771853146854	3.060416666666667
1307	BGLOBIN	A	GTR4GAA	pred	1307	5.7307672882672875	3.026388888888889
1308	BGLOBIN	A	GTR4GAA	pred	1308	5.0255939199689195	2.8381944444444445
1309	BGLOBIN	A	GTR4GAA	pred	1309	6.059820804195804	2.85625
1310	BGLOBIN	A	GTR4GAA	pred	1310	3.8494051087801093	2.7243055555555555
1311	BGLOBIN	A	GTR4GAA	pred	1311	5.362687937062938	2.7270833333333333
1312	BGLOBIN	A	GTR4GAA	pred	1312	5.311250971250969	2.8777777777777778
1313	BGLOBIN	A	GTR4GAA	pred	1313	5.30305944055944	2.7125000000000004
1314	BGLOBIN	A	GTR4GAA	pred	1314	6.068736888111889	2.83125
1315	BGLOBIN	A	GTR4GAA	pred	1315	4.812583041958044	2.752083333333333
1316	BGLOBIN	A	GTR4GAA	pred	1316	5.544240481740482	2.9402777777777778
1317	BGLOBIN	A	GTR4GAA	pred	1317	3.9780400155400137	2.698611111111111
1318	BGLOBIN	A	GTR4GAA	pred	1318	4.526938616938618	2.713888888888889
1319	BGLOBIN	A	GTR4GAA	pred	1319	6.237465034965032	2.9625000000000004
1320	BGLOBIN	A	GTR4GAA	pred	1320	5.606555944055941	2.8958333333333335
1321	BGLOBIN	A	GTR4GAA	pred	1321	5.272027486402486	2.9506944444444443
1322	BGLOBIN	A	GTR4GAA	pred	1322	5.329300699300697	2.8583333333333334
1323	BGLOBIN	A	GTR4GAA	pred	1323	4.969945609945611	2.861111111111111
1324	BGLOBIN	A	GTR4GAA	pred	1324	6.433950563325564	3.0256944444444445
1325	BGLOBIN	A	GTR4GAA	pred	1325	6.888063325563326	3.2819444444444446
1326	BGLOBIN	A	GTR4GAA	pred	1326	4.144520202020202	2.959722222222222
1327	BGLOBIN	A	GTR4GAA	pred	1327	4.500604118104117	3.009722222222222
1328	BGLOBIN	A	GTR4GAA	pred	1328	6.489834887334886	3.115277777777778
1329	BGLOBIN	A	GTR4GAA	pred	1329	4.847983197358195	2.9701388888888887
1330	BGLOBIN	A	GTR4GAA	pred	1330	5.1142885586635565	2.9215277777777775
1331	BGLOBIN	A	GTR4GAA	pred	1331	4.7720158313908305	2.8465277777777778
1332	BGLOBIN	A	GTR4GAA	pred	1332	4.071171328671328	2.5791666666666666
1333	BGLOBIN	A	GTR4GAA	pred	1333	4.848876748251748	2.9312500000000004
1334	BGLOBIN	A	GTR4GAA	pred	1334	3.0041181041181044	2.772222222222222
1335	BGLOBIN	A	GTR4GAA	pred	1335	3.5112582556332557	2.6993055555555556
1336	BGLOBIN	A	GTR4GAA	pred	1336	3.96281274281274	2.788888888888889
1337	BGLOBIN	A	GTR4GAA	pred	1337	6.242468919968916	3.1930555555555555
1338	BGLOBIN	A	GTR4GAA	pred	1338	5.134253593628595	2.8909722222222225
1339	BGLOBIN	A	GTR4GAA	pred	1339	4.895267579642579	2.8784722222222223
1340	BGLOBIN	A	GTR4GAA	pred	1340	4.817480574980576	2.901388888888889
1341	BGLOBIN	A	GTR4GAA	pred	1341	3.702160062160062	2.772222222222222
1342	BGLOBIN	A	GTR4GAA	pred	1342	4.958387237762239	2.8687500000000004
1343	BGLOBIN	A	GTR4GAA	pred	1343	5.739423076923075	2.8291666666666666
1344	BGLOBIN	A	GTR4GAA	pred	1344	6.28159625097125	2.9965277777777777
1345	BGLOBIN	A	GTR4GAA	pred	1345	6.09057060994561	2.920138888888889
1346	BGLOBIN	A	GTR4GAA	pred	1346	5.728729118104115	3.0590277777777777
1347	BGLOBIN	A	GTR4GAA	pred	1347	4.075205419580417	2.777083333333333
1348	BGLOBIN	A	GTR4GAA	pred	1348	6.791559829059833	3.093055555555556
1349	BGLOBIN	A	GTR4GAA	pred	1349	4.225576923076922	2.779166666666667
1350	BGLOBIN	A	GTR4GAA	pred	1350	5.134700854700855	2.911111111111111
1351	BGLOBIN	A	GTR4GAA	pred	1351	4.806503496503497	2.8916666666666666
1352	BGLOBIN	A	GTR4GAA	pred	1352	6.106285936285933	2.897222222222222
1353	BGLOBIN	A	GTR4GAA	pred	1353	6.072761752136751	2.9131944444444446
1354	BGLOBIN	A	GTR4GAA	pred	1354	4.733216783216779	2.808333333333333
1355	BGLOBIN	A	GTR4GAA	pred	1355	3.6412412587412586	2.595833333333333
1356	BGLOBIN	A	GTR4GAA	pred	1356	5.439842657342656	2.879166666666667
1357	BGLOBIN	A	GTR4GAA	pred	1357	6.232097902097903	3.2583333333333333
1358	BGLOBIN	A	GTR4GAA	pred	1358	5.433876748251752	3.10625
1359	BGLOBIN	A	GTR4GAA	pred	1359	3.8194167637917653	2.767361111111111
1360	BGLOBIN	A	GTR4GAA	pred	1360	3.8083872377622354	2.714583333333333
1361	BGLOBIN	A	GTR4GAA	pred	1361	5.287691822066821	2.8381944444444445
1362	BGLOBIN	A	GTR4GAA	pred	1362	5.219086538461537	2.8020833333333335
1363	BGLOBIN	A	GTR4GAA	pred	1363	6.611864316239317	2.9673611111111113
1364	BGLOBIN	A	GTR4GAA	pred	1364	6.7693118686868665	3.1576388888888887
1365	BGLOBIN	A	GTR4GAA	pred	1365	6.486012043512046	3.098611111111111
1366	BGLOBIN	A	GTR4GAA	pred	1366	5.671673951048953	2.8020833333333335
1367	BGLOBIN	A	GTR4GAA	pred	1367	3.7504190947940947	2.5881944444444445
1368	BGLOBIN	A	GTR4GAA	pred	1368	3.9978321678321675	2.5083333333333333
1369	BGLOBIN	A	GTR4GAA	pred	1369	4.188177447552448	2.564583333333333
1370	BGLOBIN	A	GTR4GAA	pred	1370	4.152750097125096	2.634027777777778
1371	BGLOBIN	A	GTR4GAA	pred	1371	5.254537684537684	2.7972222222222225
1372	BGLOBIN	A	GTR4GAA	pred	1372	4.621101398601399	2.6791666666666667
1373	BGLOBIN	A	GTR4GAA	pred	1373	4.464451728826729	2.632638888888889
1374	BGLOBIN	A	GTR4GAA	pred	1374	3.7590365190365183	2.588888888888889
1375	BGLOBIN	A	GTR4GAA	pred	1375	3.582163461538462	2.5687499999999996
1376	BGLOBIN	A	GTR4GAA	pred	1376	4.811743881118883	2.7145833333333336
1377	BGLOBIN	A	GTR4GAA	pred	1377	6.488282342657345	2.872916666666667
1378	BGLOBIN	A	GTR4GAA	pred	1378	4.508809246309247	2.7486111111111113
1379	BGLOBIN	A	GTR4GAA	pred	1379	4.237513111888111	2.60625
1380	BGLOBIN	A	GTR4GAA	pred	1380	5.130891608391611	2.7291666666666665
1381	BGLOBIN	A	GTR4GAA	pred	1381	5.326425796425795	2.9027777777777777
1382	BGLOBIN	A	GTR4GAA	pred	1382	4.617959887334887	2.759027777777778
1383	BGLOBIN	A	GTR4GAA	pred	1383	4.459782439782436	2.9222222222222225
1384	BGLOBIN	A	GTR4GAA	pred	1384	4.643367812742812	2.829861111111111
1385	BGLOBIN	A	GTR4GAA	pred	1385	5.01295843045843	2.7930555555555556
1386	BGLOBIN	A	GTR4GAA	pred	1386	5.413269230769231	3.0708333333333333
1387	BGLOBIN	A	GTR4GAA	pred	1387	5.330955225330224	2.982638888888889
1388	BGLOBIN	A	GTR4GAA	pred	1388	6.81738733488733	3.1402777777777775
1389	BGLOBIN	A	GTR4GAA	pred	1389	4.754645979020977	2.877083333333333
1390	BGLOBIN	A	GTR4GAA	pred	1390	5.2997664141414145	2.9048611111111113
1391	BGLOBIN	A	GTR4GAA	pred	1391	4.198911713286714	2.70625
1392	BGLOBIN	A	GTR4GAA	pred	1392	5.752538850038854	3.0569444444444445
1393	BGLOBIN	A	GTR4GAA	pred	1393	6.374370143745147	3.2368055555555557
1394	BGLOBIN	A	GTR4GAA	pred	1394	6.256316530691526	3.0284722222222222
1395	BGLOBIN	A	GTR4GAA	pred	1395	5.939283216783217	2.8958333333333335
1396	BGLOBIN	A	GTR4GAA	pred	1396	8.599904817404813	3.2347222222222225
1397	BGLOBIN	A	GTR4GAA	pred	1397	9.947255244755253	3.3291666666666666
1398	BGLOBIN	A	GTR4GAA	pred	1398	10.35422639860139	3.35625
1399	BGLOBIN	A	GTR4GAA	pred	1399	8.76496066433566	3.1354166666666665
1400	BGLOBIN	A	GTR4GAA	pred	1400	7.522323232323231	2.913888888888889
1401	BGLOBIN	A	GTR4GAA	pred	1401	6.212165889665889	2.976388888888889
1402	BGLOBIN	A	GTR4GAA	pred	1402	6.098962218337218	2.757638888888889
1403	BGLOBIN	A	GTR4GAA	pred	1403	6.549008838383835	3.0965277777777778
1404	BGLOBIN	A	GTR4GAA	pred	1404	4.950691530691528	2.7222222222222223
1405	BGLOBIN	A	GTR4GAA	pred	1405	6.764615384615384	3.216666666666667
1406	BGLOBIN	A	GTR4GAA	pred	1406	5.978453768453767	3.1527777777777777
1407	BGLOBIN	A	GTR4GAA	pred	1407	5.135056332556329	2.9430555555555555
1408	BGLOBIN	A	GTR4GAA	pred	1408	5.005376845376846	2.772222222222222
1409	BGLOBIN	A	GTR4GAA	pred	1409	6.848701923076922	3.127083333333333
1410	BGLOBIN	A	GTR4GAA	pred	1410	6.223527097902102	3.0062499999999996
1411	BGLOBIN	A	GTR4GAA	pred	1411	5.0712587412587435	2.825
1412	BGLOBIN	A	GTR4GAA	pred	1412	5.966398115773116	3.0631944444444446
1413	BGLOBIN	A	GTR4GAA	pred	1413	6.4727661227661235	3.1194444444444445
1414	BGLOBIN	A	GTR4GAA	pred	1414	4.728317307692308	2.83125
1415	BGLOBIN	A	GTR4GAA	pred	1415	4.6113243006993	2.8812499999999996
1416	BGLOBIN	A	GTR4GAA	pred	1416	4.3104351204351214	2.763888888888889
1417	BGLOBIN	A	GTR4GAA	pred	1417	2.89810411810412	2.427777777777778
1418	BGLOBIN	A	GTR4GAA	pred	1418	3.9582862276612274	2.6256944444444446
1419	BGLOBIN	A	GTR4GAA	pred	1419	4.038029817404818	2.646527777777778
1420	BGLOBIN	A	GTR4GAA	pred	1420	5.085030594405594	2.752083333333333
1421	BGLOBIN	A	GTR4GAA	pred	1421	5.0621634615384625	2.8354166666666667
1422	BGLOBIN	A	GTR4GAA	pred	1422	6.132237762237765	2.941666666666667
1423	BGLOBIN	A	GTR4GAA	pred	1423	4.253566433566431	2.8499999999999996
1424	BGLOBIN	A	GTR4GAA	pred	1424	3.8304409479409487	2.7819444444444446
1425	BGLOBIN	A	GTR4GAA	pred	1425	5.224351204351203	2.838888888888889
1426	BGLOBIN	A	GTR4GAA	pred	1426	5.683123057498057	2.882638888888889
1427	BGLOBIN	A	GTR4GAA	pred	1427	3.9824689199689223	2.7319444444444443
1428	BGLOBIN	A	GTR4GAA	pred	1428	4.463354700854702	2.901388888888889
1429	BGLOBIN	A	GTR4GAA	pred	1429	2.3250577894327895	2.5340277777777778
1430	BGLOBIN	A	GTR4GAA	pred	1430	3.61006993006993	2.566666666666667
1431	BGLOBIN	A	GTR4GAA	pred	1431	5.115885295260294	2.942361111111111
1432	BGLOBIN	A	GTR4GAA	pred	1432	4.992598581973585	2.792361111111111
1433	BGLOBIN	A	GTR4GAA	pred	1433	4.827493686868686	2.820138888888889
1434	BGLOBIN	A	GTR4GAA	pred	1434	6.37132867132867	2.95
1435	BGLOBIN	A	GTR4GAA	pred	1435	5.987268356643357	2.9520833333333334
1436	BGLOBIN	A	GTR4GAA	pred	1436	3.741778846153847	2.8895833333333334
1437	BGLOBIN	A	GTR4GAA	pred	1437	3.0773251748251753	2.7874999999999996
1438	BGLOBIN	A	GTR4GAA	pred	1438	3.495120435120434	2.761111111111111
1439	BGLOBIN	A	GTR4GAA	pred	1439	3.9041603535353526	2.6631944444444446
1440	BGLOBIN	A	GTR4GAA	pred	1440	5.052967657342657	2.85625
1441	BGLOBIN	A	GTR4GAA	pred	1441	4.099436188811187	2.752083333333333
1442	BGLOBIN	A	GTR4GAA	pred	1442	4.5327272727272705	2.7
1443	BGLOBIN	A	GTR4GAA	pred	1443	5.716355866355867	3.0027777777777778
1444	BGLOBIN	A	GTR4GAA	pred	1444	4.684051573426575	2.8812499999999996
1445	BGLOBIN	A	GTR4GAA	pred	1445	4.091979409479408	2.6319444444444446
1446	BGLOBIN	A	GTR4GAA	pred	1446	5.193846153846159	2.8
1447	BGLOBIN	A	GTR4GAA	pred	1447	6.385325854700856	2.892361111111111
1448	BGLOBIN	A	GTR4GAA	pred	1448	8.097039141414145	3.054861111111111
1449	BGLOBIN	A	GTR4GAA	pred	1449	5.17835227272727	2.8270833333333334
1450	BGLOBIN	A	GTR4GAA	pred	1450	4.426783216783217	2.675
1451	BGLOBIN	A	GTR4GAA	pred	1451	3.4658255633255632	2.5430555555555556
1452	BGLOBIN	A	GTR4GAA	pred	1452	4.479952894327894	2.728472222222222
1453	BGLOBIN	A	GTR4GAA	pred	1453	6.817144036519039	3.142361111111111
1454	BGLOBIN	A	GTR4GAA	pred	1454	5.036199980574982	2.754861111111111
1455	BGLOBIN	A	GTR4GAA	pred	1455	4.112994852369854	2.6534722222222222
1456	BGLOBIN	A	GTR4GAA	pred	1456	5.615400155400157	2.788888888888889
1457	BGLOBIN	A	GTR4GAA	pred	1457	4.480971250971251	2.697222222222222
1458	BGLOBIN	A	GTR4GAA	pred	1458	5.092225621600621	2.896527777777778
1459	BGLOBIN	A	GTR4GAA	pred	1459	6.133158022533019	2.929861111111111
1460	BGLOBIN	A	GTR4GAA	pred	1460	4.031996891996892	2.6944444444444446
1461	BGLOBIN	A	GTR4GAA	pred	1461	3.852789432789432	2.677777777777778
1462	BGLOBIN	A	GTR4GAA	pred	1462	4.221910936285934	2.6840277777777777
1463	BGLOBIN	A	GTR4GAA	pred	1463	3.4752447552447543	2.683333333333333
1464	BGLOBIN	A	GTR4GAA	pred	1464	4.376673951048952	2.5729166666666665
1465	BGLOBIN	A	GTR4GAA	pred	1465	3.731653069153069	2.759722222222222
1466	BGLOBIN	A	GTR4GAA	pred	1466	5.461386460761459	2.8909722222222225
1467	BGLOBIN	A	GTR4GAA	pred	1467	4.633597027972031	2.872916666666667
1468	BGLOBIN	A	GTR4GAA	pred	1468	6.261460761460761	3.0277777777777777
1469	BGLOBIN	A	GTR4GAA	pred	1469	4.940908605283603	2.7881944444444446
1470	BGLOBIN	A	GTR4GAA	pred	1470	4.705558954933954	2.8256944444444443
1471	BGLOBIN	A	GTR4GAA	pred	1471	5.462649572649574	2.9027777777777777
1472	BGLOBIN	A	GTR4GAA	pred	1472	4.8271309246309215	2.7513888888888887
1473	BGLOBIN	A	GTR4GAA	pred	1473	4.430127719502718	2.759027777777778
1474	BGLOBIN	A	GTR4GAA	pred	1474	3.6265248640248635	2.6069444444444443
1475	BGLOBIN	A	GTR4GAA	pred	1475	4.256359265734267	2.747916666666667
1476	BGLOBIN	A	GTR4GAA	pred	1476	4.597060994560994	2.901388888888889
1477	BGLOBIN	A	GTR4GAA	pred	1477	4.244995629370632	2.9437499999999996
1478	BGLOBIN	A	GTR4GAA	pred	1478	5.073146853146853	2.8666666666666667
1479	BGLOBIN	A	GTR4GAA	pred	1479	5.826245143745146	2.9930555555555554
1480	BGLOBIN	A	GTR4GAA	pred	1480	5.240314199689202	2.9243055555555557
1481	BGLOBIN	A	GTR4GAA	pred	1481	4.887130924630923	2.8736111111111113
1482	BGLOBIN	A	GTR4GAA	pred	1482	3.394121503496505	2.6479166666666667
1483	BGLOBIN	A	GTR4GAA	pred	1483	5.04124125874126	2.870833333333333
1484	BGLOBIN	A	GTR4GAA	pred	1484	6.395382672882674	2.9986111111111113
1485	BGLOBIN	A	GTR4GAA	pred	1485	5.987202311577311	2.8881944444444443
1486	BGLOBIN	A	GTR4GAA	pred	1486	6.495384129759132	2.9506944444444443
1487	BGLOBIN	A	GTR4GAA	pred	1487	6.840961538461544	3.1125
1488	BGLOBIN	A	GTR4GAA	pred	1488	7.0464257964257975	3.2027777777777775
1489	BGLOBIN	A	GTR4GAA	pred	1489	7.644164724164723	3.1444444444444444
1490	BGLOBIN	A	GTR4GAA	pred	1490	7.205545843045843	3.2430555555555554
1491	BGLOBIN	A	GTR4GAA	pred	1491	7.217342171717171	3.0493055555555557
1492	BGLOBIN	A	GTR4GAA	pred	1492	5.858177447552446	2.9854166666666666
1493	BGLOBIN	A	GTR4GAA	pred	1493	5.358785936285936	2.790277777777778
1494	BGLOBIN	A	GTR4GAA	pred	1494	4.789708139083139	2.740972222222222
1495	BGLOBIN	A	GTR4GAA	pred	1495	6.038018162393164	3.045138888888889
1496	BGLOBIN	A	GTR4GAA	pred	1496	5.127731157731158	2.7805555555555554
1497	BGLOBIN	A	GTR4GAA	pred	1497	6.278169677544676	2.853472222222222
1498	BGLOBIN	A	GTR4GAA	pred	1498	5.495046134421135	2.857638888888889
1499	BGLOBIN	A	GTR4GAA	pred	1499	4.023670843045843	2.6131944444444444
1500	BGLOBIN	A	GTR4GAA	pred	1500	4.113810703185703	2.7631944444444443
1501	BGLOBIN	A	GTR4GAA	pred	1501	4.403146853146854	2.675
1502	BGLOBIN	A	GTR4GAA	pred	1502	3.7055356449106456	2.520138888888889
1503	BGLOBIN	A	GTR4GAA	pred	1503	6.2694405594405564	2.925
1504	BGLOBIN	A	GTR4GAA	pred	1504	6.333492132867131	2.7354166666666666
1505	BGLOBIN	A	GTR4GAA	pred	1505	5.095547299922301	2.821527777777778
1506	BGLOBIN	A	GTR4GAA	pred	1506	3.8358488733488754	2.7847222222222223
1507	BGLOBIN	A	GTR4GAA	pred	1507	5.01342463092463	2.801388888888889
1508	BGLOBIN	A	GTR4GAA	pred	1508	4.94536081973582	2.9048611111111113
1509	BGLOBIN	A	GTR4GAA	pred	1509	6.002095959595958	3.023611111111111
1510	BGLOBIN	A	GTR4GAA	pred	1510	5.317241647241648	2.8194444444444446
1511	BGLOBIN	A	GTR4GAA	pred	1511	4.870907148407147	2.798611111111111
1512	BGLOBIN	A	GTR4GAA	pred	1512	4.152505341880342	2.7034722222222225
1513	BGLOBIN	A	GTR4GAA	pred	1513	4.8104424048174055	2.7840277777777778
1514	BGLOBIN	A	GTR4GAA	pred	1514	3.8771207264957246	2.6409722222222225
1515	BGLOBIN	A	GTR4GAA	pred	1515	4.95919143356643	2.9604166666666667
1516	BGLOBIN	A	GTR4GAA	pred	1516	5.280977078477078	2.851388888888889
1517	BGLOBIN	A	GTR4GAA	pred	1517	4.772237762237765	2.7583333333333333
1518	BGLOBIN	A	GTR4GAA	pred	1518	4.2786169386169375	2.711111111111111
1519	BGLOBIN	A	GTR4GAA	pred	1519	4.671839549339549	2.9569444444444444
1520	BGLOBIN	A	GTR4GAA	pred	1520	4.3916996891996885	2.9180555555555556
1521	BGLOBIN	A	GTR4GAA	pred	1521	5.544846542346546	3.0430555555555556
1522	BGLOBIN	A	GTR4GAA	pred	1522	4.978037587412586	2.8187499999999996
1523	BGLOBIN	A	GTR4GAA	pred	1523	7.780481740481741	3.1222222222222222
1524	BGLOBIN	A	GTR4GAA	pred	1524	5.03255196192696	2.7631944444444443
1525	BGLOBIN	A	GTR4GAA	pred	1525	6.325126262626265	2.9930555555555554
1526	BGLOBIN	A	GTR4GAA	pred	1526	5.597917637917639	2.961111111111111
1527	BGLOBIN	A	GTR4GAA	pred	1527	4.718181332556334	2.8618055555555557
1528	BGLOBIN	A	GTR4GAA	pred	1528	4.084001554001555	2.713888888888889
1529	BGLOBIN	A	GTR4GAA	pred	1529	4.56222027972028	2.8125
1530	BGLOBIN	A	GTR4GAA	pred	1530	4.932097902097901	2.8583333333333334
1531	BGLOBIN	A	GTR4GAA	pred	1531	4.381048465423463	2.6881944444444446
1532	BGLOBIN	A	GTR4GAA	pred	1532	5.065143745143746	2.8444444444444446
1533	BGLOBIN	A	GTR4GAA	pred	1533	4.870590034965035	2.95625
1534	BGLOBIN	A	GTR4GAA	pred	1534	3.8199048174048187	2.8402777777777777
1535	BGLOBIN	A	GTR4GAA	pred	1535	4.683973873348875	2.9409722222222223
1536	BGLOBIN	A	GTR4GAA	pred	1536	4.6897416472416475	2.8430555555555554
1537	BGLOBIN	A	GTR4GAA	pred	1537	4.566771076146077	2.959027777777778
1538	BGLOBIN	A	GTR4GAA	pred	1538	7.024113733488735	3.1409722222222225
1539	BGLOBIN	A	GTR4GAA	pred	1539	5.208391608391607	2.9833333333333334
1540	BGLOBIN	A	GTR4GAA	pred	1540	4.350161227661227	2.7819444444444446
1541	BGLOBIN	A	GTR4GAA	pred	1541	6.4312466006216	2.9965277777777777
1542	BGLOBIN	A	GTR4GAA	pred	1542	6.146359265734265	2.964583333333333
1543	BGLOBIN	A	GTR4GAA	pred	1543	4.267897727272726	2.9312500000000004
1544	BGLOBIN	A	GTR4GAA	pred	1544	3.732074106449107	2.704861111111111
1545	BGLOBIN	A	GTR4GAA	pred	1545	3.9451005244755235	2.6312499999999996
1546	BGLOBIN	A	GTR4GAA	pred	1546	4.235345279720278	2.84375
1547	BGLOBIN	A	GTR4GAA	pred	1547	4.6424121017871	2.7868055555555555
1548	BGLOBIN	A	GTR4GAA	pred	1548	6.060803710178708	2.9256944444444444
1549	BGLOBIN	A	GTR4GAA	pred	1549	5.44543706293706	2.6708333333333334
1550	BGLOBIN	A	GTR4GAA	pred	1550	5.843488733488732	2.7972222222222225
1551	BGLOBIN	A	GTR4GAA	pred	1551	5.38065073815074	2.7819444444444446
1552	BGLOBIN	A	GTR4GAA	pred	1552	5.826571484071482	2.848611111111111
1553	BGLOBIN	A	GTR4GAA	pred	1553	3.7900111693861698	2.579861111111111
1554	BGLOBIN	A	GTR4GAA	pred	1554	3.6298557692307694	2.402083333333333
1555	BGLOBIN	A	GTR4GAA	pred	1555	4.58850038850039	2.6055555555555556
1556	BGLOBIN	A	GTR4GAA	pred	1556	5.182509712509712	2.647222222222222
1557	BGLOBIN	A	GTR4GAA	pred	1557	5.4573654817404815	2.678472222222222
1558	BGLOBIN	A	GTR4GAA	pred	1558	3.4748829642579646	2.3590277777777775
1559	BGLOBIN	A	GTR4GAA	pred	1559	3.9860251554001556	2.570138888888889
1560	BGLOBIN	A	GTR4GAA	pred	1560	5.2139117132867145	2.73125
1561	BGLOBIN	A	GTR4GAA	pred	1561	4.953776223776222	2.808333333333333
1562	BGLOBIN	A	GTR4GAA	pred	1562	4.5086538461538455	2.5625
1563	BGLOBIN	A	GTR4GAA	pred	1563	4.873845668220669	2.6618055555555555
1564	BGLOBIN	A	GTR4GAA	pred	1564	5.592097902097904	2.9583333333333335
1565	BGLOBIN	A	GTR4GAA	pred	1565	4.051712801087802	2.7368055555555553
1566	BGLOBIN	A	GTR4GAA	pred	1566	3.40908653846154	2.4520833333333334
1567	BGLOBIN	A	GTR4GAA	pred	1567	4.771969211344212	2.742361111111111
1568	BGLOBIN	A	GTR4GAA	pred	1568	3.5051976495726476	2.634027777777778
1569	BGLOBIN	A	GTR4GAA	pred	1569	4.838646076146078	2.9847222222222225
1570	BGLOBIN	A	GTR4GAA	pred	1570	3.606379176379177	2.5638888888888887
1571	BGLOBIN	A	GTR4GAA	pred	1571	4.147505341880344	2.771527777777778
1572	BGLOBIN	A	GTR4GAA	pred	1572	4.604789724164724	2.8756944444444446
1573	BGLOBIN	A	GTR4GAA	pred	1573	3.916519036519035	2.588888888888889
1574	BGLOBIN	A	GTR4GAA	pred	1574	3.990127719502719	2.540972222222222
1575	BGLOBIN	A	GTR4GAA	pred	1575	5.101234945609946	2.767361111111111
1576	BGLOBIN	A	GTR4GAA	pred	1576	6.249912587412589	3.0208333333333335
1577	BGLOBIN	A	GTR4GAA	pred	1577	7.211572940947939	3.1368055555555556
1578	BGLOBIN	A	GTR4GAA	pred	1578	5.754170551670552	2.9847222222222225
1579	BGLOBIN	A	GTR4GAA	pred	1579	4.075255924630925	2.5923611111111113
1580	BGLOBIN	A	GTR4GAA	pred	1580	4.958701923076921	2.777083333333333
1581	BGLOBIN	A	GTR4GAA	pred	1581	4.6900305944055924	2.7437500000000004
1582	BGLOBIN	A	GTR4GAA	pred	1582	4.58745872183372	2.7826388888888887
1583	BGLOBIN	A	GTR4GAA	pred	1583	4.2587368881118906	2.6187500000000004
1584	BGLOBIN	A	GTR4GAA	pred	1584	6.420743978243976	2.9347222222222222
1585	BGLOBIN	A	GTR4GAA	pred	1585	7.766176670551677	3.2340277777777775
1586	BGLOBIN	A	GTR4GAA	pred	1586	6.905384615384616	3.0083333333333333
1587	BGLOBIN	A	GTR4GAA	pred	1587	4.555395784770784	2.807638888888889
1588	BGLOBIN	A	GTR4GAA	pred	1588	4.309875679875682	2.763888888888889
1589	BGLOBIN	A	GTR4GAA	pred	1589	5.618057498057496	2.788888888888889
1590	BGLOBIN	A	GTR4GAA	pred	1590	5.126975524475529	2.970833333333333
1591	BGLOBIN	A	GTR4GAA	pred	1591	5.3600446775446775	2.9347222222222222
1592	BGLOBIN	A	GTR4GAA	pred	1592	3.3466122766122757	2.5805555555555557
1593	BGLOBIN	A	GTR4GAA	pred	1593	4.918040015540016	2.7486111111111113
1594	BGLOBIN	A	GTR4GAA	pred	1594	4.63097902097902	2.925
1595	BGLOBIN	A	GTR4GAA	pred	1595	4.747317404817408	2.7152777777777777
1596	BGLOBIN	A	GTR4GAA	pred	1596	3.6784304584304603	2.7055555555555557
1597	BGLOBIN	A	GTR4GAA	pred	1597	3.6449762043512037	2.820138888888889
1598	BGLOBIN	A	GTR4GAA	pred	1598	6.905244269619268	3.0993055555555555
1599	BGLOBIN	A	GTR4GAA	pred	1599	5.841833721833723	2.9388888888888887
1600	BGLOBIN	A	GTR4GAA	pred	1600	4.405628885003883	2.7131944444444445
1601	BGLOBIN	A	GTR4GAA	pred	1601	3.8656055749805756	2.5923611111111113
1602	BGLOBIN	A	GTR4GAA	pred	1602	5.41943278943279	2.897222222222222
1603	BGLOBIN	A	GTR4GAA	pred	1603	4.321629759129758	2.6680555555555556
1604	BGLOBIN	A	GTR4GAA	pred	1604	4.447225621600621	2.615972222222222
1605	BGLOBIN	A	GTR4GAA	pred	1605	3.4606818181818193	2.5708333333333333
1606	BGLOBIN	A	GTR4GAA	pred	1606	4.345003885003883	2.7555555555555555
1607	BGLOBIN	A	GTR4GAA	pred	1607	4.127457264957264	2.6847222222222222
1608	BGLOBIN	A	GTR4GAA	pred	1608	3.912569930069932	2.720833333333333
1609	BGLOBIN	A	GTR4GAA	pred	1609	4.207039141414142	2.7826388888888887
1610	BGLOBIN	A	GTR4GAA	pred	1610	2.811537975912974	2.6993055555555556
1611	BGLOBIN	A	GTR4GAA	pred	1611	4.715866355866358	2.772222222222222
1612	BGLOBIN	A	GTR4GAA	pred	1612	6.486778846153845	3.03125
1613	BGLOBIN	A	GTR4GAA	pred	1613	4.167674825174826	2.6708333333333334
1614	BGLOBIN	A	GTR4GAA	pred	1614	3.696165015540016	2.757638888888889
1615	BGLOBIN	A	GTR4GAA	pred	1615	6.45482323232323	3.026388888888889
1616	BGLOBIN	A	GTR4GAA	pred	1616	5.437342657342657	2.8833333333333333
1617	BGLOBIN	A	GTR4GAA	pred	1617	5.5771207264957265	2.7965277777777775
1618	BGLOBIN	A	GTR4GAA	pred	1618	5.687548076923077	2.8854166666666665
1619	BGLOBIN	A	GTR4GAA	pred	1619	5.844164724164725	2.9444444444444446
1620	BGLOBIN	A	GTR4GAA	pred	1620	5.441693861693861	3.088888888888889
1621	BGLOBIN	A	GTR4GAA	pred	1621	4.068247377622377	2.714583333333333
1622	BGLOBIN	A	GTR4GAA	pred	1622	4.393142482517479	2.652083333333333
1623	BGLOBIN	A	GTR4GAA	pred	1623	4.182652972027973	2.847916666666667
1624	BGLOBIN	A	GTR4GAA	pred	1624	4.906385003885005	2.8319444444444444
1625	BGLOBIN	A	GTR4GAA	pred	1625	4.386118395493396	2.8256944444444443
1626	BGLOBIN	A	GTR4GAA	pred	1626	4.579032148407146	2.807638888888889
1627	BGLOBIN	A	GTR4GAA	pred	1627	5.447614607614609	2.772222222222222
1628	BGLOBIN	A	GTR4GAA	pred	1628	5.7823076923076915	2.9583333333333335
1629	BGLOBIN	A	GTR4GAA	pred	1629	4.470904720279718	2.8187499999999996
1630	BGLOBIN	A	GTR4GAA	pred	1630	5.90677107614608	2.896527777777778
1631	BGLOBIN	A	GTR4GAA	pred	1631	3.8220624514374513	2.5256944444444445
1632	BGLOBIN	A	GTR4GAA	pred	1632	3.8192186285936303	2.696527777777778
1633	BGLOBIN	A	GTR4GAA	pred	1633	4.005034479409478	2.7493055555555554
1634	BGLOBIN	A	GTR4GAA	pred	1634	5.009261363636366	2.8062500000000004
1635	BGLOBIN	A	GTR4GAA	pred	1635	4.691870629370628	2.9458333333333333
1636	BGLOBIN	A	GTR4GAA	pred	1636	4.336953671328672	3.0062499999999996
1637	BGLOBIN	A	GTR4GAA	pred	1637	5.789754759129759	3.0743055555555556
1638	BGLOBIN	A	GTR4GAA	pred	1638	4.164859654234653	2.8368055555555554
1639	BGLOBIN	A	GTR4GAA	pred	1639	4.811141705516705	2.9715277777777778
1640	BGLOBIN	A	GTR4GAA	pred	1640	3.915803710178708	3.0381944444444446
1641	BGLOBIN	A	GTR4GAA	pred	1641	3.8616661810411808	2.6909722222222223
1642	BGLOBIN	A	GTR4GAA	pred	1642	4.463562062937062	2.8020833333333335
1643	BGLOBIN	A	GTR4GAA	pred	1643	4.687832167832168	2.7
1644	BGLOBIN	A	GTR4GAA	pred	1644	5.773092463092463	3.013888888888889
1645	BGLOBIN	A	GTR4GAA	pred	1645	4.879438616938617	2.826388888888889
1646	BGLOBIN	A	GTR4GAA	pred	1646	4.1452559246309235	2.620138888888889
1647	BGLOBIN	A	GTR4GAA	pred	1647	5.171561285936286	2.8159722222222223
1648	BGLOBIN	A	GTR4GAA	pred	1648	4.630831390831394	2.822222222222222
1649	BGLOBIN	A	GTR4GAA	pred	1649	4.313395493395493	2.7444444444444445
1650	BGLOBIN	A	GTR4GAA	pred	1650	6.142377622377621	3.0
1651	BGLOBIN	A	GTR4GAA	pred	1651	5.8481580225330205	3.104861111111111
1652	BGLOBIN	A	GTR4GAA	pred	1652	4.864939782439783	2.9097222222222223
1653	BGLOBIN	A	GTR4GAA	pred	1653	3.9165947940947934	2.7930555555555556
1654	BGLOBIN	A	GTR4GAA	pred	1654	5.3612466006216	2.946527777777778
1655	BGLOBIN	A	GTR4GAA	pred	1655	3.7315340909090917	2.597916666666667
1656	BGLOBIN	A	GTR4GAA	pred	1656	4.912948232323236	2.742361111111111
1657	BGLOBIN	A	GTR4GAA	pred	1657	3.9797897241647253	2.6118055555555557
1658	BGLOBIN	A	GTR4GAA	pred	1658	4.2638209013209005	2.709722222222222
1659	BGLOBIN	A	GTR4GAA	pred	1659	4.451079545454545	2.70625
1660	BGLOBIN	A	GTR4GAA	pred	1660	3.926864316239313	2.5923611111111113
1661	BGLOBIN	A	GTR4GAA	pred	1661	4.513903943278943	2.740972222222222
1662	BGLOBIN	A	GTR4GAA	pred	1662	4.150254467754467	2.6097222222222225
1663	BGLOBIN	A	GTR4GAA	pred	1663	4.735931915306913	2.709027777777778
1664	BGLOBIN	A	GTR4GAA	pred	1664	5.455104895104896	2.816666666666667
1665	BGLOBIN	A	GTR4GAA	pred	1665	5.936584595959596	2.742361111111111
1666	BGLOBIN	A	GTR4GAA	pred	1666	5.853002622377622	2.8812499999999996
1667	BGLOBIN	A	GTR4GAA	pred	1667	5.85146853146853	2.8666666666666667
1668	BGLOBIN	A	GTR4GAA	pred	1668	3.999137043512043	2.754861111111111
1669	BGLOBIN	A	GTR4GAA	pred	1669	3.7062451437451442	2.8319444444444444
1670	BGLOBIN	A	GTR4GAA	pred	1670	4.801818181818179	2.933333333333333
1671	BGLOBIN	A	GTR4GAA	pred	1671	4.118366355866354	2.6597222222222223
1672	BGLOBIN	A	GTR4GAA	pred	1672	4.992999222999224	2.7472222222222222
1673	BGLOBIN	A	GTR4GAA	pred	1673	5.144257964257966	2.6277777777777778
1674	BGLOBIN	A	GTR4GAA	pred	1674	5.881414141414139	2.861111111111111
1675	BGLOBIN	A	GTR4GAA	pred	1675	6.217008547008544	2.986111111111111
1676	BGLOBIN	A	GTR4GAA	pred	1676	8.394416763791762	3.0298611111111113
1677	BGLOBIN	A	GTR4GAA	pred	1677	7.3182517482517495	2.941666666666667
1678	BGLOBIN	A	GTR4GAA	pred	1678	7.8322605866355826	3.115972222222222
1679	BGLOBIN	A	GTR4GAA	pred	1679	6.468995726495729	3.0597222222222222
1680	BGLOBIN	A	GTR4GAA	pred	1680	6.776175213675216	3.0680555555555555
1681	BGLOBIN	A	GTR4GAA	pred	1681	5.997132867132867	3.091666666666667
1682	BGLOBIN	A	GTR4GAA	pred	1682	5.4456857031857	3.0180555555555557
1683	BGLOBIN	A	GTR4GAA	pred	1683	5.0936669580419585	2.9437499999999996
1684	BGLOBIN	A	GTR4GAA	pred	1684	5.584506118881119	2.872916666666667
1685	BGLOBIN	A	GTR4GAA	pred	1685	4.783037587412588	2.6770833333333335
1686	BGLOBIN	A	GTR4GAA	pred	1686	5.154916472416473	2.8069444444444445
1687	BGLOBIN	A	GTR4GAA	pred	1687	5.347738442113445	2.982638888888889
1688	BGLOBIN	A	GTR4GAA	pred	1688	5.345535644910645	2.742361111111111
1689	BGLOBIN	A	GTR4GAA	pred	1689	4.250621600621601	2.5972222222222223
1690	BGLOBIN	A	GTR4GAA	pred	1690	4.137621891996889	2.6381944444444443
1691	BGLOBIN	A	GTR4GAA	pred	1691	5.344893162393161	2.8763888888888887
1692	BGLOBIN	A	GTR4GAA	pred	1692	4.945827020202021	2.8159722222222223
1693	BGLOBIN	A	GTR4GAA	pred	1693	4.308203185703185	2.6930555555555555
1694	BGLOBIN	A	GTR4GAA	pred	1694	5.383029817404818	2.9840277777777775
1695	BGLOBIN	A	GTR4GAA	pred	1695	6.257132867132867	3.1416666666666666
1696	BGLOBIN	A	GTR4GAA	pred	1696	6.340604118104122	3.0652777777777778
1697	BGLOBIN	A	GTR4GAA	pred	1697	7.763401320901317	3.1597222222222223
1698	BGLOBIN	A	GTR4GAA	pred	1698	8.881256798756793	3.273611111111111
1699	BGLOBIN	A	GTR4GAA	pred	1699	4.844566822066823	2.6569444444444446
1700	BGLOBIN	A	GTR4GAA	pred	1700	4.193736888111891	2.660416666666667
1701	BGLOBIN	A	GTR4GAA	pred	1701	3.9708852952602958	2.567361111111111
1702	BGLOBIN	A	GTR4GAA	pred	1702	4.331538461538463	2.7249999999999996
1703	BGLOBIN	A	GTR4GAA	pred	1703	4.982268356643357	2.7729166666666667
1704	BGLOBIN	A	GTR4GAA	pred	1704	4.820310314685318	2.8270833333333334
1705	BGLOBIN	A	GTR4GAA	pred	1705	6.125027195027195	2.897222222222222
1706	BGLOBIN	A	GTR4GAA	pred	1706	5.056359265734266	2.9145833333333333
1707	BGLOBIN	A	GTR4GAA	pred	1707	4.658422202797203	2.84375
1708	BGLOBIN	A	GTR4GAA	pred	1708	4.497400446775447	2.896527777777778
1709	BGLOBIN	A	GTR4GAA	pred	1709	4.910034479409482	2.9743055555555555
1710	BGLOBIN	A	GTR4GAA	pred	1710	6.984925699300702	3.160416666666667
1711	BGLOBIN	A	GTR4GAA	pred	1711	5.156503010878013	2.8493055555555555
1712	BGLOBIN	A	GTR4GAA	pred	1712	4.298319735819736	2.601388888888889
1713	BGLOBIN	A	GTR4GAA	pred	1713	3.5966778360528373	2.5756944444444443
1714	BGLOBIN	A	GTR4GAA	pred	1714	4.639206973581975	2.7826388888888887
1715	BGLOBIN	A	GTR4GAA	pred	1715	4.961036810411812	3.0034722222222223
1716	BGLOBIN	A	GTR4GAA	pred	1716	6.091204351204352	3.011111111111111
1717	BGLOBIN	A	GTR4GAA	pred	1717	5.70707847707848	2.886111111111111
1718	BGLOBIN	A	GTR4GAA	pred	1718	6.263247377622379	2.939583333333333
1719	BGLOBIN	A	GTR4GAA	pred	1719	6.345974650349651	2.95625
1720	BGLOBIN	A	GTR4GAA	pred	1720	4.677622377622378	2.7666666666666666
1721	BGLOBIN	A	GTR4GAA	pred	1721	4.165733780108781	2.8381944444444445
1722	BGLOBIN	A	GTR4GAA	pred	1722	5.089073426573425	2.7874999999999996
1723	BGLOBIN	A	GTR4GAA	pred	1723	3.857901612276614	2.6493055555555554
1724	BGLOBIN	A	GTR4GAA	pred	1724	4.882225621600621	2.790972222222222
1725	BGLOBIN	A	GTR4GAA	pred	1725	3.7996425796425815	2.6277777777777778
1726	BGLOBIN	A	GTR4GAA	pred	1726	4.613302253302254	2.838888888888889
1727	BGLOBIN	A	GTR4GAA	pred	1727	6.494357031857032	2.9680555555555554
1728	BGLOBIN	A	GTR4GAA	pred	1728	4.0038986013986015	2.6875
1729	BGLOBIN	A	GTR4GAA	pred	1729	6.15033216783217	2.8958333333333335
1730	BGLOBIN	A	GTR4GAA	pred	1730	5.36522095959596	2.895138888888889
1731	BGLOBIN	A	GTR4GAA	pred	1731	4.997268356643356	2.8354166666666667
1732	BGLOBIN	A	GTR4GAA	pred	1732	5.287050796425795	2.896527777777778
1733	BGLOBIN	A	GTR4GAA	pred	1733	2.9933255633255618	2.5694444444444446
1734	BGLOBIN	A	GTR4GAA	pred	1734	3.239191433566434	2.4270833333333335
1735	BGLOBIN	A	GTR4GAA	pred	1735	3.3669852369852364	2.5472222222222225
1736	BGLOBIN	A	GTR4GAA	pred	1736	4.238010878010878	2.7055555555555557
1737	BGLOBIN	A	GTR4GAA	pred	1737	4.497294094794094	2.9680555555555554
1738	BGLOBIN	A	GTR4GAA	pred	1738	5.198267288267289	2.863888888888889
1739	BGLOBIN	A	GTR4GAA	pred	1739	3.8623072066822055	2.7118055555555554
1740	BGLOBIN	A	GTR4GAA	pred	1740	5.0717477661227655	2.7506944444444446
1741	BGLOBIN	A	GTR4GAA	pred	1741	4.979531857031858	2.8430555555555554
1742	BGLOBIN	A	GTR4GAA	pred	1742	4.470839160839161	2.7083333333333335
1743	BGLOBIN	A	GTR4GAA	pred	1743	5.343880633255631	2.8743055555555554
1744	BGLOBIN	A	GTR4GAA	pred	1744	5.850769230769231	2.7666666666666666
1745	BGLOBIN	A	GTR4GAA	pred	1745	5.203701923076922	2.8354166666666667
1746	BGLOBIN	A	GTR4GAA	pred	1746	4.476346153846153	2.779166666666667
1747	BGLOBIN	A	GTR4GAA	pred	1747	4.327777777777776	2.8138888888888887
1748	BGLOBIN	A	GTR4GAA	pred	1748	5.324719794094793	2.8631944444444444
1749	BGLOBIN	A	GTR4GAA	pred	1749	4.380371017871018	2.8069444444444445
1750	BGLOBIN	A	GTR4GAA	pred	1750	5.205279234654236	2.8743055555555554
1751	BGLOBIN	A	GTR4GAA	pred	1751	6.017190656565657	3.0909722222222222
1752	BGLOBIN	A	GTR4GAA	pred	1752	4.714388111888113	2.8958333333333335
1753	BGLOBIN	A	GTR4GAA	pred	1753	5.117447066822066	2.9368055555555554
1754	BGLOBIN	A	GTR4GAA	pred	1754	5.86298174048174	2.884722222222222
1755	BGLOBIN	A	GTR4GAA	pred	1755	7.04776223776224	3.1416666666666666
1756	BGLOBIN	A	GTR4GAA	pred	1756	4.745306915306913	2.697222222222222
1757	BGLOBIN	A	GTR4GAA	pred	1757	5.038694153069151	2.7840277777777778
1758	BGLOBIN	A	GTR4GAA	pred	1758	6.9436363636363625	2.816666666666667
1759	BGLOBIN	A	GTR4GAA	pred	1759	6.612678710178709	2.9430555555555555
1760	BGLOBIN	A	GTR4GAA	pred	1760	5.769436188811189	3.002083333333333
1761	BGLOBIN	A	GTR4GAA	pred	1761	3.949440559440561	2.875
1762	BGLOBIN	A	GTR4GAA	pred	1762	4.984078768453768	2.9659722222222222
1763	BGLOBIN	A	GTR4GAA	pred	1763	5.741677836052833	3.0618055555555554
1764	BGLOBIN	A	GTR4GAA	pred	1764	5.168282342657343	2.79375
1765	BGLOBIN	A	GTR4GAA	pred	1765	5.602167832167832	2.9916666666666667
1766	BGLOBIN	A	GTR4GAA	pred	1766	4.667167346542349	2.8756944444444446
1767	BGLOBIN	A	GTR4GAA	pred	1767	4.461909479409475	2.7819444444444446
1768	BGLOBIN	A	GTR4GAA	pred	1768	4.326524864024865	2.7819444444444446
1769	BGLOBIN	A	GTR4GAA	pred	1769	4.679811577311578	2.8430555555555554
1770	BGLOBIN	A	GTR4GAA	pred	1770	6.304560994560994	2.986111111111111
1771	BGLOBIN	A	GTR4GAA	pred	1771	6.933409090909091	3.2291666666666665
1772	BGLOBIN	A	GTR4GAA	pred	1772	4.547202797202798	2.8583333333333334
1773	BGLOBIN	A	GTR4GAA	pred	1773	6.771839549339552	2.9430555555555555
1774	BGLOBIN	A	GTR4GAA	pred	1774	7.214933954933953	3.1444444444444444
1775	BGLOBIN	A	GTR4GAA	pred	1775	6.115646853146853	2.9875
1776	BGLOBIN	A	GTR4GAA	pred	1776	5.76454545454545	2.8916666666666666
1777	BGLOBIN	A	GTR4GAA	pred	1777	5.05881118881119	2.7416666666666667
1778	BGLOBIN	A	GTR4GAA	pred	1778	5.1666545260295305	2.757638888888889
1779	BGLOBIN	A	GTR4GAA	pred	1779	5.530574980574977	3.0638888888888887
1780	BGLOBIN	A	GTR4GAA	pred	1780	4.990170454545453	2.777083333333333
1781	BGLOBIN	A	GTR4GAA	pred	1781	4.308080808080807	2.7944444444444443
1782	BGLOBIN	A	GTR4GAA	pred	1782	5.306757964257964	2.9652777777777777
1783	BGLOBIN	A	GTR4GAA	pred	1783	4.5918803418803416	2.8472222222222223
1784	BGLOBIN	A	GTR4GAA	pred	1784	4.357423756798758	2.620138888888889
1785	BGLOBIN	A	GTR4GAA	pred	1785	5.637971542346547	2.8993055555555554
1786	BGLOBIN	A	GTR4GAA	pred	1786	6.712958430458431	3.0180555555555557
1787	BGLOBIN	A	GTR4GAA	pred	1787	8.456910936285936	3.290972222222222
1788	BGLOBIN	A	GTR4GAA	pred	1788	5.51050505050505	3.038888888888889
1789	BGLOBIN	A	GTR4GAA	pred	1789	7.533562062937063	3.252083333333333
1790	BGLOBIN	A	GTR4GAA	pred	1790	7.021304875679876	3.2173611111111113
1791	BGLOBIN	A	GTR4GAA	pred	1791	6.962189199689201	3.2069444444444444
1792	BGLOBIN	A	GTR4GAA	pred	1792	8.451047008547008	3.5986111111111114
1793	BGLOBIN	A	GTR4GAA	pred	1793	7.187548076923074	3.21875
1794	BGLOBIN	A	GTR4GAA	pred	1794	8.156293706293708	3.2916666666666665
1795	BGLOBIN	A	GTR4GAA	pred	1795	6.940295260295265	3.088888888888889
1796	BGLOBIN	A	GTR4GAA	pred	1796	7.425819735819729	2.913888888888889
1797	BGLOBIN	A	GTR4GAA	pred	1797	9.196398115773116	3.1756944444444444
1798	BGLOBIN	A	GTR4GAA	pred	1798	6.801116938616939	3.076388888888889
1799	BGLOBIN	A	GTR4GAA	pred	1799	8.566468045843045	3.2131944444444445
1800	BGLOBIN	A	GTR4GAA	pred	1800	5.257498057498058	2.788888888888889
1801	BGLOBIN	A	GTR4GAA	pred	1801	4.951841006216005	2.8159722222222223
1802	BGLOBIN	A	GTR4GAA	pred	1802	4.307936577311576	2.7368055555555557
1803	BGLOBIN	A	GTR4GAA	pred	1803	4.8199645493395495	2.8256944444444443
1804	BGLOBIN	A	GTR4GAA	pred	1804	6.0021556915306915	3.040972222222222
1805	BGLOBIN	A	GTR4GAA	pred	1805	5.436548174048175	2.8402777777777777
1806	BGLOBIN	A	GTR4GAA	pred	1806	6.19055944055944	2.9916666666666667
1807	BGLOBIN	A	GTR4GAA	pred	1807	4.725027195027197	2.8472222222222223
1808	BGLOBIN	A	GTR4GAA	pred	1808	4.627074106449107	2.920138888888889
1809	BGLOBIN	A	GTR4GAA	pred	1809	5.077045454545455	2.879166666666667
1810	BGLOBIN	A	GTR4GAA	pred	1810	4.639578477078481	3.026388888888889
1811	BGLOBIN	A	GTR4GAA	pred	1811	3.62377428127428	2.8763888888888887
1812	BGLOBIN	A	GTR4GAA	pred	1812	3.1588922882672876	2.670138888888889
1813	BGLOBIN	A	GTR4GAA	pred	1813	5.311293220668219	2.9256944444444444
1814	BGLOBIN	A	GTR4GAA	pred	1814	3.9974121017870994	2.6881944444444446
1815	BGLOBIN	A	GTR4GAA	pred	1815	5.092967657342659	2.85625
1816	BGLOBIN	A	GTR4GAA	pred	1816	4.653517871017874	2.6319444444444446
1817	BGLOBIN	A	GTR4GAA	pred	1817	4.039113733488732	2.728472222222222
1818	BGLOBIN	A	GTR4GAA	pred	1818	3.099859654234654	2.4618055555555554
1819	BGLOBIN	A	GTR4GAA	pred	1819	3.8192696192696203	2.7555555555555555
1820	BGLOBIN	A	GTR4GAA	pred	1820	3.97365773115773	2.8430555555555554
1821	BGLOBIN	A	GTR4GAA	pred	1821	3.7415540015540025	2.6888888888888887
1822	BGLOBIN	A	GTR4GAA	pred	1822	3.7276146076146084	2.6222222222222222
1823	BGLOBIN	A	GTR4GAA	pred	1823	4.7598426573426575	2.720833333333333
1824	BGLOBIN	A	GTR4GAA	pred	1824	6.292165889665889	2.8986111111111112
1825	BGLOBIN	A	GTR4GAA	pred	1825	4.298740773115774	2.8493055555555555
1826	BGLOBIN	A	GTR4GAA	pred	1826	5.583479020979021	2.7874999999999996
1827	BGLOBIN	A	GTR4GAA	pred	1827	6.169541083916082	2.9604166666666667
1828	BGLOBIN	A	GTR4GAA	pred	1828	6.001813811188811	3.0145833333333334
1829	BGLOBIN	A	GTR4GAA	pred	1829	5.4908139083139105	3.134722222222222
1830	BGLOBIN	A	GTR4GAA	pred	1830	5.443074980574979	2.951388888888889
1831	BGLOBIN	A	GTR4GAA	pred	1831	6.840535644910646	3.054861111111111
1832	BGLOBIN	A	GTR4GAA	pred	1832	6.0460795454545435	3.064583333333333
1833	BGLOBIN	A	GTR4GAA	pred	1833	7.9126787101787075	3.2930555555555556
1834	BGLOBIN	A	GTR4GAA	pred	1834	6.057913267288265	3.107638888888889
1835	BGLOBIN	A	GTR4GAA	pred	1835	5.567023601398601	2.872916666666667
1836	BGLOBIN	A	GTR4GAA	pred	1836	4.890629370629372	2.8833333333333333
1837	BGLOBIN	A	GTR4GAA	pred	1837	6.162618006993008	3.04375
1838	BGLOBIN	A	GTR4GAA	pred	1838	5.371848776223784	3.04375
1839	BGLOBIN	A	GTR4GAA	pred	1839	6.688892288267287	2.979861111111111
1840	BGLOBIN	A	GTR4GAA	pred	1840	4.770057789432787	2.946527777777778
1841	BGLOBIN	A	GTR4GAA	pred	1841	4.332911810411811	2.884722222222222
1842	BGLOBIN	A	GTR4GAA	pred	1842	4.558273115773116	2.9430555555555555
1843	BGLOBIN	A	GTR4GAA	pred	1843	4.6974650349650355	2.904166666666667
1844	BGLOBIN	A	GTR4GAA	pred	1844	7.41858391608392	3.1708333333333334
1845	BGLOBIN	A	GTR4GAA	pred	1845	7.095593919968921	3.2006944444444443
1846	BGLOBIN	A	GTR4GAA	pred	1846	5.299241938616942	2.757638888888889
1847	BGLOBIN	A	GTR4GAA	pred	1847	5.509135586635587	2.790277777777778
1848	BGLOBIN	A	GTR4GAA	pred	1848	4.600137917637919	2.801388888888889
1849	BGLOBIN	A	GTR4GAA	pred	1849	6.377544677544681	3.022222222222222
1850	BGLOBIN	A	GTR4GAA	pred	1850	4.872113442113442	2.763888888888889
1851	BGLOBIN	A	GTR4GAA	pred	1851	5.593146853146851	2.8666666666666667
1852	BGLOBIN	A	GTR4GAA	pred	1852	4.659463383838384	2.865972222222222
1853	BGLOBIN	A	GTR4GAA	pred	1853	4.4527972027972	2.9583333333333335
1854	BGLOBIN	A	GTR4GAA	pred	1854	4.367338286713289	2.7020833333333334
1855	BGLOBIN	A	GTR4GAA	pred	1855	6.181647241647242	2.9055555555555554
1856	BGLOBIN	A	GTR4GAA	pred	1856	5.959475038850039	2.9131944444444446
1857	BGLOBIN	A	GTR4GAA	pred	1857	5.517598581973584	2.9673611111111113
1858	BGLOBIN	A	GTR4GAA	pred	1858	4.627224164724163	2.9319444444444445
1859	BGLOBIN	A	GTR4GAA	pred	1859	5.44610674048174	3.115972222222222
1860	BGLOBIN	A	GTR4GAA	pred	1860	5.396534090909088	3.0062499999999996
1861	BGLOBIN	A	GTR4GAA	pred	1861	5.978099747474745	2.9965277777777777
1862	BGLOBIN	A	GTR4GAA	pred	1862	6.963914141414144	3.176388888888889
1863	BGLOBIN	A	GTR4GAA	pred	1863	5.602867132867135	2.8916666666666666
1864	BGLOBIN	A	GTR4GAA	pred	1864	5.828554292929293	2.9659722222222222
1865	BGLOBIN	A	GTR4GAA	pred	1865	5.7095959595959584	2.886111111111111
1866	BGLOBIN	A	GTR4GAA	pred	1866	4.879580419580418	2.9000000000000004
1867	BGLOBIN	A	GTR4GAA	pred	1867	4.264287101787101	2.6819444444444445
1868	BGLOBIN	A	GTR4GAA	pred	1868	5.60515734265734	2.754166666666667
1869	BGLOBIN	A	GTR4GAA	pred	1869	5.376712801087801	2.9881944444444444
1870	BGLOBIN	A	GTR4GAA	pred	1870	4.837027486402488	2.9256944444444444
1871	BGLOBIN	A	GTR4GAA	pred	1871	6.029020493395494	3.1118055555555557
1872	BGLOBIN	A	GTR4GAA	pred	1872	6.218111402486402	2.8881944444444443
1873	BGLOBIN	A	GTR4GAA	pred	1873	6.6776529720279685	3.027083333333333
1874	BGLOBIN	A	GTR4GAA	pred	1874	4.701304875679877	2.9048611111111113
1875	BGLOBIN	A	GTR4GAA	pred	1875	5.154527972027974	2.9458333333333333
1876	BGLOBIN	A	GTR4GAA	pred	1876	4.444743104118104	2.6909722222222223
1877	BGLOBIN	A	GTR4GAA	pred	1877	5.361810411810408	2.802777777777778
1878	BGLOBIN	A	GTR4GAA	pred	1878	7.773496017871016	3.0993055555555555
1879	BGLOBIN	A	GTR4GAA	pred	1879	6.944265734265737	3.0083333333333333
1880	BGLOBIN	A	GTR4GAA	pred	1880	6.286013500388503	3.0506944444444444
1881	BGLOBIN	A	GTR4GAA	pred	1881	6.2433547008547015	3.0013888888888887
1882	BGLOBIN	A	GTR4GAA	pred	1882	5.6735489510489545	3.0791666666666666
1883	BGLOBIN	A	GTR4GAA	pred	1883	4.677667055167057	2.915277777777778
1884	BGLOBIN	A	GTR4GAA	pred	1884	4.032090132090132	2.727777777777778
1885	BGLOBIN	A	GTR4GAA	pred	1885	4.2768410062160065	2.6409722222222225
1886	BGLOBIN	A	GTR4GAA	pred	1886	2.7110936285936273	2.3402777777777777
1887	BGLOBIN	A	GTR4GAA	pred	1887	3.42153409090909	2.48125
1888	BGLOBIN	A	GTR4GAA	pred	1888	5.567093531468532	2.722916666666667
1889	BGLOBIN	A	GTR4GAA	pred	1889	4.653356643356645	2.7249999999999996
1890	BGLOBIN	A	GTR4GAA	pred	1890	4.193238150738152	2.6069444444444443
1891	BGLOBIN	A	GTR4GAA	pred	1891	4.4274980574980605	2.763888888888889
1892	BGLOBIN	A	GTR4GAA	pred	1892	3.730205419580419	2.71875
1893	BGLOBIN	A	GTR4GAA	pred	1893	3.5820202020202023	2.572222222222222
1894	BGLOBIN	A	GTR4GAA	pred	1894	4.532097416472416	2.7993055555555557
1895	BGLOBIN	A	GTR4GAA	pred	1895	6.9214685314685305	3.1083333333333334
1896	BGLOBIN	A	GTR4GAA	pred	1896	7.562515540015541	3.148611111111111
1897	BGLOBIN	A	GTR4GAA	pred	1897	5.977757867132865	2.91875
1898	BGLOBIN	A	GTR4GAA	pred	1898	3.9175752719502714	2.728472222222222
1899	BGLOBIN	A	GTR4GAA	pred	1899	3.841320901320901	2.727777777777778
1900	BGLOBIN	A	GTR4GAA	pred	1900	3.9290831390831404	2.7527777777777778
1901	BGLOBIN	A	GTR4GAA	pred	1901	4.461489898989901	2.8430555555555554
1902	BGLOBIN	A	GTR4GAA	pred	1902	4.649533313908315	2.821527777777778
1903	BGLOBIN	A	GTR4GAA	pred	1903	5.1956405400155345	2.9673611111111113
1904	BGLOBIN	A	GTR4GAA	pred	1904	6.944366258741259	3.060416666666667
1905	BGLOBIN	A	GTR4GAA	pred	1905	6.076495726495726	3.052777777777778
1906	BGLOBIN	A	GTR4GAA	pred	1906	6.441111111111109	2.9527777777777775
1907	BGLOBIN	A	GTR4GAA	pred	1907	7.296315073815076	2.7930555555555556
1908	BGLOBIN	A	GTR4GAA	pred	1908	5.660044677544674	2.8597222222222225
1909	BGLOBIN	A	GTR4GAA	pred	1909	5.8825830419580445	2.7645833333333334
1910	BGLOBIN	A	GTR4GAA	pred	1910	6.005734265734267	2.8666666666666667
1911	BGLOBIN	A	GTR4GAA	pred	1911	7.533841783216782	2.9520833333333334
1912	BGLOBIN	A	GTR4GAA	pred	1912	7.837109071484077	2.995138888888889
1913	BGLOBIN	A	GTR4GAA	pred	1913	5.60187597125097	2.7965277777777775
1914	BGLOBIN	A	GTR4GAA	pred	1914	5.962283896658896	3.017361111111111
1915	BGLOBIN	A	GTR4GAA	pred	1915	5.893284770784772	2.926388888888889
1916	BGLOBIN	A	GTR4GAA	pred	1916	6.484965034965037	3.058333333333333
1917	BGLOBIN	A	GTR4GAA	pred	1917	6.844789724164722	3.1243055555555554
1918	BGLOBIN	A	GTR4GAA	pred	1918	7.061569055944054	3.027083333333333
1919	BGLOBIN	A	GTR4GAA	pred	1919	5.010652195027194	2.7215277777777778
1920	BGLOBIN	A	GTR4GAA	pred	1920	7.15300505050505	3.176388888888889
1921	BGLOBIN	A	GTR4GAA	pred	1921	7.792948232323232	3.120138888888889
1922	BGLOBIN	A	GTR4GAA	pred	1922	7.675236985236984	3.0472222222222225
1923	BGLOBIN	A	GTR4GAA	pred	1923	4.879129759129761	2.7555555555555555
1924	BGLOBIN	A	GTR4GAA	pred	1924	4.754055458430456	2.8993055555555554
1925	BGLOBIN	A	GTR4GAA	pred	1925	5.823986013986011	3.0250000000000004
1926	BGLOBIN	A	GTR4GAA	pred	1926	5.035489024864025	2.9256944444444444
1927	BGLOBIN	A	GTR4GAA	pred	1927	4.583002622377622	2.7645833333333334
1928	BGLOBIN	A	GTR4GAA	pred	1928	5.177311577311575	2.7444444444444445
1929	BGLOBIN	A	GTR4GAA	pred	1929	5.862388791763788	2.870138888888889
1930	BGLOBIN	A	GTR4GAA	pred	1930	4.41034527972028	2.5520833333333335
1931	BGLOBIN	A	GTR4GAA	pred	1931	4.743775738150736	2.7381944444444444
1932	BGLOBIN	A	GTR4GAA	pred	1932	3.6361538461538454	2.4916666666666667
1933	BGLOBIN	A	GTR4GAA	pred	1933	4.786192696192698	2.6694444444444443
1934	BGLOBIN	A	GTR4GAA	pred	1934	4.792766122766121	2.7194444444444446
1935	BGLOBIN	A	GTR4GAA	pred	1935	5.696565656565654	2.8277777777777775
1936	BGLOBIN	A	GTR4GAA	pred	1936	4.394125388500386	2.6493055555555554
1937	BGLOBIN	A	GTR4GAA	pred	1937	3.96853146853147	2.716666666666667
1938	BGLOBIN	A	GTR4GAA	pred	1938	3.9632862276612277	2.6006944444444446
1939	BGLOBIN	A	GTR4GAA	pred	1939	5.079172008547007	2.829861111111111
1940	BGLOBIN	A	GTR4GAA	pred	1940	6.731254370629372	2.902083333333333
1941	BGLOBIN	A	GTR4GAA	pred	1941	5.593045843045843	2.7805555555555554
1942	BGLOBIN	A	GTR4GAA	pred	1942	4.74937062937063	2.683333333333333
1943	BGLOBIN	A	GTR4GAA	pred	1943	5.404226398601399	2.839583333333333
1944	BGLOBIN	A	GTR4GAA	pred	1944	3.873216783216784	2.808333333333333
1945	BGLOBIN	A	GTR4GAA	pred	1945	4.768529526029525	2.848611111111111
1946	BGLOBIN	A	GTR4GAA	pred	1946	3.4772416472416485	2.6805555555555554
1947	BGLOBIN	A	GTR4GAA	pred	1947	4.631328185703186	2.8506944444444446
1948	BGLOBIN	A	GTR4GAA	pred	1948	6.614351204351204	2.963888888888889
1949	BGLOBIN	A	GTR4GAA	pred	1949	5.583903943278943	2.9534722222222225
1950	BGLOBIN	A	GTR4GAA	pred	1950	6.307498057498057	2.863888888888889
1951	BGLOBIN	A	GTR4GAA	pred	1951	4.565908605283604	2.7131944444444445
1952	BGLOBIN	A	GTR4GAA	pred	1952	5.492119269619269	2.7930555555555556
1953	BGLOBIN	A	GTR4GAA	pred	1953	5.478666958041959	2.8645833333333335
1954	BGLOBIN	A	GTR4GAA	pred	1954	6.573892288267286	3.017361111111111
1955	BGLOBIN	A	GTR4GAA	pred	1955	5.511095085470081	2.9048611111111113
1956	BGLOBIN	A	GTR4GAA	pred	1956	7.080174339549339	3.1131944444444444
1957	BGLOBIN	A	GTR4GAA	pred	1957	5.825050505050501	3.088888888888889
1958	BGLOBIN	A	GTR4GAA	pred	1958	5.267540306915308	2.9090277777777778
1959	BGLOBIN	A	GTR4GAA	pred	1959	5.042626262626264	2.7944444444444443
1960	BGLOBIN	A	GTR4GAA	pred	1960	3.9133566433566433	2.575
1961	BGLOBIN	A	GTR4GAA	pred	1961	4.488771853146853	2.7895833333333333
1962	BGLOBIN	A	GTR4GAA	pred	1962	3.7560834304584314	2.5493055555555557
1963	BGLOBIN	A	GTR4GAA	pred	1963	5.292932692307694	2.935416666666667
1964	BGLOBIN	A	GTR4GAA	pred	1964	6.222680167055168	2.9215277777777775
1965	BGLOBIN	A	GTR4GAA	pred	1965	5.131746309246306	2.773611111111111
1966	BGLOBIN	A	GTR4GAA	pred	1966	4.7602622377622374	2.7708333333333335
1967	BGLOBIN	A	GTR4GAA	pred	1967	4.792352369852369	2.790277777777778
1968	BGLOBIN	A	GTR4GAA	pred	1968	3.837598581973582	2.754861111111111
1969	BGLOBIN	A	GTR4GAA	pred	1969	5.2470274864024855	2.8131944444444446
1970	BGLOBIN	A	GTR4GAA	pred	1970	4.868950563325565	2.9381944444444446
1971	BGLOBIN	A	GTR4GAA	pred	1971	4.246431623931624	2.848611111111111
1972	BGLOBIN	A	GTR4GAA	pred	1972	5.178226495726497	2.9652777777777777
1973	BGLOBIN	A	GTR4GAA	pred	1973	3.937604895104896	2.6791666666666667
1974	BGLOBIN	A	GTR4GAA	pred	1974	4.716429195804196	2.6020833333333333
1975	BGLOBIN	A	GTR4GAA	pred	1975	5.567516996891995	2.8743055555555554
1976	BGLOBIN	A	GTR4GAA	pred	1976	6.934137043512046	3.007638888888889
1977	BGLOBIN	A	GTR4GAA	pred	1977	7.41010878010878	3.0805555555555557
1978	BGLOBIN	A	GTR4GAA	pred	1978	4.790161227661225	2.9430555555555555
1979	BGLOBIN	A	GTR4GAA	pred	1979	4.801303418803419	2.8597222222222225
1980	BGLOBIN	A	GTR4GAA	pred	1980	4.583636363636366	2.8333333333333335
1981	BGLOBIN	A	GTR4GAA	pred	1981	3.544188034188034	2.7027777777777775
1982	BGLOBIN	A	GTR4GAA	pred	1982	4.359673174048172	2.771527777777778
1983	BGLOBIN	A	GTR4GAA	pred	1983	5.808943278943277	2.9027777777777777
1984	BGLOBIN	A	GTR4GAA	pred	1984	6.054776612276613	3.0930555555555554
1985	BGLOBIN	A	GTR4GAA	pred	1985	4.396141705516707	2.740972222222222
1986	BGLOBIN	A	GTR4GAA	pred	1986	7.078506216006214	2.9652777777777777
1987	BGLOBIN	A	GTR4GAA	pred	1987	5.536262626262627	2.9305555555555554
1988	BGLOBIN	A	GTR4GAA	pred	1988	6.439645979020977	2.9312500000000004
1989	BGLOBIN	A	GTR4GAA	pred	1989	6.193973873348874	2.9090277777777778
1990	BGLOBIN	A	GTR4GAA	pred	1990	3.8978846153846147	2.654166666666667
1991	BGLOBIN	A	GTR4GAA	pred	1991	6.947167346542345	3.0868055555555554
1992	BGLOBIN	A	GTR4GAA	pred	1992	6.093535353535354	2.8555555555555556
1993	BGLOBIN	A	GTR4GAA	pred	1993	5.527255244755244	2.779166666666667
1994	BGLOBIN	A	GTR4GAA	pred	1994	4.907722902097898	2.79375
1995	BGLOBIN	A	GTR4GAA	pred	1995	4.4512466006216	2.740972222222222
1996	BGLOBIN	A	GTR4GAA	pred	1996	5.279731449106453	2.729861111111111
1997	BGLOBIN	A	GTR4GAA	pred	1997	4.397338286713288	2.752083333333333
1998	BGLOBIN	A	GTR4GAA	pred	1998	5.117031857031858	2.8555555555555556
1999	BGLOBIN	A	GTR4GAA	pred	1999	6.380132090132091	3.102777777777778
