	geneID	repID	modelID	type	mcmcID	var	mean
0	BGLOBIN	A	CATC10GTR4GAA	post	1000	18.091419968919976	3.4930555555555554
1	BGLOBIN	A	CATC10GTR4GAA	post	1001	22.254090423465428	3.7631944444444443
2	BGLOBIN	A	CATC10GTR4GAA	post	1002	24.210108780108776	3.730555555555556
3	BGLOBIN	A	CATC10GTR4GAA	post	1003	34.43640831390832	4.159722222222222
4	BGLOBIN	A	CATC10GTR4GAA	post	1004	30.09333284770786	3.982638888888889
5	BGLOBIN	A	CATC10GTR4GAA	post	1005	31.43195755633255	4.199305555555556
6	BGLOBIN	A	CATC10GTR4GAA	post	1006	34.841468531468536	4.341666666666667
7	BGLOBIN	A	CATC10GTR4GAA	post	1007	31.248492132867145	4.222916666666666
8	BGLOBIN	A	CATC10GTR4GAA	post	1008	29.930435120435103	4.086111111111111
9	BGLOBIN	A	CATC10GTR4GAA	post	1009	19.963199300699294	3.5541666666666667
10	BGLOBIN	A	CATC10GTR4GAA	post	1010	13.237773407148408	3.192361111111111
11	BGLOBIN	A	CATC10GTR4GAA	post	1011	16.101489898989904	3.4430555555555555
12	BGLOBIN	A	CATC10GTR4GAA	post	1012	17.530869755244755	3.4895833333333335
13	BGLOBIN	A	CATC10GTR4GAA	post	1013	21.528600912975918	3.7006944444444443
14	BGLOBIN	A	CATC10GTR4GAA	post	1014	19.59552253302254	3.648611111111111
15	BGLOBIN	A	CATC10GTR4GAA	post	1015	21.12727078477078	3.698611111111111
16	BGLOBIN	A	CATC10GTR4GAA	post	1016	17.32618832556332	3.3868055555555556
17	BGLOBIN	A	CATC10GTR4GAA	post	1017	19.13849213286713	3.4270833333333335
18	BGLOBIN	A	CATC10GTR4GAA	post	1018	16.514263791763796	3.323611111111111
19	BGLOBIN	A	CATC10GTR4GAA	post	1019	15.675659965034967	3.3520833333333333
20	BGLOBIN	A	CATC10GTR4GAA	post	1020	17.031188811188827	3.45
21	BGLOBIN	A	CATC10GTR4GAA	post	1021	18.094999514374518	3.5131944444444443
22	BGLOBIN	A	CATC10GTR4GAA	post	1022	17.38753496503497	3.5125
23	BGLOBIN	A	CATC10GTR4GAA	post	1023	15.438379467754467	3.3409722222222222
24	BGLOBIN	A	CATC10GTR4GAA	post	1024	16.73913704351204	3.432638888888889
25	BGLOBIN	A	CATC10GTR4GAA	post	1025	15.89440122377623	3.41875
26	BGLOBIN	A	CATC10GTR4GAA	post	1026	16.828736888111894	3.3979166666666667
27	BGLOBIN	A	CATC10GTR4GAA	post	1027	19.961367521367524	3.605555555555556
28	BGLOBIN	A	CATC10GTR4GAA	post	1028	15.466386460761457	3.2840277777777778
29	BGLOBIN	A	CATC10GTR4GAA	post	1029	16.080417637917623	3.223611111111111
30	BGLOBIN	A	CATC10GTR4GAA	post	1030	20.53080371017871	3.724305555555555
31	BGLOBIN	A	CATC10GTR4GAA	post	1031	20.90041763791763	3.726388888888889
32	BGLOBIN	A	CATC10GTR4GAA	post	1032	19.630733780108795	3.6743055555555557
33	BGLOBIN	A	CATC10GTR4GAA	post	1033	16.051186868686862	3.448611111111111
34	BGLOBIN	A	CATC10GTR4GAA	post	1034	16.490394327894332	3.4652777777777777
35	BGLOBIN	A	CATC10GTR4GAA	post	1035	16.390337509712502	3.4090277777777778
36	BGLOBIN	A	CATC10GTR4GAA	post	1036	16.89791763791764	3.511111111111111
37	BGLOBIN	A	CATC10GTR4GAA	post	1037	15.260699300699299	3.25
38	BGLOBIN	A	CATC10GTR4GAA	post	1038	12.824473581973578	3.1263888888888887
39	BGLOBIN	A	CATC10GTR4GAA	post	1039	15.99850038850039	3.4194444444444443
40	BGLOBIN	A	CATC10GTR4GAA	post	1040	14.223123057498057	3.2826388888888887
41	BGLOBIN	A	CATC10GTR4GAA	post	1041	12.513099747474751	3.1715277777777775
42	BGLOBIN	A	CATC10GTR4GAA	post	1042	14.588624222999217	3.3284722222222225
43	BGLOBIN	A	CATC10GTR4GAA	post	1043	16.614226398601392	3.5104166666666665
44	BGLOBIN	A	CATC10GTR4GAA	post	1044	16.92545454545453	3.3833333333333333
45	BGLOBIN	A	CATC10GTR4GAA	post	1045	18.132533022533018	3.513888888888889
46	BGLOBIN	A	CATC10GTR4GAA	post	1046	17.734357031857037	3.4819444444444443
47	BGLOBIN	A	CATC10GTR4GAA	post	1047	18.45499951437452	3.4868055555555557
48	BGLOBIN	A	CATC10GTR4GAA	post	1048	16.842235819735812	3.526388888888889
49	BGLOBIN	A	CATC10GTR4GAA	post	1049	15.363169677544684	3.384027777777778
50	BGLOBIN	A	CATC10GTR4GAA	post	1050	15.66055506993007	3.3854166666666665
51	BGLOBIN	A	CATC10GTR4GAA	post	1051	17.79277195027195	3.490277777777778
52	BGLOBIN	A	CATC10GTR4GAA	post	1052	17.85594211344212	3.451388888888889
53	BGLOBIN	A	CATC10GTR4GAA	post	1053	18.58526029526031	3.586111111111111
54	BGLOBIN	A	CATC10GTR4GAA	post	1054	16.822443181818187	3.3645833333333335
55	BGLOBIN	A	CATC10GTR4GAA	post	1055	14.29148407148407	3.1888888888888887
56	BGLOBIN	A	CATC10GTR4GAA	post	1056	13.593564491064495	3.198611111111111
57	BGLOBIN	A	CATC10GTR4GAA	post	1057	14.592878302253304	3.229861111111111
58	BGLOBIN	A	CATC10GTR4GAA	post	1058	12.916304875679877	3.079861111111111
59	BGLOBIN	A	CATC10GTR4GAA	post	1059	13.178142482517487	3.15625
60	BGLOBIN	A	CATC10GTR4GAA	post	1060	15.820116064491065	3.332638888888889
61	BGLOBIN	A	CATC10GTR4GAA	post	1061	19.092179001553998	3.570138888888889
62	BGLOBIN	A	CATC10GTR4GAA	post	1062	14.218041472416468	3.2493055555555554
63	BGLOBIN	A	CATC10GTR4GAA	post	1063	13.904300213675214	3.1368055555555556
64	BGLOBIN	A	CATC10GTR4GAA	post	1064	14.300465714840712	3.2173611111111113
65	BGLOBIN	A	CATC10GTR4GAA	post	1065	14.523002622377621	3.2020833333333334
66	BGLOBIN	A	CATC10GTR4GAA	post	1066	14.956887626262624	3.2743055555555554
67	BGLOBIN	A	CATC10GTR4GAA	post	1067	14.800799825174817	3.2562499999999996
68	BGLOBIN	A	CATC10GTR4GAA	post	1068	15.338313908313909	3.2972222222222225
69	BGLOBIN	A	CATC10GTR4GAA	post	1069	17.173937451437457	3.4819444444444443
70	BGLOBIN	A	CATC10GTR4GAA	post	1070	18.85979020979021	3.5250000000000004
71	BGLOBIN	A	CATC10GTR4GAA	post	1071	19.991957556332558	3.6006944444444446
72	BGLOBIN	A	CATC10GTR4GAA	post	1072	16.312569930069927	3.379166666666667
73	BGLOBIN	A	CATC10GTR4GAA	post	1073	18.047972027972033	3.55
74	BGLOBIN	A	CATC10GTR4GAA	post	1074	18.23245872183372	3.4701388888888887
75	BGLOBIN	A	CATC10GTR4GAA	post	1075	20.058461538461536	3.55
76	BGLOBIN	A	CATC10GTR4GAA	post	1076	16.39295988733489	3.384027777777778
77	BGLOBIN	A	CATC10GTR4GAA	post	1077	16.04204933954933	3.406944444444444
78	BGLOBIN	A	CATC10GTR4GAA	post	1078	17.27136315073815	3.4868055555555557
79	BGLOBIN	A	CATC10GTR4GAA	post	1079	17.6315845959596	3.432638888888889
80	BGLOBIN	A	CATC10GTR4GAA	post	1080	15.356128593628585	3.2347222222222225
81	BGLOBIN	A	CATC10GTR4GAA	post	1081	14.100380244755254	3.189583333333333
82	BGLOBIN	A	CATC10GTR4GAA	post	1082	15.400908605283602	3.3993055555555554
83	BGLOBIN	A	CATC10GTR4GAA	post	1083	14.13873931623932	3.201388888888889
84	BGLOBIN	A	CATC10GTR4GAA	post	1084	17.497237276612275	3.4756944444444446
85	BGLOBIN	A	CATC10GTR4GAA	post	1085	18.51150738150738	3.4805555555555556
86	BGLOBIN	A	CATC10GTR4GAA	post	1086	16.90491064491065	3.5388888888888888
87	BGLOBIN	A	CATC10GTR4GAA	post	1087	21.10908896658897	3.876388888888889
88	BGLOBIN	A	CATC10GTR4GAA	post	1088	20.939625097125088	3.865277777777778
89	BGLOBIN	A	CATC10GTR4GAA	post	1089	21.56372766122767	3.8819444444444446
90	BGLOBIN	A	CATC10GTR4GAA	post	1090	18.40727078477079	3.548611111111111
91	BGLOBIN	A	CATC10GTR4GAA	post	1091	16.735275349650358	3.3270833333333334
92	BGLOBIN	A	CATC10GTR4GAA	post	1092	17.0071250971251	3.352777777777778
93	BGLOBIN	A	CATC10GTR4GAA	post	1093	17.090767288267283	3.3763888888888887
94	BGLOBIN	A	CATC10GTR4GAA	post	1094	20.557667055167062	3.5652777777777778
95	BGLOBIN	A	CATC10GTR4GAA	post	1095	26.345452602952587	4.026388888888889
96	BGLOBIN	A	CATC10GTR4GAA	post	1096	20.27383401320902	3.609027777777778
97	BGLOBIN	A	CATC10GTR4GAA	post	1097	18.206472416472423	3.4805555555555556
98	BGLOBIN	A	CATC10GTR4GAA	post	1098	15.996083916083926	3.3
99	BGLOBIN	A	CATC10GTR4GAA	post	1099	17.477610236985235	3.3909722222222225
100	BGLOBIN	A	CATC10GTR4GAA	post	1100	19.445866355866368	3.6527777777777777
101	BGLOBIN	A	CATC10GTR4GAA	post	1101	22.260419580419573	3.8499999999999996
102	BGLOBIN	A	CATC10GTR4GAA	post	1102	19.826993006993	3.716666666666667
103	BGLOBIN	A	CATC10GTR4GAA	post	1103	16.470505050505057	3.461111111111111
104	BGLOBIN	A	CATC10GTR4GAA	post	1104	15.113846153846161	3.3833333333333333
105	BGLOBIN	A	CATC10GTR4GAA	post	1105	13.194118104118107	3.197222222222222
106	BGLOBIN	A	CATC10GTR4GAA	post	1106	13.436848776223771	3.1020833333333333
107	BGLOBIN	A	CATC10GTR4GAA	post	1107	15.328717463092458	3.295138888888889
108	BGLOBIN	A	CATC10GTR4GAA	post	1108	19.477478146853137	3.5520833333333335
109	BGLOBIN	A	CATC10GTR4GAA	post	1109	21.959917929292946	3.7590277777777774
110	BGLOBIN	A	CATC10GTR4GAA	post	1110	19.15754467754467	3.572222222222222
111	BGLOBIN	A	CATC10GTR4GAA	post	1111	16.8246148989899	3.5618055555555554
112	BGLOBIN	A	CATC10GTR4GAA	post	1112	14.881973581973588	3.261111111111111
113	BGLOBIN	A	CATC10GTR4GAA	post	1113	13.772443181818181	3.1812500000000004
114	BGLOBIN	A	CATC10GTR4GAA	post	1114	14.051093628593627	3.1402777777777775
115	BGLOBIN	A	CATC10GTR4GAA	post	1115	14.103169677544676	3.2159722222222222
116	BGLOBIN	A	CATC10GTR4GAA	post	1116	15.23851932789433	3.303472222222222
117	BGLOBIN	A	CATC10GTR4GAA	post	1117	13.57548513986014	3.2104166666666667
118	BGLOBIN	A	CATC10GTR4GAA	post	1118	14.468249805749807	3.2513888888888887
119	BGLOBIN	A	CATC10GTR4GAA	post	1119	17.055861985236977	3.4409722222222223
120	BGLOBIN	A	CATC10GTR4GAA	post	1120	17.601743881118875	3.3979166666666667
121	BGLOBIN	A	CATC10GTR4GAA	post	1121	16.839626554001562	3.417361111111111
122	BGLOBIN	A	CATC10GTR4GAA	post	1122	16.815046134421124	3.479861111111111
123	BGLOBIN	A	CATC10GTR4GAA	post	1123	14.617948232323231	3.204861111111111
124	BGLOBIN	A	CATC10GTR4GAA	post	1124	13.307264957264959	3.147222222222222
125	BGLOBIN	A	CATC10GTR4GAA	post	1125	14.243962218337215	3.295138888888889
126	BGLOBIN	A	CATC10GTR4GAA	post	1126	12.292165889665883	3.098611111111111
127	BGLOBIN	A	CATC10GTR4GAA	post	1127	12.650314199689205	3.1368055555555556
128	BGLOBIN	A	CATC10GTR4GAA	post	1128	13.361060120435116	3.179861111111111
129	BGLOBIN	A	CATC10GTR4GAA	post	1129	11.820939685314682	2.95625
130	BGLOBIN	A	CATC10GTR4GAA	post	1130	13.106429195804193	3.1479166666666667
131	BGLOBIN	A	CATC10GTR4GAA	post	1131	15.08607954545455	3.2979166666666666
132	BGLOBIN	A	CATC10GTR4GAA	post	1132	13.40024864024864	3.1944444444444446
133	BGLOBIN	A	CATC10GTR4GAA	post	1133	12.023845668220666	3.000694444444444
134	BGLOBIN	A	CATC10GTR4GAA	post	1134	13.03664141414142	3.1236111111111113
135	BGLOBIN	A	CATC10GTR4GAA	post	1135	12.294304584304589	3.0694444444444446
136	BGLOBIN	A	CATC10GTR4GAA	post	1136	13.193984071484065	3.1236111111111113
137	BGLOBIN	A	CATC10GTR4GAA	post	1137	13.712026029526028	3.223611111111111
138	BGLOBIN	A	CATC10GTR4GAA	post	1138	12.312598581973582	3.107638888888889
139	BGLOBIN	A	CATC10GTR4GAA	post	1139	14.405380244755246	3.3020833333333335
140	BGLOBIN	A	CATC10GTR4GAA	post	1140	14.357078477078474	3.288888888888889
141	BGLOBIN	A	CATC10GTR4GAA	post	1141	18.89118104118104	3.5527777777777776
142	BGLOBIN	A	CATC10GTR4GAA	post	1142	17.964230283605286	3.4756944444444446
143	BGLOBIN	A	CATC10GTR4GAA	post	1143	17.313512043512038	3.363888888888889
144	BGLOBIN	A	CATC10GTR4GAA	post	1144	19.830663850038842	3.5868055555555554
145	BGLOBIN	A	CATC10GTR4GAA	post	1145	19.473892288267294	3.495138888888889
146	BGLOBIN	A	CATC10GTR4GAA	post	1146	23.605547299922293	3.771527777777778
147	BGLOBIN	A	CATC10GTR4GAA	post	1147	20.190472027972024	3.6624999999999996
148	BGLOBIN	A	CATC10GTR4GAA	post	1148	15.925834790209793	3.3895833333333334
149	BGLOBIN	A	CATC10GTR4GAA	post	1149	14.094916472416465	3.2069444444444444
150	BGLOBIN	A	CATC10GTR4GAA	post	1150	20.20156905594406	3.527083333333333
151	BGLOBIN	A	CATC10GTR4GAA	post	1151	21.37761023698523	3.609027777777778
152	BGLOBIN	A	CATC10GTR4GAA	post	1152	17.00761800699301	3.3645833333333335
153	BGLOBIN	A	CATC10GTR4GAA	post	1153	15.063069153069156	3.2472222222222222
154	BGLOBIN	A	CATC10GTR4GAA	post	1154	16.686083916083913	3.375
155	BGLOBIN	A	CATC10GTR4GAA	post	1155	15.109230769230768	3.2333333333333334
156	BGLOBIN	A	CATC10GTR4GAA	post	1156	16.011130050505045	3.320138888888889
157	BGLOBIN	A	CATC10GTR4GAA	post	1157	17.646969211344214	3.432638888888889
158	BGLOBIN	A	CATC10GTR4GAA	post	1158	16.248513986013986	3.2625
159	BGLOBIN	A	CATC10GTR4GAA	post	1159	15.914987859362865	3.2659722222222225
160	BGLOBIN	A	CATC10GTR4GAA	post	1160	16.107736985236986	3.240277777777778
161	BGLOBIN	A	CATC10GTR4GAA	post	1161	14.864614898989895	3.249305555555556
162	BGLOBIN	A	CATC10GTR4GAA	post	1162	15.763846153846151	3.325
163	BGLOBIN	A	CATC10GTR4GAA	post	1163	21.396743881118883	3.65625
164	BGLOBIN	A	CATC10GTR4GAA	post	1164	17.500769230769226	3.4916666666666667
165	BGLOBIN	A	CATC10GTR4GAA	post	1165	17.421988636363633	3.527083333333333
166	BGLOBIN	A	CATC10GTR4GAA	post	1166	18.92594405594406	3.558333333333333
167	BGLOBIN	A	CATC10GTR4GAA	post	1167	15.590100524475528	3.2729166666666667
168	BGLOBIN	A	CATC10GTR4GAA	post	1168	20.154248251748246	3.529166666666667
169	BGLOBIN	A	CATC10GTR4GAA	post	1169	20.1661519036519	3.576388888888889
170	BGLOBIN	A	CATC10GTR4GAA	post	1170	15.949556623931622	3.395138888888889
171	BGLOBIN	A	CATC10GTR4GAA	post	1171	17.22372183372184	3.513888888888889
172	BGLOBIN	A	CATC10GTR4GAA	post	1172	14.817806915306914	3.1847222222222222
173	BGLOBIN	A	CATC10GTR4GAA	post	1173	14.701722999222994	3.1902777777777778
174	BGLOBIN	A	CATC10GTR4GAA	post	1174	14.986934246309238	3.179861111111111
175	BGLOBIN	A	CATC10GTR4GAA	post	1175	14.10599019036519	3.1548611111111113
176	BGLOBIN	A	CATC10GTR4GAA	post	1176	15.977884615384612	3.3208333333333333
177	BGLOBIN	A	CATC10GTR4GAA	post	1177	18.06153069153068	3.552777777777778
178	BGLOBIN	A	CATC10GTR4GAA	post	1178	15.47866695804196	3.3979166666666667
179	BGLOBIN	A	CATC10GTR4GAA	post	1179	11.843168220668222	2.9819444444444443
180	BGLOBIN	A	CATC10GTR4GAA	post	1180	13.2742263986014	3.14375
181	BGLOBIN	A	CATC10GTR4GAA	post	1181	14.788374125874125	3.2958333333333334
182	BGLOBIN	A	CATC10GTR4GAA	post	1182	15.660520104895097	3.4229166666666666
183	BGLOBIN	A	CATC10GTR4GAA	post	1183	19.504335178710186	3.5493055555555557
184	BGLOBIN	A	CATC10GTR4GAA	post	1184	19.819764957264958	3.609722222222222
185	BGLOBIN	A	CATC10GTR4GAA	post	1185	19.570092754467744	3.665972222222222
186	BGLOBIN	A	CATC10GTR4GAA	post	1186	21.002093531468528	3.71875
187	BGLOBIN	A	CATC10GTR4GAA	post	1187	20.2589389083139	3.6590277777777778
188	BGLOBIN	A	CATC10GTR4GAA	post	1188	20.38044240481739	3.665972222222222
189	BGLOBIN	A	CATC10GTR4GAA	post	1189	21.777832167832155	3.7750000000000004
190	BGLOBIN	A	CATC10GTR4GAA	post	1190	18.636346153846155	3.529166666666667
191	BGLOBIN	A	CATC10GTR4GAA	post	1191	20.567684537684542	3.5472222222222225
192	BGLOBIN	A	CATC10GTR4GAA	post	1192	17.494261363636376	3.4145833333333333
193	BGLOBIN	A	CATC10GTR4GAA	post	1193	17.54954108391609	3.439583333333333
194	BGLOBIN	A	CATC10GTR4GAA	post	1194	18.476604020979018	3.5229166666666667
195	BGLOBIN	A	CATC10GTR4GAA	post	1195	19.022827797202794	3.5395833333333333
196	BGLOBIN	A	CATC10GTR4GAA	post	1196	22.4176048951049	3.6458333333333335
197	BGLOBIN	A	CATC10GTR4GAA	post	1197	17.93617521367521	3.5319444444444446
198	BGLOBIN	A	CATC10GTR4GAA	post	1198	17.34456682206683	3.4569444444444444
199	BGLOBIN	A	CATC10GTR4GAA	post	1199	20.042761752136755	3.636805555555556
200	BGLOBIN	A	CATC10GTR4GAA	post	1200	17.74949834887334	3.490972222222222
201	BGLOBIN	A	CATC10GTR4GAA	post	1201	14.972911810411814	3.2847222222222223
202	BGLOBIN	A	CATC10GTR4GAA	post	1202	17.47193278943278	3.4402777777777778
203	BGLOBIN	A	CATC10GTR4GAA	post	1203	16.66473776223776	3.4208333333333334
204	BGLOBIN	A	CATC10GTR4GAA	post	1204	13.484591588966591	3.132638888888889
205	BGLOBIN	A	CATC10GTR4GAA	post	1205	12.377128496503488	3.002083333333333
206	BGLOBIN	A	CATC10GTR4GAA	post	1206	13.84559391996892	3.1381944444444443
207	BGLOBIN	A	CATC10GTR4GAA	post	1207	13.792486402486404	3.1305555555555555
208	BGLOBIN	A	CATC10GTR4GAA	post	1208	15.903659188034183	3.334027777777778
209	BGLOBIN	A	CATC10GTR4GAA	post	1209	15.44709353146854	3.2562499999999996
210	BGLOBIN	A	CATC10GTR4GAA	post	1210	17.24891171328672	3.5104166666666665
211	BGLOBIN	A	CATC10GTR4GAA	post	1211	18.972305749805752	3.573611111111111
212	BGLOBIN	A	CATC10GTR4GAA	post	1212	20.446009615384618	3.5479166666666666
213	BGLOBIN	A	CATC10GTR4GAA	post	1213	22.621163558663557	3.6597222222222223
214	BGLOBIN	A	CATC10GTR4GAA	post	1214	16.602276612276608	3.3305555555555557
215	BGLOBIN	A	CATC10GTR4GAA	post	1215	16.216537975912985	3.3131944444444446
216	BGLOBIN	A	CATC10GTR4GAA	post	1216	17.425675505050513	3.420138888888889
217	BGLOBIN	A	CATC10GTR4GAA	post	1217	18.378741258741258	3.433333333333333
218	BGLOBIN	A	CATC10GTR4GAA	post	1218	17.74574543512043	3.429861111111111
219	BGLOBIN	A	CATC10GTR4GAA	post	1219	17.81629322066823	3.3993055555555554
220	BGLOBIN	A	CATC10GTR4GAA	post	1220	15.702936577311572	3.3381944444444445
221	BGLOBIN	A	CATC10GTR4GAA	post	1221	17.20709741647241	3.3256944444444443
222	BGLOBIN	A	CATC10GTR4GAA	post	1222	19.56176961926961	3.6319444444444446
223	BGLOBIN	A	CATC10GTR4GAA	post	1223	20.602095959595957	3.698611111111111
224	BGLOBIN	A	CATC10GTR4GAA	post	1224	16.564719794094795	3.4631944444444445
225	BGLOBIN	A	CATC10GTR4GAA	post	1225	13.21916035353535	3.1506944444444445
226	BGLOBIN	A	CATC10GTR4GAA	post	1226	14.9565947940948	3.1680555555555556
227	BGLOBIN	A	CATC10GTR4GAA	post	1227	14.039013209013216	3.2027777777777775
228	BGLOBIN	A	CATC10GTR4GAA	post	1228	12.655555069930065	3.10625
229	BGLOBIN	A	CATC10GTR4GAA	post	1229	13.998146367521363	3.3368055555555554
230	BGLOBIN	A	CATC10GTR4GAA	post	1230	14.437993395493399	3.2819444444444446
231	BGLOBIN	A	CATC10GTR4GAA	post	1231	12.226036810411816	3.0659722222222223
232	BGLOBIN	A	CATC10GTR4GAA	post	1232	17.27984265734266	3.5208333333333335
233	BGLOBIN	A	CATC10GTR4GAA	post	1233	16.984789724164717	3.4756944444444446
234	BGLOBIN	A	CATC10GTR4GAA	post	1234	14.570621600621603	3.447222222222222
235	BGLOBIN	A	CATC10GTR4GAA	post	1235	15.444178321678319	3.4124999999999996
236	BGLOBIN	A	CATC10GTR4GAA	post	1236	15.536464160839161	3.4229166666666666
237	BGLOBIN	A	CATC10GTR4GAA	post	1237	20.266083916083907	3.841666666666667
238	BGLOBIN	A	CATC10GTR4GAA	post	1238	21.892412101787105	3.7743055555555554
239	BGLOBIN	A	CATC10GTR4GAA	post	1239	19.32181623931624	3.548611111111111
240	BGLOBIN	A	CATC10GTR4GAA	post	1240	17.80568570318571	3.4930555555555554
241	BGLOBIN	A	CATC10GTR4GAA	post	1241	16.291813811188803	3.402083333333333
242	BGLOBIN	A	CATC10GTR4GAA	post	1242	15.637340714840715	3.273611111111111
243	BGLOBIN	A	CATC10GTR4GAA	post	1243	16.02562888500389	3.3868055555555556
244	BGLOBIN	A	CATC10GTR4GAA	post	1244	17.482932692307674	3.41875
245	BGLOBIN	A	CATC10GTR4GAA	post	1245	15.390668220668227	3.3694444444444445
246	BGLOBIN	A	CATC10GTR4GAA	post	1246	16.409506118881122	3.41875
247	BGLOBIN	A	CATC10GTR4GAA	post	1247	16.916967754467752	3.540277777777778
248	BGLOBIN	A	CATC10GTR4GAA	post	1248	16.402004176379172	3.382638888888889
249	BGLOBIN	A	CATC10GTR4GAA	post	1249	15.293890831390842	3.2652777777777775
250	BGLOBIN	A	CATC10GTR4GAA	post	1250	19.56152097902097	3.6458333333333335
251	BGLOBIN	A	CATC10GTR4GAA	post	1251	20.282468919968913	3.7319444444444443
252	BGLOBIN	A	CATC10GTR4GAA	post	1252	23.60601204351204	3.826388888888889
253	BGLOBIN	A	CATC10GTR4GAA	post	1253	23.566359265734267	3.7645833333333334
254	BGLOBIN	A	CATC10GTR4GAA	post	1254	24.04781468531469	3.8541666666666665
255	BGLOBIN	A	CATC10GTR4GAA	post	1255	21.42960178710179	3.706944444444444
256	BGLOBIN	A	CATC10GTR4GAA	post	1256	19.034067113442113	3.642361111111111
257	BGLOBIN	A	CATC10GTR4GAA	post	1257	21.526153846153843	3.8000000000000003
258	BGLOBIN	A	CATC10GTR4GAA	post	1258	22.315895493395487	3.806944444444445
259	BGLOBIN	A	CATC10GTR4GAA	post	1259	20.24452020202021	3.540277777777778
260	BGLOBIN	A	CATC10GTR4GAA	post	1260	15.846778846153843	3.3645833333333335
261	BGLOBIN	A	CATC10GTR4GAA	post	1261	15.133262917637916	3.3451388888888887
262	BGLOBIN	A	CATC10GTR4GAA	post	1262	18.18639811577312	3.5631944444444446
263	BGLOBIN	A	CATC10GTR4GAA	post	1263	15.552516996891999	3.4118055555555555
264	BGLOBIN	A	CATC10GTR4GAA	post	1264	16.35737325174825	3.339583333333333
265	BGLOBIN	A	CATC10GTR4GAA	post	1265	19.38478972416471	3.5243055555555554
266	BGLOBIN	A	CATC10GTR4GAA	post	1266	17.182975912975916	3.4805555555555556
267	BGLOBIN	A	CATC10GTR4GAA	post	1267	17.481608391608397	3.4916666666666667
268	BGLOBIN	A	CATC10GTR4GAA	post	1268	22.740137917637917	3.823611111111111
269	BGLOBIN	A	CATC10GTR4GAA	post	1269	16.84243978243978	3.522222222222222
270	BGLOBIN	A	CATC10GTR4GAA	post	1270	15.91468531468532	3.433333333333333
271	BGLOBIN	A	CATC10GTR4GAA	post	1271	16.010659965034975	3.339583333333333
272	BGLOBIN	A	CATC10GTR4GAA	post	1272	13.43668949106449	3.2173611111111113
273	BGLOBIN	A	CATC10GTR4GAA	post	1273	15.241549630924618	3.329861111111111
274	BGLOBIN	A	CATC10GTR4GAA	post	1274	15.857563616938615	3.379861111111111
275	BGLOBIN	A	CATC10GTR4GAA	post	1275	16.97340909090908	3.4291666666666667
276	BGLOBIN	A	CATC10GTR4GAA	post	1276	17.069735819735822	3.513888888888889
277	BGLOBIN	A	CATC10GTR4GAA	post	1277	17.703146367521366	3.4993055555555554
278	BGLOBIN	A	CATC10GTR4GAA	post	1278	20.90936868686869	3.676388888888889
279	BGLOBIN	A	CATC10GTR4GAA	post	1279	21.00331730769231	3.6437500000000003
280	BGLOBIN	A	CATC10GTR4GAA	post	1280	16.873981643356654	3.5812500000000003
281	BGLOBIN	A	CATC10GTR4GAA	post	1281	16.20586635586636	3.447222222222222
282	BGLOBIN	A	CATC10GTR4GAA	post	1282	17.949881507381512	3.5319444444444446
283	BGLOBIN	A	CATC10GTR4GAA	post	1283	20.663041472416467	3.7631944444444443
284	BGLOBIN	A	CATC10GTR4GAA	post	1284	24.028589257964263	3.9409722222222223
285	BGLOBIN	A	CATC10GTR4GAA	post	1285	18.20201583139082	3.459027777777778
286	BGLOBIN	A	CATC10GTR4GAA	post	1286	23.827722902097904	3.839583333333333
287	BGLOBIN	A	CATC10GTR4GAA	post	1287	19.98473776223776	3.745833333333333
288	BGLOBIN	A	CATC10GTR4GAA	post	1288	24.395430749805744	3.982638888888889
289	BGLOBIN	A	CATC10GTR4GAA	post	1289	21.560738150738153	3.619444444444445
290	BGLOBIN	A	CATC10GTR4GAA	post	1290	21.132989510489512	3.6374999999999997
291	BGLOBIN	A	CATC10GTR4GAA	post	1291	19.2677734071484	3.457638888888889
292	BGLOBIN	A	CATC10GTR4GAA	post	1292	22.59868249805751	3.720138888888889
293	BGLOBIN	A	CATC10GTR4GAA	post	1293	23.63121940559441	3.8937500000000003
294	BGLOBIN	A	CATC10GTR4GAA	post	1294	31.401023698523712	4.215277777777778
295	BGLOBIN	A	CATC10GTR4GAA	post	1295	21.330953768453774	3.740277777777778
296	BGLOBIN	A	CATC10GTR4GAA	post	1296	21.834211344211347	3.736111111111111
297	BGLOBIN	A	CATC10GTR4GAA	post	1297	19.909415306915307	3.640277777777778
298	BGLOBIN	A	CATC10GTR4GAA	post	1298	21.787967657342662	3.6479166666666663
299	BGLOBIN	A	CATC10GTR4GAA	post	1299	17.647097416472413	3.5368055555555555
300	BGLOBIN	A	CATC10GTR4GAA	post	1300	19.34810994560995	3.473611111111111
301	BGLOBIN	A	CATC10GTR4GAA	post	1301	22.03022533022532	3.811111111111111
302	BGLOBIN	A	CATC10GTR4GAA	post	1302	18.813797591297583	3.568055555555555
303	BGLOBIN	A	CATC10GTR4GAA	post	1303	18.890699300699303	3.4916666666666667
304	BGLOBIN	A	CATC10GTR4GAA	post	1304	24.60088529526029	3.917361111111111
305	BGLOBIN	A	CATC10GTR4GAA	post	1305	22.86316822066822	3.7319444444444443
306	BGLOBIN	A	CATC10GTR4GAA	post	1306	21.493018162393174	3.6298611111111114
307	BGLOBIN	A	CATC10GTR4GAA	post	1307	24.860896950271943	3.859027777777778
308	BGLOBIN	A	CATC10GTR4GAA	post	1308	20.04670114607615	3.6534722222222222
309	BGLOBIN	A	CATC10GTR4GAA	post	1309	26.271708916083895	3.9229166666666666
310	BGLOBIN	A	CATC10GTR4GAA	post	1310	30.493356157731153	4.111805555555556
311	BGLOBIN	A	CATC10GTR4GAA	post	1311	32.59882672882673	4.236111111111111
312	BGLOBIN	A	CATC10GTR4GAA	post	1312	29.10657342657343	4.016666666666667
313	BGLOBIN	A	CATC10GTR4GAA	post	1313	38.44171717171717	4.6194444444444445
314	BGLOBIN	A	CATC10GTR4GAA	post	1314	30.952680167055163	4.215972222222223
315	BGLOBIN	A	CATC10GTR4GAA	post	1315	23.956359265734264	3.78125
316	BGLOBIN	A	CATC10GTR4GAA	post	1316	23.101350038850036	3.8930555555555557
317	BGLOBIN	A	CATC10GTR4GAA	post	1317	28.13664141414143	4.276388888888889
318	BGLOBIN	A	CATC10GTR4GAA	post	1318	32.40332119269619	4.436805555555555
319	BGLOBIN	A	CATC10GTR4GAA	post	1319	27.187085761460754	3.984027777777778
320	BGLOBIN	A	CATC10GTR4GAA	post	1320	23.899754759129763	3.786805555555555
321	BGLOBIN	A	CATC10GTR4GAA	post	1321	17.037004176379167	3.457638888888889
322	BGLOBIN	A	CATC10GTR4GAA	post	1322	18.236922591297606	3.4493055555555556
323	BGLOBIN	A	CATC10GTR4GAA	post	1323	17.621013500388518	3.3868055555555556
324	BGLOBIN	A	CATC10GTR4GAA	post	1324	19.391606449106447	3.473611111111111
325	BGLOBIN	A	CATC10GTR4GAA	post	1325	18.748554292929295	3.5659722222222223
326	BGLOBIN	A	CATC10GTR4GAA	post	1326	15.925939685314683	3.3354166666666667
327	BGLOBIN	A	CATC10GTR4GAA	post	1327	14.693471250971253	3.3097222222222222
328	BGLOBIN	A	CATC10GTR4GAA	post	1328	14.355764860139862	3.310416666666667
329	BGLOBIN	A	CATC10GTR4GAA	post	1329	15.092010489510487	3.279166666666667
330	BGLOBIN	A	CATC10GTR4GAA	post	1330	18.148391608391602	3.6666666666666665
331	BGLOBIN	A	CATC10GTR4GAA	post	1331	18.52055944055944	3.5833333333333335
332	BGLOBIN	A	CATC10GTR4GAA	post	1332	18.914807692307697	3.6125000000000003
333	BGLOBIN	A	CATC10GTR4GAA	post	1333	18.22754467754467	3.5972222222222223
334	BGLOBIN	A	CATC10GTR4GAA	post	1334	22.88865384615385	3.8375000000000004
335	BGLOBIN	A	CATC10GTR4GAA	post	1335	17.975336052836052	3.5180555555555557
336	BGLOBIN	A	CATC10GTR4GAA	post	1336	19.96195755633255	3.650694444444445
337	BGLOBIN	A	CATC10GTR4GAA	post	1337	22.082229992229983	3.6472222222222226
338	BGLOBIN	A	CATC10GTR4GAA	post	1338	22.025027195027192	3.7472222222222222
339	BGLOBIN	A	CATC10GTR4GAA	post	1339	20.975419094794095	3.613194444444444
340	BGLOBIN	A	CATC10GTR4GAA	post	1340	19.324121503496507	3.46875
341	BGLOBIN	A	CATC10GTR4GAA	post	1341	16.48561722999223	3.4215277777777775
342	BGLOBIN	A	CATC10GTR4GAA	post	1342	18.625312742812735	3.4986111111111113
343	BGLOBIN	A	CATC10GTR4GAA	post	1343	17.44062937062937	3.4749999999999996
344	BGLOBIN	A	CATC10GTR4GAA	post	1344	16.4173072066822	3.3743055555555554
345	BGLOBIN	A	CATC10GTR4GAA	post	1345	14.477200854700854	3.223611111111111
346	BGLOBIN	A	CATC10GTR4GAA	post	1346	19.418570318570332	3.5444444444444443
347	BGLOBIN	A	CATC10GTR4GAA	post	1347	15.284520202020202	3.2847222222222223
348	BGLOBIN	A	CATC10GTR4GAA	post	1348	16.031367521367525	3.3305555555555557
349	BGLOBIN	A	CATC10GTR4GAA	post	1349	14.914436188811187	3.1729166666666666
350	BGLOBIN	A	CATC10GTR4GAA	post	1350	13.839595959595961	3.111111111111111
351	BGLOBIN	A	CATC10GTR4GAA	post	1351	18.978344502719512	3.478472222222222
352	BGLOBIN	A	CATC10GTR4GAA	post	1352	16.576775446775443	3.352777777777778
353	BGLOBIN	A	CATC10GTR4GAA	post	1353	14.855535644910649	3.229861111111111
354	BGLOBIN	A	CATC10GTR4GAA	post	1354	21.309859654234653	3.7118055555555554
355	BGLOBIN	A	CATC10GTR4GAA	post	1355	18.451673951048953	3.535416666666667
356	BGLOBIN	A	CATC10GTR4GAA	post	1356	17.11653409090909	3.5062499999999996
357	BGLOBIN	A	CATC10GTR4GAA	post	1357	16.208111888111898	3.4166666666666665
358	BGLOBIN	A	CATC10GTR4GAA	post	1358	18.22974164724165	3.568055555555555
359	BGLOBIN	A	CATC10GTR4GAA	post	1359	14.460650738150736	3.3319444444444444
360	BGLOBIN	A	CATC10GTR4GAA	post	1360	15.682702020202013	3.4652777777777777
361	BGLOBIN	A	CATC10GTR4GAA	post	1361	14.682792832167836	3.314583333333333
362	BGLOBIN	A	CATC10GTR4GAA	post	1362	16.935764860139855	3.5229166666666667
363	BGLOBIN	A	CATC10GTR4GAA	post	1363	18.72223581973582	3.601388888888889
364	BGLOBIN	A	CATC10GTR4GAA	post	1364	18.435485139860138	3.54375
365	BGLOBIN	A	CATC10GTR4GAA	post	1365	23.629508547008555	4.076388888888889
366	BGLOBIN	A	CATC10GTR4GAA	post	1366	17.516747766122762	3.4743055555555555
367	BGLOBIN	A	CATC10GTR4GAA	post	1367	17.368379467754476	3.553472222222222
368	BGLOBIN	A	CATC10GTR4GAA	post	1368	17.2718176961927	3.3993055555555554
369	BGLOBIN	A	CATC10GTR4GAA	post	1369	21.26377185314686	3.714583333333333
370	BGLOBIN	A	CATC10GTR4GAA	post	1370	19.882657342657346	3.7333333333333334
371	BGLOBIN	A	CATC10GTR4GAA	post	1371	24.362655400155422	4.101388888888889
372	BGLOBIN	A	CATC10GTR4GAA	post	1372	19.305419094794104	3.6256944444444446
373	BGLOBIN	A	CATC10GTR4GAA	post	1373	19.39512043512044	3.638888888888889
374	BGLOBIN	A	CATC10GTR4GAA	post	1374	18.41846105283605	3.5493055555555557
375	BGLOBIN	A	CATC10GTR4GAA	post	1375	18.28060411810412	3.5902777777777777
376	BGLOBIN	A	CATC10GTR4GAA	post	1376	17.367474747474752	3.3777777777777778
377	BGLOBIN	A	CATC10GTR4GAA	post	1377	14.712827797202806	3.2437500000000004
378	BGLOBIN	A	CATC10GTR4GAA	post	1378	14.261862859362859	3.240277777777778
379	BGLOBIN	A	CATC10GTR4GAA	post	1379	17.037744755244745	3.504166666666667
380	BGLOBIN	A	CATC10GTR4GAA	post	1380	13.059925699300702	3.16875
381	BGLOBIN	A	CATC10GTR4GAA	post	1381	14.697757867132868	3.28125
382	BGLOBIN	A	CATC10GTR4GAA	post	1382	12.577900155400153	3.1263888888888887
383	BGLOBIN	A	CATC10GTR4GAA	post	1383	14.72854700854701	3.1888888888888887
384	BGLOBIN	A	CATC10GTR4GAA	post	1384	13.684706682206683	3.1930555555555555
385	BGLOBIN	A	CATC10GTR4GAA	post	1385	14.106048465423466	3.1756944444444444
386	BGLOBIN	A	CATC10GTR4GAA	post	1386	14.651111111111112	3.322222222222222
387	BGLOBIN	A	CATC10GTR4GAA	post	1387	16.6120741064491	3.382638888888889
388	BGLOBIN	A	CATC10GTR4GAA	post	1388	15.637014374514372	3.2930555555555556
389	BGLOBIN	A	CATC10GTR4GAA	post	1389	19.1438986013986	3.4791666666666665
390	BGLOBIN	A	CATC10GTR4GAA	post	1390	19.697913267288264	3.6298611111111114
391	BGLOBIN	A	CATC10GTR4GAA	post	1391	24.24752136752135	3.8055555555555554
392	BGLOBIN	A	CATC10GTR4GAA	post	1392	28.57737325174826	3.9604166666666663
393	BGLOBIN	A	CATC10GTR4GAA	post	1393	26.488080808080813	3.9444444444444446
394	BGLOBIN	A	CATC10GTR4GAA	post	1394	26.550751748251752	3.9875000000000003
395	BGLOBIN	A	CATC10GTR4GAA	post	1395	21.183286227661224	3.7006944444444443
396	BGLOBIN	A	CATC10GTR4GAA	post	1396	22.373227952602942	3.679861111111111
397	BGLOBIN	A	CATC10GTR4GAA	post	1397	21.722738442113453	3.820138888888889
398	BGLOBIN	A	CATC10GTR4GAA	post	1398	22.99414141414143	3.888888888888889
399	BGLOBIN	A	CATC10GTR4GAA	post	1399	18.945452602952624	3.548611111111111
400	BGLOBIN	A	CATC10GTR4GAA	post	1400	22.739296328671337	3.71875
401	BGLOBIN	A	CATC10GTR4GAA	post	1401	18.31570901320902	3.4097222222222223
402	BGLOBIN	A	CATC10GTR4GAA	post	1402	20.47328671328672	3.6333333333333337
403	BGLOBIN	A	CATC10GTR4GAA	post	1403	20.26496454933955	3.6118055555555557
404	BGLOBIN	A	CATC10GTR4GAA	post	1404	17.949195318570325	3.4256944444444444
405	BGLOBIN	A	CATC10GTR4GAA	post	1405	17.642587412587414	3.408333333333333
406	BGLOBIN	A	CATC10GTR4GAA	post	1406	17.34681381118882	3.4229166666666666
407	BGLOBIN	A	CATC10GTR4GAA	post	1407	17.387618006993012	3.402083333333333
408	BGLOBIN	A	CATC10GTR4GAA	post	1408	18.638123057498053	3.479861111111111
409	BGLOBIN	A	CATC10GTR4GAA	post	1409	21.58860091297591	3.7006944444444443
410	BGLOBIN	A	CATC10GTR4GAA	post	1410	22.135516705516707	3.8527777777777774
411	BGLOBIN	A	CATC10GTR4GAA	post	1411	16.726835664335663	3.5541666666666667
412	BGLOBIN	A	CATC10GTR4GAA	post	1412	15.387295551670558	3.4215277777777775
413	BGLOBIN	A	CATC10GTR4GAA	post	1413	17.433005050505052	3.551388888888889
414	BGLOBIN	A	CATC10GTR4GAA	post	1414	14.178868978243985	3.3909722222222225
415	BGLOBIN	A	CATC10GTR4GAA	post	1415	15.426184440559437	3.4270833333333335
416	BGLOBIN	A	CATC10GTR4GAA	post	1416	18.125838675213682	3.5631944444444446
417	BGLOBIN	A	CATC10GTR4GAA	post	1417	17.856175213675208	3.5319444444444446
418	BGLOBIN	A	CATC10GTR4GAA	post	1418	15.123764083139081	3.2465277777777777
419	BGLOBIN	A	CATC10GTR4GAA	post	1419	15.45626262626264	3.3305555555555557
420	BGLOBIN	A	CATC10GTR4GAA	post	1420	17.388192987567997	3.457638888888889
421	BGLOBIN	A	CATC10GTR4GAA	post	1421	19.959362859362855	3.7777777777777777
422	BGLOBIN	A	CATC10GTR4GAA	post	1422	14.620205419580419	3.2645833333333334
423	BGLOBIN	A	CATC10GTR4GAA	post	1423	13.111817696192702	3.2006944444444443
424	BGLOBIN	A	CATC10GTR4GAA	post	1424	14.586468045843045	3.2868055555555555
425	BGLOBIN	A	CATC10GTR4GAA	post	1425	19.368803418803413	3.6527777777777777
426	BGLOBIN	A	CATC10GTR4GAA	post	1426	22.560170454545457	3.6729166666666666
427	BGLOBIN	A	CATC10GTR4GAA	post	1427	26.060697358197363	3.926388888888889
428	BGLOBIN	A	CATC10GTR4GAA	post	1428	28.08773698523697	4.034722222222222
429	BGLOBIN	A	CATC10GTR4GAA	post	1429	21.154230283605294	3.6631944444444446
430	BGLOBIN	A	CATC10GTR4GAA	post	1430	19.00581973581972	3.563888888888889
431	BGLOBIN	A	CATC10GTR4GAA	post	1431	24.195664335664336	3.8666666666666663
432	BGLOBIN	A	CATC10GTR4GAA	post	1432	20.9193817987568	3.779861111111111
433	BGLOBIN	A	CATC10GTR4GAA	post	1433	18.023379467754474	3.6215277777777777
434	BGLOBIN	A	CATC10GTR4GAA	post	1434	17.349311868686875	3.420138888888889
435	BGLOBIN	A	CATC10GTR4GAA	post	1435	16.84136752136751	3.4055555555555554
436	BGLOBIN	A	CATC10GTR4GAA	post	1436	20.878938908313916	3.6965277777777774
437	BGLOBIN	A	CATC10GTR4GAA	post	1437	18.400520104895108	3.5562500000000004
438	BGLOBIN	A	CATC10GTR4GAA	post	1438	15.375594405594413	3.3583333333333334
439	BGLOBIN	A	CATC10GTR4GAA	post	1439	13.973212412587413	3.23125
440	BGLOBIN	A	CATC10GTR4GAA	post	1440	15.131281565656561	3.271527777777778
441	BGLOBIN	A	CATC10GTR4GAA	post	1441	21.38590472027972	3.627083333333333
442	BGLOBIN	A	CATC10GTR4GAA	post	1442	25.287120726495733	3.953472222222222
443	BGLOBIN	A	CATC10GTR4GAA	post	1443	28.37766705516706	4.034722222222222
444	BGLOBIN	A	CATC10GTR4GAA	post	1444	30.95933954933954	4.1194444444444445
445	BGLOBIN	A	CATC10GTR4GAA	post	1445	25.09196921134422	3.820138888888889
446	BGLOBIN	A	CATC10GTR4GAA	post	1446	24.453562062937056	3.814583333333333
447	BGLOBIN	A	CATC10GTR4GAA	post	1447	23.717777777777766	3.861111111111111
448	BGLOBIN	A	CATC10GTR4GAA	post	1448	28.998850038850044	4.194444444444445
449	BGLOBIN	A	CATC10GTR4GAA	post	1449	22.540555069930065	3.8520833333333337
450	BGLOBIN	A	CATC10GTR4GAA	post	1450	16.343581973581966	3.336111111111111
451	BGLOBIN	A	CATC10GTR4GAA	post	1451	15.721583139083135	3.3152777777777778
452	BGLOBIN	A	CATC10GTR4GAA	post	1452	20.83141996891997	3.568055555555555
453	BGLOBIN	A	CATC10GTR4GAA	post	1453	19.141934246309248	3.454861111111111
454	BGLOBIN	A	CATC10GTR4GAA	post	1454	17.85616501554002	3.3423611111111113
455	BGLOBIN	A	CATC10GTR4GAA	post	1455	18.404444444444444	3.3055555555555554
456	BGLOBIN	A	CATC10GTR4GAA	post	1456	21.75646416083915	3.5770833333333334
457	BGLOBIN	A	CATC10GTR4GAA	post	1457	20.77433566433566	3.7416666666666663
458	BGLOBIN	A	CATC10GTR4GAA	post	1458	18.08526612276611	3.468055555555556
459	BGLOBIN	A	CATC10GTR4GAA	post	1459	20.443706293706285	3.7416666666666663
460	BGLOBIN	A	CATC10GTR4GAA	post	1460	21.553657731157728	3.7319444444444443
461	BGLOBIN	A	CATC10GTR4GAA	post	1461	20.78951000388501	3.6381944444444443
462	BGLOBIN	A	CATC10GTR4GAA	post	1462	22.061184440559433	3.6020833333333337
463	BGLOBIN	A	CATC10GTR4GAA	post	1463	19.637563616938618	3.520138888888889
464	BGLOBIN	A	CATC10GTR4GAA	post	1464	17.425310314685312	3.3854166666666665
465	BGLOBIN	A	CATC10GTR4GAA	post	1465	19.961328671328673	3.6750000000000003
466	BGLOBIN	A	CATC10GTR4GAA	post	1466	20.80104118104118	3.577777777777778
467	BGLOBIN	A	CATC10GTR4GAA	post	1467	17.764706682206683	3.4680555555555554
468	BGLOBIN	A	CATC10GTR4GAA	post	1468	19.209269619269616	3.5805555555555557
469	BGLOBIN	A	CATC10GTR4GAA	post	1469	18.226149475524473	3.51875
470	BGLOBIN	A	CATC10GTR4GAA	post	1470	17.796829351204345	3.495138888888889
471	BGLOBIN	A	CATC10GTR4GAA	post	1471	14.578736888111882	3.247916666666667
472	BGLOBIN	A	CATC10GTR4GAA	post	1472	15.597573815073822	3.2319444444444443
473	BGLOBIN	A	CATC10GTR4GAA	post	1473	13.231748251748257	3.0833333333333335
474	BGLOBIN	A	CATC10GTR4GAA	post	1474	14.710838675213676	3.2118055555555554
475	BGLOBIN	A	CATC10GTR4GAA	post	1475	14.984426961926955	3.2430555555555554
476	BGLOBIN	A	CATC10GTR4GAA	post	1476	12.840528360528358	3.0555555555555554
477	BGLOBIN	A	CATC10GTR4GAA	post	1477	17.18475524475525	3.3
478	BGLOBIN	A	CATC10GTR4GAA	post	1478	15.989952894327887	3.321527777777778
479	BGLOBIN	A	CATC10GTR4GAA	post	1479	16.382388791763784	3.329861111111111
480	BGLOBIN	A	CATC10GTR4GAA	post	1480	20.703706293706293	3.658333333333333
481	BGLOBIN	A	CATC10GTR4GAA	post	1481	15.996514665889663	3.292361111111111
482	BGLOBIN	A	CATC10GTR4GAA	post	1482	16.29027923465423	3.3881944444444443
483	BGLOBIN	A	CATC10GTR4GAA	post	1483	16.267155691530697	3.3784722222222223
484	BGLOBIN	A	CATC10GTR4GAA	post	1484	15.92993006993006	3.2333333333333334
485	BGLOBIN	A	CATC10GTR4GAA	post	1485	14.444241938616942	3.195138888888889
486	BGLOBIN	A	CATC10GTR4GAA	post	1486	12.517198426573428	3.01875
487	BGLOBIN	A	CATC10GTR4GAA	post	1487	12.904147241647244	3.0819444444444444
488	BGLOBIN	A	CATC10GTR4GAA	post	1488	16.97591297591297	3.3444444444444446
489	BGLOBIN	A	CATC10GTR4GAA	post	1489	14.792528651903645	3.2201388888888887
490	BGLOBIN	A	CATC10GTR4GAA	post	1490	15.292120726495726	3.3159722222222223
491	BGLOBIN	A	CATC10GTR4GAA	post	1491	14.026176670551669	3.1215277777777777
492	BGLOBIN	A	CATC10GTR4GAA	post	1492	14.127656857031864	3.1631944444444446
493	BGLOBIN	A	CATC10GTR4GAA	post	1493	15.287761752136756	3.3006944444444444
494	BGLOBIN	A	CATC10GTR4GAA	post	1494	15.368507672882671	3.332638888888889
495	BGLOBIN	A	CATC10GTR4GAA	post	1495	18.75327457264957	3.609027777777778
496	BGLOBIN	A	CATC10GTR4GAA	post	1496	17.919176379176385	3.461111111111111
497	BGLOBIN	A	CATC10GTR4GAA	post	1497	16.002726787101786	3.2993055555555557
498	BGLOBIN	A	CATC10GTR4GAA	post	1498	18.672849650349647	3.5374999999999996
499	BGLOBIN	A	CATC10GTR4GAA	post	1499	20.034496891996895	3.668055555555556
500	BGLOBIN	A	CATC10GTR4GAA	post	1500	16.94062499999999	3.4312500000000004
501	BGLOBIN	A	CATC10GTR4GAA	post	1501	21.1691822066822	3.581944444444444
502	BGLOBIN	A	CATC10GTR4GAA	post	1502	20.432668512043517	3.657638888888889
503	BGLOBIN	A	CATC10GTR4GAA	post	1503	16.264556623931625	3.379861111111111
504	BGLOBIN	A	CATC10GTR4GAA	post	1504	16.34728826728828	3.361111111111111
505	BGLOBIN	A	CATC10GTR4GAA	post	1505	16.981909479409484	3.3930555555555557
506	BGLOBIN	A	CATC10GTR4GAA	post	1506	20.164366258741254	3.5270833333333336
507	BGLOBIN	A	CATC10GTR4GAA	post	1507	19.964393453768455	3.4965277777777777
508	BGLOBIN	A	CATC10GTR4GAA	post	1508	17.79425796425796	3.4527777777777775
509	BGLOBIN	A	CATC10GTR4GAA	post	1509	17.859393453768455	3.5159722222222225
510	BGLOBIN	A	CATC10GTR4GAA	post	1510	19.232865190365196	3.476388888888889
511	BGLOBIN	A	CATC10GTR4GAA	post	1511	18.88945609945611	3.463888888888889
512	BGLOBIN	A	CATC10GTR4GAA	post	1512	17.954824689199686	3.4618055555555554
513	BGLOBIN	A	CATC10GTR4GAA	post	1513	22.23100038850039	3.7819444444444446
514	BGLOBIN	A	CATC10GTR4GAA	post	1514	18.714374514374512	3.6555555555555554
515	BGLOBIN	A	CATC10GTR4GAA	post	1515	14.402377622377632	3.283333333333333
516	BGLOBIN	A	CATC10GTR4GAA	post	1516	13.232792832167835	3.2645833333333334
517	BGLOBIN	A	CATC10GTR4GAA	post	1517	18.2606449106449	3.536111111111111
518	BGLOBIN	A	CATC10GTR4GAA	post	1518	19.063321192696186	3.5256944444444445
519	BGLOBIN	A	CATC10GTR4GAA	post	1519	16.592416472416478	3.4555555555555557
520	BGLOBIN	A	CATC10GTR4GAA	post	1520	18.199428418803425	3.5909722222222222
521	BGLOBIN	A	CATC10GTR4GAA	post	1521	19.864178321678327	3.6458333333333335
522	BGLOBIN	A	CATC10GTR4GAA	post	1522	19.792447066822067	3.6381944444444443
523	BGLOBIN	A	CATC10GTR4GAA	post	1523	18.41149912587412	3.527083333333333
524	BGLOBIN	A	CATC10GTR4GAA	post	1524	18.224335178710188	3.5381944444444446
525	BGLOBIN	A	CATC10GTR4GAA	post	1525	16.62183372183372	3.488888888888889
526	BGLOBIN	A	CATC10GTR4GAA	post	1526	19.36499562937063	3.6437500000000003
527	BGLOBIN	A	CATC10GTR4GAA	post	1527	18.790674048174036	3.5152777777777775
528	BGLOBIN	A	CATC10GTR4GAA	post	1528	17.93396853146852	3.4625000000000004
529	BGLOBIN	A	CATC10GTR4GAA	post	1529	15.26974164724165	3.3069444444444445
530	BGLOBIN	A	CATC10GTR4GAA	post	1530	18.89765297202797	3.560416666666667
531	BGLOBIN	A	CATC10GTR4GAA	post	1531	17.037777777777784	3.461111111111111
532	BGLOBIN	A	CATC10GTR4GAA	post	1532	17.162049339549338	3.5069444444444446
533	BGLOBIN	A	CATC10GTR4GAA	post	1533	18.16449834887334	3.5340277777777778
534	BGLOBIN	A	CATC10GTR4GAA	post	1534	15.920365190365196	3.463888888888889
535	BGLOBIN	A	CATC10GTR4GAA	post	1535	15.701569055944063	3.339583333333333
536	BGLOBIN	A	CATC10GTR4GAA	post	1536	14.791979409479412	3.3069444444444445
537	BGLOBIN	A	CATC10GTR4GAA	post	1537	17.720202020202017	3.4722222222222223
538	BGLOBIN	A	CATC10GTR4GAA	post	1538	19.553564491064492	3.548611111111111
539	BGLOBIN	A	CATC10GTR4GAA	post	1539	20.283168220668234	3.7319444444444443
540	BGLOBIN	A	CATC10GTR4GAA	post	1540	16.75528360528361	3.4805555555555556
541	BGLOBIN	A	CATC10GTR4GAA	post	1541	15.469696484071484	3.295138888888889
542	BGLOBIN	A	CATC10GTR4GAA	post	1542	17.227814685314677	3.3958333333333335
543	BGLOBIN	A	CATC10GTR4GAA	post	1543	15.984685314685308	3.2750000000000004
544	BGLOBIN	A	CATC10GTR4GAA	post	1544	15.830314199689198	3.2743055555555554
545	BGLOBIN	A	CATC10GTR4GAA	post	1545	14.274685314685314	3.1500000000000004
546	BGLOBIN	A	CATC10GTR4GAA	post	1546	15.392725330225336	3.326388888888889
547	BGLOBIN	A	CATC10GTR4GAA	post	1547	16.617060994561	3.398611111111111
548	BGLOBIN	A	CATC10GTR4GAA	post	1548	18.825030594405586	3.5145833333333334
549	BGLOBIN	A	CATC10GTR4GAA	post	1549	17.37239898989899	3.468055555555556
550	BGLOBIN	A	CATC10GTR4GAA	post	1550	17.113409090909087	3.4791666666666665
551	BGLOBIN	A	CATC10GTR4GAA	post	1551	17.130139374514375	3.5006944444444446
552	BGLOBIN	A	CATC10GTR4GAA	post	1552	17.097551961926953	3.3881944444444443
553	BGLOBIN	A	CATC10GTR4GAA	post	1553	17.481950271950268	3.5472222222222225
554	BGLOBIN	A	CATC10GTR4GAA	post	1554	16.80212849650349	3.4604166666666667
555	BGLOBIN	A	CATC10GTR4GAA	post	1555	17.02026223776223	3.4541666666666666
556	BGLOBIN	A	CATC10GTR4GAA	post	1556	14.108099747474752	3.3090277777777777
557	BGLOBIN	A	CATC10GTR4GAA	post	1557	15.805716783216779	3.3291666666666666
558	BGLOBIN	A	CATC10GTR4GAA	post	1558	14.134108391608391	3.2375
559	BGLOBIN	A	CATC10GTR4GAA	post	1559	15.050116064491064	3.317361111111111
560	BGLOBIN	A	CATC10GTR4GAA	post	1560	15.956891996891999	3.3555555555555556
561	BGLOBIN	A	CATC10GTR4GAA	post	1561	15.940694930069917	3.3854166666666665
562	BGLOBIN	A	CATC10GTR4GAA	post	1562	16.445943570318562	3.3881944444444443
563	BGLOBIN	A	CATC10GTR4GAA	post	1563	14.199230769230772	3.2083333333333335
564	BGLOBIN	A	CATC10GTR4GAA	post	1564	21.386804584304578	3.5930555555555554
565	BGLOBIN	A	CATC10GTR4GAA	post	1565	13.995205419580413	3.2104166666666667
566	BGLOBIN	A	CATC10GTR4GAA	post	1566	14.638146367521365	3.2631944444444443
567	BGLOBIN	A	CATC10GTR4GAA	post	1567	15.67048756798757	3.2736111111111112
568	BGLOBIN	A	CATC10GTR4GAA	post	1568	17.354226398601405	3.5104166666666665
569	BGLOBIN	A	CATC10GTR4GAA	post	1569	14.541782731157738	3.2368055555555557
570	BGLOBIN	A	CATC10GTR4GAA	post	1570	15.96494123931623	3.304861111111111
571	BGLOBIN	A	CATC10GTR4GAA	post	1571	15.480629370629376	3.2416666666666667
572	BGLOBIN	A	CATC10GTR4GAA	post	1572	14.636569055944053	3.1979166666666665
573	BGLOBIN	A	CATC10GTR4GAA	post	1573	16.856588966588966	3.486111111111111
574	BGLOBIN	A	CATC10GTR4GAA	post	1574	23.50792346542346	3.793055555555556
575	BGLOBIN	A	CATC10GTR4GAA	post	1575	20.615834790209803	3.8062500000000004
576	BGLOBIN	A	CATC10GTR4GAA	post	1576	22.593177447552456	3.872916666666667
577	BGLOBIN	A	CATC10GTR4GAA	post	1577	18.127661227661232	3.5944444444444446
578	BGLOBIN	A	CATC10GTR4GAA	post	1578	17.84923076923078	3.5999999999999996
579	BGLOBIN	A	CATC10GTR4GAA	post	1579	14.400961538461543	3.2708333333333335
580	BGLOBIN	A	CATC10GTR4GAA	post	1580	16.0744968919969	3.3680555555555554
581	BGLOBIN	A	CATC10GTR4GAA	post	1581	17.485310314685318	3.4854166666666666
582	BGLOBIN	A	CATC10GTR4GAA	post	1582	17.1568176961927	3.4756944444444446
583	BGLOBIN	A	CATC10GTR4GAA	post	1583	18.524195318570325	3.6381944444444443
584	BGLOBIN	A	CATC10GTR4GAA	post	1584	23.1312194055944	3.8937500000000003
585	BGLOBIN	A	CATC10GTR4GAA	post	1585	16.00993006993006	3.4833333333333334
586	BGLOBIN	A	CATC10GTR4GAA	post	1586	17.10291958041959	3.4625000000000004
587	BGLOBIN	A	CATC10GTR4GAA	post	1587	14.981988636363624	3.2729166666666667
588	BGLOBIN	A	CATC10GTR4GAA	post	1588	15.593088092463093	3.257638888888889
589	BGLOBIN	A	CATC10GTR4GAA	post	1589	13.81550699300699	3.1375
590	BGLOBIN	A	CATC10GTR4GAA	post	1590	14.359556623931624	3.245138888888889
591	BGLOBIN	A	CATC10GTR4GAA	post	1591	14.708297882672875	3.2826388888888887
592	BGLOBIN	A	CATC10GTR4GAA	post	1592	14.934715909090905	3.2604166666666665
593	BGLOBIN	A	CATC10GTR4GAA	post	1593	15.337900155400154	3.3736111111111113
594	BGLOBIN	A	CATC10GTR4GAA	post	1594	17.23334887334888	3.577777777777778
595	BGLOBIN	A	CATC10GTR4GAA	post	1595	19.102897727272744	3.5770833333333334
596	BGLOBIN	A	CATC10GTR4GAA	post	1596	18.831280108780103	3.568055555555555
597	BGLOBIN	A	CATC10GTR4GAA	post	1597	19.793670843045845	3.636805555555556
598	BGLOBIN	A	CATC10GTR4GAA	post	1598	17.62209741647241	3.4506944444444443
599	BGLOBIN	A	CATC10GTR4GAA	post	1599	17.00195027195027	3.5472222222222225
600	BGLOBIN	A	CATC10GTR4GAA	post	1600	13.76848290598291	3.2569444444444446
601	BGLOBIN	A	CATC10GTR4GAA	post	1601	12.503681041181043	3.1402777777777775
602	BGLOBIN	A	CATC10GTR4GAA	post	1602	11.964458041958043	3.004166666666667
603	BGLOBIN	A	CATC10GTR4GAA	post	1603	16.091048951048954	3.466666666666667
604	BGLOBIN	A	CATC10GTR4GAA	post	1604	13.864327894327902	3.2972222222222225
605	BGLOBIN	A	CATC10GTR4GAA	post	1605	18.30693861693861	3.586111111111111
606	BGLOBIN	A	CATC10GTR4GAA	post	1606	16.93052836052836	3.530555555555556
607	BGLOBIN	A	CATC10GTR4GAA	post	1607	15.47284965034965	3.3625
608	BGLOBIN	A	CATC10GTR4GAA	post	1608	15.758158022533014	3.354861111111111
609	BGLOBIN	A	CATC10GTR4GAA	post	1609	19.90920697358197	3.654861111111111
610	BGLOBIN	A	CATC10GTR4GAA	post	1610	20.861503010878025	3.7631944444444443
611	BGLOBIN	A	CATC10GTR4GAA	post	1611	19.168274572649576	3.6215277777777777
612	BGLOBIN	A	CATC10GTR4GAA	post	1612	19.610907148407147	3.551388888888889
613	BGLOBIN	A	CATC10GTR4GAA	post	1613	18.49962509712509	3.5597222222222222
614	BGLOBIN	A	CATC10GTR4GAA	post	1614	17.757527195027194	3.509722222222222
615	BGLOBIN	A	CATC10GTR4GAA	post	1615	18.451537975912977	3.4881944444444444
616	BGLOBIN	A	CATC10GTR4GAA	post	1616	17.13494755244755	3.4625000000000004
617	BGLOBIN	A	CATC10GTR4GAA	post	1617	15.182109071484078	3.270138888888889
618	BGLOBIN	A	CATC10GTR4GAA	post	1618	17.46086975524475	3.39375
619	BGLOBIN	A	CATC10GTR4GAA	post	1619	17.49867084304583	3.3881944444444443
620	BGLOBIN	A	CATC10GTR4GAA	post	1620	15.566503010878016	3.2881944444444446
621	BGLOBIN	A	CATC10GTR4GAA	post	1621	11.932307692307687	3.0
622	BGLOBIN	A	CATC10GTR4GAA	post	1622	14.86387674825175	3.277083333333333
623	BGLOBIN	A	CATC10GTR4GAA	post	1623	16.197031857031863	3.3555555555555556
624	BGLOBIN	A	CATC10GTR4GAA	post	1624	14.054300213675214	3.2243055555555555
625	BGLOBIN	A	CATC10GTR4GAA	post	1625	14.602621891996888	3.2256944444444446
626	BGLOBIN	A	CATC10GTR4GAA	post	1626	18.0284829059829	3.4430555555555555
627	BGLOBIN	A	CATC10GTR4GAA	post	1627	15.241398601398595	3.316666666666667
628	BGLOBIN	A	CATC10GTR4GAA	post	1628	16.589300699300697	3.408333333333333
629	BGLOBIN	A	CATC10GTR4GAA	post	1629	17.8080167055167	3.4847222222222225
630	BGLOBIN	A	CATC10GTR4GAA	post	1630	15.02499951437451	3.2631944444444443
631	BGLOBIN	A	CATC10GTR4GAA	post	1631	14.20348873348873	3.2472222222222222
632	BGLOBIN	A	CATC10GTR4GAA	post	1632	13.006095085470085	3.1576388888888887
633	BGLOBIN	A	CATC10GTR4GAA	post	1633	12.536099456099455	3.138888888888889
634	BGLOBIN	A	CATC10GTR4GAA	post	1634	15.714882964257969	3.3590277777777775
635	BGLOBIN	A	CATC10GTR4GAA	post	1635	14.073076923076929	3.2083333333333335
636	BGLOBIN	A	CATC10GTR4GAA	post	1636	17.502109071484075	3.5298611111111113
637	BGLOBIN	A	CATC10GTR4GAA	post	1637	18.3100305944056	3.5562500000000004
638	BGLOBIN	A	CATC10GTR4GAA	post	1638	19.700815365190376	3.645138888888889
639	BGLOBIN	A	CATC10GTR4GAA	post	1639	24.29840714840715	4.063888888888889
640	BGLOBIN	A	CATC10GTR4GAA	post	1640	18.836604020979024	3.5229166666666667
641	BGLOBIN	A	CATC10GTR4GAA	post	1641	14.28531468531469	3.2333333333333334
642	BGLOBIN	A	CATC10GTR4GAA	post	1642	15.258422202797211	3.3895833333333334
643	BGLOBIN	A	CATC10GTR4GAA	post	1643	13.622727272727271	3.175
644	BGLOBIN	A	CATC10GTR4GAA	post	1644	14.562237762237766	3.2666666666666666
645	BGLOBIN	A	CATC10GTR4GAA	post	1645	15.186728826728826	3.361111111111111
646	BGLOBIN	A	CATC10GTR4GAA	post	1646	14.436192696192691	3.2555555555555555
647	BGLOBIN	A	CATC10GTR4GAA	post	1647	14.980262237762236	3.3041666666666667
648	BGLOBIN	A	CATC10GTR4GAA	post	1648	14.270891608391608	3.2125000000000004
649	BGLOBIN	A	CATC10GTR4GAA	post	1649	13.526783216783222	3.175
650	BGLOBIN	A	CATC10GTR4GAA	post	1650	15.73856206293706	3.2437500000000004
651	BGLOBIN	A	CATC10GTR4GAA	post	1651	15.67622377622378	3.3333333333333335
652	BGLOBIN	A	CATC10GTR4GAA	post	1652	17.19293706293705	3.5749999999999997
653	BGLOBIN	A	CATC10GTR4GAA	post	1653	17.49916083916084	3.5166666666666666
654	BGLOBIN	A	CATC10GTR4GAA	post	1654	14.309999999999999	3.2083333333333335
655	BGLOBIN	A	CATC10GTR4GAA	post	1655	14.600510878010883	3.2569444444444446
656	BGLOBIN	A	CATC10GTR4GAA	post	1656	12.186638986013987	3.1020833333333333
657	BGLOBIN	A	CATC10GTR4GAA	post	1657	14.039992229992228	3.2472222222222222
658	BGLOBIN	A	CATC10GTR4GAA	post	1658	13.895030594405588	3.2645833333333334
659	BGLOBIN	A	CATC10GTR4GAA	post	1659	14.991699689199692	3.3430555555555554
660	BGLOBIN	A	CATC10GTR4GAA	post	1660	17.387270784770802	3.448611111111111
661	BGLOBIN	A	CATC10GTR4GAA	post	1661	19.579811577311578	3.5930555555555554
662	BGLOBIN	A	CATC10GTR4GAA	post	1662	19.279456099456098	3.538888888888889
663	BGLOBIN	A	CATC10GTR4GAA	post	1663	16.47097902097902	3.425
664	BGLOBIN	A	CATC10GTR4GAA	post	1664	17.63040743978245	3.540972222222222
665	BGLOBIN	A	CATC10GTR4GAA	post	1665	16.643479020979022	3.4291666666666667
666	BGLOBIN	A	CATC10GTR4GAA	post	1666	14.878332847707844	3.292361111111111
667	BGLOBIN	A	CATC10GTR4GAA	post	1667	13.842766122766124	3.2444444444444445
668	BGLOBIN	A	CATC10GTR4GAA	post	1668	16.073978243978242	3.352777777777778
669	BGLOBIN	A	CATC10GTR4GAA	post	1669	19.561670551670545	3.6527777777777777
670	BGLOBIN	A	CATC10GTR4GAA	post	1670	20.766980866355873	3.646527777777778
671	BGLOBIN	A	CATC10GTR4GAA	post	1671	19.432975912975916	3.5555555555555554
672	BGLOBIN	A	CATC10GTR4GAA	post	1672	18.01640831390832	3.540277777777778
673	BGLOBIN	A	CATC10GTR4GAA	post	1673	16.37937014374515	3.3881944444444443
674	BGLOBIN	A	CATC10GTR4GAA	post	1674	19.353177447552444	3.6937499999999996
675	BGLOBIN	A	CATC10GTR4GAA	post	1675	16.313457167832166	3.39375
676	BGLOBIN	A	CATC10GTR4GAA	post	1676	18.024794094794103	3.5805555555555557
677	BGLOBIN	A	CATC10GTR4GAA	post	1677	17.844799922299913	3.509722222222222
678	BGLOBIN	A	CATC10GTR4GAA	post	1678	16.172307692307687	3.4000000000000004
679	BGLOBIN	A	CATC10GTR4GAA	post	1679	18.630699300699312	3.6416666666666666
680	BGLOBIN	A	CATC10GTR4GAA	post	1680	15.008771853146843	3.2437500000000004
681	BGLOBIN	A	CATC10GTR4GAA	post	1681	16.39230769230769	3.3666666666666667
682	BGLOBIN	A	CATC10GTR4GAA	post	1682	16.100116064491065	3.367361111111111
683	BGLOBIN	A	CATC10GTR4GAA	post	1683	16.112516996891998	3.3993055555555554
684	BGLOBIN	A	CATC10GTR4GAA	post	1684	18.32787101787102	3.4805555555555556
685	BGLOBIN	A	CATC10GTR4GAA	post	1685	13.624541083916087	3.1020833333333333
686	BGLOBIN	A	CATC10GTR4GAA	post	1686	16.98716734654235	3.4131944444444446
687	BGLOBIN	A	CATC10GTR4GAA	post	1687	18.22048951048951	3.558333333333333
688	BGLOBIN	A	CATC10GTR4GAA	post	1688	16.34080371017869	3.3631944444444444
689	BGLOBIN	A	CATC10GTR4GAA	post	1689	15.836359265734265	3.314583333333333
690	BGLOBIN	A	CATC10GTR4GAA	post	1690	15.602023601398605	3.33125
691	BGLOBIN	A	CATC10GTR4GAA	post	1691	17.94232323232323	3.486111111111111
692	BGLOBIN	A	CATC10GTR4GAA	post	1692	18.70304584304585	3.4944444444444445
693	BGLOBIN	A	CATC10GTR4GAA	post	1693	23.385524475524466	3.7916666666666665
694	BGLOBIN	A	CATC10GTR4GAA	post	1694	27.24284188034188	4.040277777777778
695	BGLOBIN	A	CATC10GTR4GAA	post	1695	28.30698863636364	4.081250000000001
696	BGLOBIN	A	CATC10GTR4GAA	post	1696	20.203820901320903	3.5902777777777777
697	BGLOBIN	A	CATC10GTR4GAA	post	1697	20.873449397824388	3.6215277777777777
698	BGLOBIN	A	CATC10GTR4GAA	post	1698	28.160799825174827	4.010416666666667
699	BGLOBIN	A	CATC10GTR4GAA	post	1699	28.803634421134426	4.076388888888889
700	BGLOBIN	A	CATC10GTR4GAA	post	1700	19.566991064491063	3.648611111111111
701	BGLOBIN	A	CATC10GTR4GAA	post	1701	24.339172008547006	3.907638888888889
702	BGLOBIN	A	CATC10GTR4GAA	post	1702	21.0303141996892	3.636805555555556
703	BGLOBIN	A	CATC10GTR4GAA	post	1703	21.962468919968916	3.668055555555556
704	BGLOBIN	A	CATC10GTR4GAA	post	1704	18.961722999223	3.5347222222222223
705	BGLOBIN	A	CATC10GTR4GAA	post	1705	17.685694930069936	3.410416666666667
706	BGLOBIN	A	CATC10GTR4GAA	post	1706	21.26333916083917	3.745833333333333
707	BGLOBIN	A	CATC10GTR4GAA	post	1707	23.231087801087803	3.730555555555555
708	BGLOBIN	A	CATC10GTR4GAA	post	1708	18.72784333721835	3.4701388888888887
709	BGLOBIN	A	CATC10GTR4GAA	post	1709	18.170052447552447	3.4458333333333333
710	BGLOBIN	A	CATC10GTR4GAA	post	1710	18.383577602952617	3.457638888888889
711	BGLOBIN	A	CATC10GTR4GAA	post	1711	19.238583916083904	3.529166666666667
712	BGLOBIN	A	CATC10GTR4GAA	post	1712	15.635896950271952	3.3715277777777777
713	BGLOBIN	A	CATC10GTR4GAA	post	1713	18.591188811188808	3.433333333333333
714	BGLOBIN	A	CATC10GTR4GAA	post	1714	22.60578040015539	3.804861111111111
715	BGLOBIN	A	CATC10GTR4GAA	post	1715	18.15474747474748	3.572222222222222
716	BGLOBIN	A	CATC10GTR4GAA	post	1716	20.2363616938617	3.676388888888889
717	BGLOBIN	A	CATC10GTR4GAA	post	1717	16.484638209013216	3.4340277777777777
718	BGLOBIN	A	CATC10GTR4GAA	post	1718	17.797971542346527	3.5006944444444446
719	BGLOBIN	A	CATC10GTR4GAA	post	1719	16.83466151903651	3.445138888888889
720	BGLOBIN	A	CATC10GTR4GAA	post	1720	19.281957556332554	3.5506944444444444
721	BGLOBIN	A	CATC10GTR4GAA	post	1721	17.47324737762239	3.377083333333333
722	BGLOBIN	A	CATC10GTR4GAA	post	1722	16.68520541958041	3.439583333333333
723	BGLOBIN	A	CATC10GTR4GAA	post	1723	18.060407439782438	3.5465277777777775
724	BGLOBIN	A	CATC10GTR4GAA	post	1724	14.491559829059835	3.1430555555555557
725	BGLOBIN	A	CATC10GTR4GAA	post	1725	15.955310314685315	3.3020833333333335
726	BGLOBIN	A	CATC10GTR4GAA	post	1726	18.546234945609953	3.542361111111111
727	BGLOBIN	A	CATC10GTR4GAA	post	1727	18.42968482905982	3.4868055555555557
728	BGLOBIN	A	CATC10GTR4GAA	post	1728	19.179003496503498	3.5791666666666666
729	BGLOBIN	A	CATC10GTR4GAA	post	1729	19.696887626262626	3.6631944444444446
730	BGLOBIN	A	CATC10GTR4GAA	post	1730	19.351813811188805	3.497916666666667
731	BGLOBIN	A	CATC10GTR4GAA	post	1731	18.577575271950277	3.4715277777777778
732	BGLOBIN	A	CATC10GTR4GAA	post	1732	22.817637917637914	3.811111111111111
733	BGLOBIN	A	CATC10GTR4GAA	post	1733	17.977014374514376	3.5430555555555556
734	BGLOBIN	A	CATC10GTR4GAA	post	1734	25.663892288267284	3.954861111111111
735	BGLOBIN	A	CATC10GTR4GAA	post	1735	28.526804584304585	4.218055555555555
736	BGLOBIN	A	CATC10GTR4GAA	post	1736	25.434217171717183	3.8680555555555554
737	BGLOBIN	A	CATC10GTR4GAA	post	1737	31.700062160062142	4.177777777777778
738	BGLOBIN	A	CATC10GTR4GAA	post	1738	21.962002719502728	3.6847222222222222
739	BGLOBIN	A	CATC10GTR4GAA	post	1739	20.352719502719506	3.5972222222222223
740	BGLOBIN	A	CATC10GTR4GAA	post	1740	21.25748251748253	3.6166666666666663
741	BGLOBIN	A	CATC10GTR4GAA	post	1741	25.411409770784772	3.8798611111111114
742	BGLOBIN	A	CATC10GTR4GAA	post	1742	19.43600961538461	3.502083333333333
743	BGLOBIN	A	CATC10GTR4GAA	post	1743	20.998951048951046	3.625
744	BGLOBIN	A	CATC10GTR4GAA	post	1744	17.94467754467755	3.577777777777778
745	BGLOBIN	A	CATC10GTR4GAA	post	1745	18.30052398989899	3.4631944444444445
746	BGLOBIN	A	CATC10GTR4GAA	post	1746	17.093846153846165	3.3833333333333333
747	BGLOBIN	A	CATC10GTR4GAA	post	1747	17.63284333721835	3.5673611111111114
748	BGLOBIN	A	CATC10GTR4GAA	post	1748	16.66880924630924	3.348611111111111
749	BGLOBIN	A	CATC10GTR4GAA	post	1749	15.952513111888118	3.26875
750	BGLOBIN	A	CATC10GTR4GAA	post	1750	17.990799825174822	3.527083333333333
751	BGLOBIN	A	CATC10GTR4GAA	post	1751	15.275959595959591	3.288888888888889
752	BGLOBIN	A	CATC10GTR4GAA	post	1752	17.279645979020984	3.3979166666666667
753	BGLOBIN	A	CATC10GTR4GAA	post	1753	15.364566822066825	3.2430555555555554
754	BGLOBIN	A	CATC10GTR4GAA	post	1754	15.785314685314681	3.3
755	BGLOBIN	A	CATC10GTR4GAA	post	1755	15.825213675213671	3.2805555555555554
756	BGLOBIN	A	CATC10GTR4GAA	post	1756	17.881429195804202	3.5395833333333333
757	BGLOBIN	A	CATC10GTR4GAA	post	1757	21.94152097902097	3.745833333333333
758	BGLOBIN	A	CATC10GTR4GAA	post	1758	25.154541083916087	4.047916666666667
759	BGLOBIN	A	CATC10GTR4GAA	post	1759	19.52080371017872	3.574305555555556
760	BGLOBIN	A	CATC10GTR4GAA	post	1760	16.78935314685314	3.3541666666666665
761	BGLOBIN	A	CATC10GTR4GAA	post	1761	16.52899572649573	3.3597222222222225
762	BGLOBIN	A	CATC10GTR4GAA	post	1762	19.814556623931633	3.670138888888889
763	BGLOBIN	A	CATC10GTR4GAA	post	1763	19.727443181818177	3.59375
764	BGLOBIN	A	CATC10GTR4GAA	post	1764	19.55454545454545	3.716666666666667
765	BGLOBIN	A	CATC10GTR4GAA	post	1765	18.277832167832177	3.4916666666666667
766	BGLOBIN	A	CATC10GTR4GAA	post	1766	17.12001554001555	3.388888888888889
767	BGLOBIN	A	CATC10GTR4GAA	post	1767	13.342897727272724	3.122916666666667
768	BGLOBIN	A	CATC10GTR4GAA	post	1768	13.351491355866361	3.1215277777777777
769	BGLOBIN	A	CATC10GTR4GAA	post	1769	15.27400155400156	3.338888888888889
770	BGLOBIN	A	CATC10GTR4GAA	post	1770	16.177853535353538	3.4069444444444446
771	BGLOBIN	A	CATC10GTR4GAA	post	1771	13.969088966588966	3.226388888888889
772	BGLOBIN	A	CATC10GTR4GAA	post	1772	12.385722125097123	3.0465277777777775
773	BGLOBIN	A	CATC10GTR4GAA	post	1773	12.63225912975913	3.0069444444444446
774	BGLOBIN	A	CATC10GTR4GAA	post	1774	16.862967657342665	3.3270833333333334
775	BGLOBIN	A	CATC10GTR4GAA	post	1775	19.604638209013213	3.5784722222222225
776	BGLOBIN	A	CATC10GTR4GAA	post	1776	18.70944055944056	3.558333333333333
777	BGLOBIN	A	CATC10GTR4GAA	post	1777	15.794729992229993	3.3402777777777777
778	BGLOBIN	A	CATC10GTR4GAA	post	1778	15.362687937062931	3.3270833333333334
779	BGLOBIN	A	CATC10GTR4GAA	post	1779	15.18278506216006	3.3090277777777777
780	BGLOBIN	A	CATC10GTR4GAA	post	1780	14.254475524475518	3.2416666666666667
781	BGLOBIN	A	CATC10GTR4GAA	post	1781	16.48361256798757	3.432638888888889
782	BGLOBIN	A	CATC10GTR4GAA	post	1782	16.370769230769238	3.3666666666666667
783	BGLOBIN	A	CATC10GTR4GAA	post	1783	21.333597027972022	3.7729166666666663
784	BGLOBIN	A	CATC10GTR4GAA	post	1784	20.947843337218337	3.670138888888889
785	BGLOBIN	A	CATC10GTR4GAA	post	1785	19.1222533022533	3.561111111111111
786	BGLOBIN	A	CATC10GTR4GAA	post	1786	15.16363442113442	3.298611111111111
787	BGLOBIN	A	CATC10GTR4GAA	post	1787	14.24885586635586	3.134722222222222
788	BGLOBIN	A	CATC10GTR4GAA	post	1788	15.359549339549345	3.2555555555555555
789	BGLOBIN	A	CATC10GTR4GAA	post	1789	16.83472416472417	3.3805555555555555
790	BGLOBIN	A	CATC10GTR4GAA	post	1790	16.895477369852358	3.271527777777778
791	BGLOBIN	A	CATC10GTR4GAA	post	1791	18.556206293706296	3.379166666666667
792	BGLOBIN	A	CATC10GTR4GAA	post	1792	18.85924193861694	3.420138888888889
793	BGLOBIN	A	CATC10GTR4GAA	post	1793	17.336643356643346	3.3666666666666667
794	BGLOBIN	A	CATC10GTR4GAA	post	1794	18.049922299922308	3.4027777777777777
795	BGLOBIN	A	CATC10GTR4GAA	post	1795	16.369409479409462	3.4194444444444443
796	BGLOBIN	A	CATC10GTR4GAA	post	1796	16.6852908896659	3.367361111111111
797	BGLOBIN	A	CATC10GTR4GAA	post	1797	17.796285936285944	3.4722222222222223
798	BGLOBIN	A	CATC10GTR4GAA	post	1798	14.084510003885013	3.2868055555555555
799	BGLOBIN	A	CATC10GTR4GAA	post	1799	15.454964549339556	3.2381944444444444
800	BGLOBIN	A	CATC10GTR4GAA	post	1800	15.370979020979012	3.2583333333333333
801	BGLOBIN	A	CATC10GTR4GAA	post	1801	13.374218628593631	3.1284722222222223
802	BGLOBIN	A	CATC10GTR4GAA	post	1802	13.14915646853147	3.064583333333333
803	BGLOBIN	A	CATC10GTR4GAA	post	1803	10.813262917637921	2.867361111111111
804	BGLOBIN	A	CATC10GTR4GAA	post	1804	14.19250534188034	3.2034722222222225
805	BGLOBIN	A	CATC10GTR4GAA	post	1805	16.165873640248645	3.3618055555555557
806	BGLOBIN	A	CATC10GTR4GAA	post	1806	15.460295260295265	3.338888888888889
807	BGLOBIN	A	CATC10GTR4GAA	post	1807	15.108919968919967	3.2444444444444445
808	BGLOBIN	A	CATC10GTR4GAA	post	1808	17.880371017871013	3.3680555555555554
809	BGLOBIN	A	CATC10GTR4GAA	post	1809	18.214351204351207	3.486111111111111
810	BGLOBIN	A	CATC10GTR4GAA	post	1810	18.4694866938617	3.445138888888889
811	BGLOBIN	A	CATC10GTR4GAA	post	1811	16.934331293706297	3.4312500000000004
812	BGLOBIN	A	CATC10GTR4GAA	post	1812	16.03757527195027	3.228472222222222
813	BGLOBIN	A	CATC10GTR4GAA	post	1813	16.043634421134428	3.323611111111111
814	BGLOBIN	A	CATC10GTR4GAA	post	1814	13.30339112276613	3.1243055555555554
815	BGLOBIN	A	CATC10GTR4GAA	post	1815	14.360151029526023	3.270138888888889
816	BGLOBIN	A	CATC10GTR4GAA	post	1816	13.988529526029522	3.173611111111111
817	BGLOBIN	A	CATC10GTR4GAA	post	1817	13.468799048174048	3.1534722222222222
818	BGLOBIN	A	CATC10GTR4GAA	post	1818	16.27165306915306	3.290277777777778
819	BGLOBIN	A	CATC10GTR4GAA	post	1819	20.527457264957267	3.640277777777778
820	BGLOBIN	A	CATC10GTR4GAA	post	1820	17.030489510489513	3.3333333333333335
821	BGLOBIN	A	CATC10GTR4GAA	post	1821	13.316188325563322	3.0743055555555556
822	BGLOBIN	A	CATC10GTR4GAA	post	1822	14.093548951048952	3.120833333333333
823	BGLOBIN	A	CATC10GTR4GAA	post	1823	14.735594405594409	3.2249999999999996
824	BGLOBIN	A	CATC10GTR4GAA	post	1824	13.299708139083137	3.1534722222222222
825	BGLOBIN	A	CATC10GTR4GAA	post	1825	14.586775446775444	3.1722222222222225
826	BGLOBIN	A	CATC10GTR4GAA	post	1826	16.13953185703186	3.4819444444444443
827	BGLOBIN	A	CATC10GTR4GAA	post	1827	16.75496454933954	3.4381944444444446
828	BGLOBIN	A	CATC10GTR4GAA	post	1828	16.43720085470085	3.401388888888889
829	BGLOBIN	A	CATC10GTR4GAA	post	1829	15.400295260295259	3.3111111111111113
830	BGLOBIN	A	CATC10GTR4GAA	post	1830	14.986569055944054	3.3187499999999996
831	BGLOBIN	A	CATC10GTR4GAA	post	1831	18.906638986013984	3.6687499999999997
832	BGLOBIN	A	CATC10GTR4GAA	post	1832	14.81625825563326	3.2756944444444445
833	BGLOBIN	A	CATC10GTR4GAA	post	1833	13.567493686868685	3.120138888888889
834	BGLOBIN	A	CATC10GTR4GAA	post	1834	13.25342220279721	3.0854166666666667
835	BGLOBIN	A	CATC10GTR4GAA	post	1835	14.811730769230774	3.245833333333333
836	BGLOBIN	A	CATC10GTR4GAA	post	1836	14.38625437062937	3.2104166666666667
837	BGLOBIN	A	CATC10GTR4GAA	post	1837	15.77399718337218	3.392361111111111
838	BGLOBIN	A	CATC10GTR4GAA	post	1838	13.847503885003883	3.0930555555555554
839	BGLOBIN	A	CATC10GTR4GAA	post	1839	15.567377136752143	3.2631944444444443
840	BGLOBIN	A	CATC10GTR4GAA	post	1840	15.862468919968919	3.3569444444444443
841	BGLOBIN	A	CATC10GTR4GAA	post	1841	19.18515102952603	3.445138888888889
842	BGLOBIN	A	CATC10GTR4GAA	post	1842	20.753688811188816	3.6624999999999996
843	BGLOBIN	A	CATC10GTR4GAA	post	1843	18.600883838383844	3.4402777777777778
844	BGLOBIN	A	CATC10GTR4GAA	post	1844	19.81384615384615	3.5833333333333335
845	BGLOBIN	A	CATC10GTR4GAA	post	1845	21.879339549339544	3.730555555555556
846	BGLOBIN	A	CATC10GTR4GAA	post	1846	18.08654234654235	3.4055555555555554
847	BGLOBIN	A	CATC10GTR4GAA	post	1847	18.287528651903646	3.4673611111111113
848	BGLOBIN	A	CATC10GTR4GAA	post	1848	14.958002622377624	3.222916666666667
849	BGLOBIN	A	CATC10GTR4GAA	post	1849	16.366555944055946	3.3375000000000004
850	BGLOBIN	A	CATC10GTR4GAA	post	1850	14.261381118881125	3.254166666666667
851	BGLOBIN	A	CATC10GTR4GAA	post	1851	13.848146367521368	3.2243055555555555
852	BGLOBIN	A	CATC10GTR4GAA	post	1852	15.93804195804196	3.283333333333333
853	BGLOBIN	A	CATC10GTR4GAA	post	1853	17.50813471250972	3.4215277777777775
854	BGLOBIN	A	CATC10GTR4GAA	post	1854	15.73748057498057	3.276388888888889
855	BGLOBIN	A	CATC10GTR4GAA	post	1855	14.143973873348873	3.1590277777777778
856	BGLOBIN	A	CATC10GTR4GAA	post	1856	13.724661519036516	3.0951388888888887
857	BGLOBIN	A	CATC10GTR4GAA	post	1857	14.915400155400157	3.338888888888889
858	BGLOBIN	A	CATC10GTR4GAA	post	1858	14.229824689199692	3.3131944444444446
859	BGLOBIN	A	CATC10GTR4GAA	post	1859	13.817132867132864	3.191666666666667
860	BGLOBIN	A	CATC10GTR4GAA	post	1860	12.715885295260302	3.179861111111111
861	BGLOBIN	A	CATC10GTR4GAA	post	1861	13.553076923076926	3.2083333333333335
862	BGLOBIN	A	CATC10GTR4GAA	post	1862	14.283535353535365	3.2805555555555554
863	BGLOBIN	A	CATC10GTR4GAA	post	1863	16.071328185703184	3.4618055555555554
864	BGLOBIN	A	CATC10GTR4GAA	post	1864	18.7262466006216	3.6159722222222226
865	BGLOBIN	A	CATC10GTR4GAA	post	1865	17.982598581973573	3.479861111111111
866	BGLOBIN	A	CATC10GTR4GAA	post	1866	15.95692113442113	3.401388888888889
867	BGLOBIN	A	CATC10GTR4GAA	post	1867	16.183675213675212	3.3305555555555557
868	BGLOBIN	A	CATC10GTR4GAA	post	1868	16.201572940947933	3.4756944444444446
869	BGLOBIN	A	CATC10GTR4GAA	post	1869	17.859720279720282	3.533333333333333
870	BGLOBIN	A	CATC10GTR4GAA	post	1870	16.50964257964258	3.4527777777777775
871	BGLOBIN	A	CATC10GTR4GAA	post	1871	20.214265734265744	3.75
872	BGLOBIN	A	CATC10GTR4GAA	post	1872	18.55348436285937	3.5590277777777777
873	BGLOBIN	A	CATC10GTR4GAA	post	1873	16.83948669386169	3.395138888888889
874	BGLOBIN	A	CATC10GTR4GAA	post	1874	16.74027777777777	3.3736111111111113
875	BGLOBIN	A	CATC10GTR4GAA	post	1875	16.775149572649568	3.3152777777777778
876	BGLOBIN	A	CATC10GTR4GAA	post	1876	20.753212412587416	3.6979166666666665
877	BGLOBIN	A	CATC10GTR4GAA	post	1877	16.521631216006217	3.4715277777777778
878	BGLOBIN	A	CATC10GTR4GAA	post	1878	15.018962218337226	3.2798611111111113
879	BGLOBIN	A	CATC10GTR4GAA	post	1879	18.11489510489511	3.4749999999999996
880	BGLOBIN	A	CATC10GTR4GAA	post	1880	14.115520104895108	3.1812500000000004
881	BGLOBIN	A	CATC10GTR4GAA	post	1881	13.170652195027193	3.0659722222222223
882	BGLOBIN	A	CATC10GTR4GAA	post	1882	14.240990190365194	3.207638888888889
883	BGLOBIN	A	CATC10GTR4GAA	post	1883	13.351429195804192	3.1104166666666666
884	BGLOBIN	A	CATC10GTR4GAA	post	1884	13.736728826728823	3.1861111111111113
885	BGLOBIN	A	CATC10GTR4GAA	post	1885	11.99505778943279	3.0284722222222222
886	BGLOBIN	A	CATC10GTR4GAA	post	1886	11.219718337218339	3.023611111111111
887	BGLOBIN	A	CATC10GTR4GAA	post	1887	12.203985528360526	3.1006944444444446
888	BGLOBIN	A	CATC10GTR4GAA	post	1888	10.70797008547009	2.951388888888889
889	BGLOBIN	A	CATC10GTR4GAA	post	1889	11.80678321678321	2.9583333333333335
890	BGLOBIN	A	CATC10GTR4GAA	post	1890	11.545283605283604	3.0055555555555555
891	BGLOBIN	A	CATC10GTR4GAA	post	1891	10.57664141414141	2.973611111111111
892	BGLOBIN	A	CATC10GTR4GAA	post	1892	11.371233488733488	2.990277777777778
893	BGLOBIN	A	CATC10GTR4GAA	post	1893	12.358876748251745	3.0520833333333335
894	BGLOBIN	A	CATC10GTR4GAA	post	1894	13.563286713286718	3.1083333333333334
895	BGLOBIN	A	CATC10GTR4GAA	post	1895	12.542680167055165	3.0340277777777778
896	BGLOBIN	A	CATC10GTR4GAA	post	1896	14.533828671328672	3.220833333333333
897	BGLOBIN	A	CATC10GTR4GAA	post	1897	15.308041472416472	3.3006944444444444
898	BGLOBIN	A	CATC10GTR4GAA	post	1898	14.557272241647244	3.2006944444444447
899	BGLOBIN	A	CATC10GTR4GAA	post	1899	15.088063325563326	3.3180555555555555
900	BGLOBIN	A	CATC10GTR4GAA	post	1900	19.7831993006993	3.5374999999999996
901	BGLOBIN	A	CATC10GTR4GAA	post	1901	19.632865190365184	3.473611111111111
902	BGLOBIN	A	CATC10GTR4GAA	post	1902	18.239715909090897	3.4145833333333333
903	BGLOBIN	A	CATC10GTR4GAA	post	1903	15.506409770784774	3.367361111111111
904	BGLOBIN	A	CATC10GTR4GAA	post	1904	14.22074397824397	3.240277777777778
905	BGLOBIN	A	CATC10GTR4GAA	post	1905	14.435162684537687	3.240972222222222
906	BGLOBIN	A	CATC10GTR4GAA	post	1906	13.818072552447553	3.1937499999999996
907	BGLOBIN	A	CATC10GTR4GAA	post	1907	17.210450174825173	3.4895833333333335
908	BGLOBIN	A	CATC10GTR4GAA	post	1908	19.333631993006996	3.564583333333333
909	BGLOBIN	A	CATC10GTR4GAA	post	1909	15.163262917637914	3.304861111111111
910	BGLOBIN	A	CATC10GTR4GAA	post	1910	16.56256361693862	3.382638888888889
911	BGLOBIN	A	CATC10GTR4GAA	post	1911	17.085185994560998	3.329861111111111
912	BGLOBIN	A	CATC10GTR4GAA	post	1912	18.7114797008547	3.570138888888889
913	BGLOBIN	A	CATC10GTR4GAA	post	1913	20.19326923076923	3.529166666666667
914	BGLOBIN	A	CATC10GTR4GAA	post	1914	19.98419580419581	3.5999999999999996
915	BGLOBIN	A	CATC10GTR4GAA	post	1915	16.33268793706293	3.5104166666666665
916	BGLOBIN	A	CATC10GTR4GAA	post	1916	16.04656565656566	3.4027777777777777
917	BGLOBIN	A	CATC10GTR4GAA	post	1917	17.07290598290599	3.4694444444444446
918	BGLOBIN	A	CATC10GTR4GAA	post	1918	17.74781468531467	3.4791666666666665
919	BGLOBIN	A	CATC10GTR4GAA	post	1919	17.720464257964256	3.4652777777777777
920	BGLOBIN	A	CATC10GTR4GAA	post	1920	18.56243978243978	3.427777777777778
921	BGLOBIN	A	CATC10GTR4GAA	post	1921	16.101818181818174	3.3499999999999996
922	BGLOBIN	A	CATC10GTR4GAA	post	1922	16.343597027972027	3.35625
923	BGLOBIN	A	CATC10GTR4GAA	post	1923	21.49038412975914	3.724305555555555
924	BGLOBIN	A	CATC10GTR4GAA	post	1924	16.39667395104895	3.3270833333333334
925	BGLOBIN	A	CATC10GTR4GAA	post	1925	16.806537975912985	3.4368055555555554
926	BGLOBIN	A	CATC10GTR4GAA	post	1926	22.281988636363636	3.8270833333333334
927	BGLOBIN	A	CATC10GTR4GAA	post	1927	19.853422202797198	3.5854166666666663
928	BGLOBIN	A	CATC10GTR4GAA	post	1928	20.425172882672875	3.623611111111111
929	BGLOBIN	A	CATC10GTR4GAA	post	1929	16.77368881118881	3.3875
930	BGLOBIN	A	CATC10GTR4GAA	post	1930	16.083634421134427	3.398611111111111
931	BGLOBIN	A	CATC10GTR4GAA	post	1931	18.543914141414145	3.551388888888889
932	BGLOBIN	A	CATC10GTR4GAA	post	1932	17.765912975912972	3.3694444444444445
933	BGLOBIN	A	CATC10GTR4GAA	post	1933	19.93247037684538	3.6215277777777777
934	BGLOBIN	A	CATC10GTR4GAA	post	1934	22.2880574980575	3.836111111111111
935	BGLOBIN	A	CATC10GTR4GAA	post	1935	16.83972027972029	3.4000000000000004
936	BGLOBIN	A	CATC10GTR4GAA	post	1936	16.73234217171717	3.3756944444444446
937	BGLOBIN	A	CATC10GTR4GAA	post	1937	19.20765685703186	3.5256944444444445
938	BGLOBIN	A	CATC10GTR4GAA	post	1938	16.32877185314685	3.34375
939	BGLOBIN	A	CATC10GTR4GAA	post	1939	20.53579982517482	3.6145833333333335
940	BGLOBIN	A	CATC10GTR4GAA	post	1940	20.317924922299923	3.5659722222222223
941	BGLOBIN	A	CATC10GTR4GAA	post	1941	15.61426379176379	3.226388888888889
942	BGLOBIN	A	CATC10GTR4GAA	post	1942	15.817760295260296	3.226388888888889
943	BGLOBIN	A	CATC10GTR4GAA	post	1943	14.452771950271947	3.1597222222222223
944	BGLOBIN	A	CATC10GTR4GAA	post	1944	18.730489024864013	3.5506944444444444
945	BGLOBIN	A	CATC10GTR4GAA	post	1945	20.621234945609938	3.645138888888889
946	BGLOBIN	A	CATC10GTR4GAA	post	1946	18.48559440559441	3.5166666666666666
947	BGLOBIN	A	CATC10GTR4GAA	post	1947	16.246246600621603	3.384027777777778
948	BGLOBIN	A	CATC10GTR4GAA	post	1948	14.912004176379183	3.354861111111111
949	BGLOBIN	A	CATC10GTR4GAA	post	1949	16.72284333721833	3.395138888888889
950	BGLOBIN	A	CATC10GTR4GAA	post	1950	17.249801379176372	3.392361111111111
951	BGLOBIN	A	CATC10GTR4GAA	post	1951	18.9937062937063	3.466666666666667
952	BGLOBIN	A	CATC10GTR4GAA	post	1952	18.192517482517477	3.441666666666667
953	BGLOBIN	A	CATC10GTR4GAA	post	1953	17.258422202797206	3.4229166666666666
954	BGLOBIN	A	CATC10GTR4GAA	post	1954	18.88980137917638	3.4701388888888887
955	BGLOBIN	A	CATC10GTR4GAA	post	1955	18.22189928127428	3.442361111111111
956	BGLOBIN	A	CATC10GTR4GAA	post	1956	17.873657731157728	3.5069444444444446
957	BGLOBIN	A	CATC10GTR4GAA	post	1957	16.741800699300697	3.3375000000000004
958	BGLOBIN	A	CATC10GTR4GAA	post	1958	17.131079545454547	3.40625
959	BGLOBIN	A	CATC10GTR4GAA	post	1959	11.776993006993003	2.941666666666667
960	BGLOBIN	A	CATC10GTR4GAA	post	1960	15.484999514374522	3.2631944444444443
961	BGLOBIN	A	CATC10GTR4GAA	post	1961	14.382789432789437	3.2027777777777775
962	BGLOBIN	A	CATC10GTR4GAA	post	1962	13.958570318570315	3.2055555555555557
963	BGLOBIN	A	CATC10GTR4GAA	post	1963	14.874393453768452	3.2534722222222223
964	BGLOBIN	A	CATC10GTR4GAA	post	1964	14.571429195804196	3.189583333333333
965	BGLOBIN	A	CATC10GTR4GAA	post	1965	13.667125097125094	3.147222222222222
966	BGLOBIN	A	CATC10GTR4GAA	post	1966	14.120869755244755	3.2395833333333335
967	BGLOBIN	A	CATC10GTR4GAA	post	1967	17.009067113442118	3.545138888888889
968	BGLOBIN	A	CATC10GTR4GAA	post	1968	17.308780108780113	3.3944444444444444
969	BGLOBIN	A	CATC10GTR4GAA	post	1969	17.621561285936277	3.4215277777777775
970	BGLOBIN	A	CATC10GTR4GAA	post	1970	19.5778243978244	3.477777777777778
971	BGLOBIN	A	CATC10GTR4GAA	post	1971	20.80978243978244	3.6027777777777774
972	BGLOBIN	A	CATC10GTR4GAA	post	1972	18.644038461538468	3.5125
973	BGLOBIN	A	CATC10GTR4GAA	post	1973	19.36636363636365	3.4749999999999996
974	BGLOBIN	A	CATC10GTR4GAA	post	1974	21.964440073815094	3.6631944444444446
975	BGLOBIN	A	CATC10GTR4GAA	post	1975	21.822975912975906	3.630555555555555
976	BGLOBIN	A	CATC10GTR4GAA	post	1976	19.59911227661228	3.568055555555555
977	BGLOBIN	A	CATC10GTR4GAA	post	1977	13.23560557498057	3.179861111111111
978	BGLOBIN	A	CATC10GTR4GAA	post	1978	13.943631993006985	3.152083333333333
979	BGLOBIN	A	CATC10GTR4GAA	post	1979	14.259003496503494	3.245833333333333
980	BGLOBIN	A	CATC10GTR4GAA	post	1980	22.204318181818184	3.6374999999999997
981	BGLOBIN	A	CATC10GTR4GAA	post	1981	21.841909479409466	3.693055555555555
982	BGLOBIN	A	CATC10GTR4GAA	post	1982	21.16531274281274	3.576388888888889
983	BGLOBIN	A	CATC10GTR4GAA	post	1983	24.828134712509705	3.7784722222222222
984	BGLOBIN	A	CATC10GTR4GAA	post	1984	24.357154234654217	3.668055555555556
985	BGLOBIN	A	CATC10GTR4GAA	post	1985	26.475694930069942	3.8604166666666666
986	BGLOBIN	A	CATC10GTR4GAA	post	1986	25.16060411810413	3.8152777777777778
987	BGLOBIN	A	CATC10GTR4GAA	post	1987	24.484864024864027	3.755555555555555
988	BGLOBIN	A	CATC10GTR4GAA	post	1988	29.14927544677544	3.9597222222222226
989	BGLOBIN	A	CATC10GTR4GAA	post	1989	25.86406711344211	3.8701388888888886
990	BGLOBIN	A	CATC10GTR4GAA	post	1990	23.385815365190368	3.779861111111112
991	BGLOBIN	A	CATC10GTR4GAA	post	1991	25.07883401320901	3.8159722222222223
992	BGLOBIN	A	CATC10GTR4GAA	post	1992	29.329078768453776	4.146527777777778
993	BGLOBIN	A	CATC10GTR4GAA	post	1993	27.09377622377621	3.908333333333333
994	BGLOBIN	A	CATC10GTR4GAA	post	1994	32.38569881507382	4.0256944444444445
995	BGLOBIN	A	CATC10GTR4GAA	post	1995	22.67933517871019	3.4131944444444446
996	BGLOBIN	A	CATC10GTR4GAA	post	1996	18.298212412587407	3.4270833333333335
997	BGLOBIN	A	CATC10GTR4GAA	post	1997	21.83289772727272	3.6062499999999997
998	BGLOBIN	A	CATC10GTR4GAA	post	1998	21.241958041958036	3.6500000000000004
999	BGLOBIN	A	CATC10GTR4GAA	post	1999	20.05410839160839	3.5708333333333337
1000	BGLOBIN	A	CATC10GTR4GAA	pred	1000	14.344020493395488	3.5368055555555555
1001	BGLOBIN	A	CATC10GTR4GAA	pred	1001	14.203461052836047	3.6631944444444446
1002	BGLOBIN	A	CATC10GTR4GAA	pred	1002	19.16489510489509	3.9499999999999997
1003	BGLOBIN	A	CATC10GTR4GAA	pred	1003	28.405764860139865	4.372916666666667
1004	BGLOBIN	A	CATC10GTR4GAA	pred	1004	25.290904720279734	4.252083333333333
1005	BGLOBIN	A	CATC10GTR4GAA	pred	1005	28.74775446775446	4.327777777777778
1006	BGLOBIN	A	CATC10GTR4GAA	pred	1006	31.405209304584304	4.575694444444444
1007	BGLOBIN	A	CATC10GTR4GAA	pred	1007	25.8871284965035	4.38125
1008	BGLOBIN	A	CATC10GTR4GAA	pred	1008	25.54527534965034	4.422916666666667
1009	BGLOBIN	A	CATC10GTR4GAA	pred	1009	14.43966588966589	3.663888888888889
1010	BGLOBIN	A	CATC10GTR4GAA	pred	1010	9.186029526029527	3.238888888888889
1011	BGLOBIN	A	CATC10GTR4GAA	pred	1011	12.326953671328669	3.4437499999999996
1012	BGLOBIN	A	CATC10GTR4GAA	pred	1012	13.11862422299922	3.834027777777778
1013	BGLOBIN	A	CATC10GTR4GAA	pred	1013	14.522422299922296	3.5847222222222226
1014	BGLOBIN	A	CATC10GTR4GAA	pred	1014	14.737645202020198	3.6215277777777777
1015	BGLOBIN	A	CATC10GTR4GAA	pred	1015	16.583317307692308	3.9437499999999996
1016	BGLOBIN	A	CATC10GTR4GAA	pred	1016	12.695197649572645	3.6159722222222226
1017	BGLOBIN	A	CATC10GTR4GAA	pred	1017	13.004941239316246	3.517361111111111
1018	BGLOBIN	A	CATC10GTR4GAA	pred	1018	10.816923076923072	3.4833333333333334
1019	BGLOBIN	A	CATC10GTR4GAA	pred	1019	10.861328671328678	3.441666666666667
1020	BGLOBIN	A	CATC10GTR4GAA	pred	1020	12.598951048951054	3.475
1021	BGLOBIN	A	CATC10GTR4GAA	pred	1021	11.939665889665893	3.7138888888888886
1022	BGLOBIN	A	CATC10GTR4GAA	pred	1022	12.440547299922299	3.6534722222222222
1023	BGLOBIN	A	CATC10GTR4GAA	pred	1023	10.77492958430458	3.5631944444444446
1024	BGLOBIN	A	CATC10GTR4GAA	pred	1024	11.43566239316239	3.5013888888888887
1025	BGLOBIN	A	CATC10GTR4GAA	pred	1025	9.95047202797203	3.4625000000000004
1026	BGLOBIN	A	CATC10GTR4GAA	pred	1026	11.837785062160064	3.5215277777777776
1027	BGLOBIN	A	CATC10GTR4GAA	pred	1027	12.887878302253293	3.6826388888888886
1028	BGLOBIN	A	CATC10GTR4GAA	pred	1028	11.272369852369856	3.3722222222222222
1029	BGLOBIN	A	CATC10GTR4GAA	pred	1029	14.22955662393163	3.695138888888889
1030	BGLOBIN	A	CATC10GTR4GAA	pred	1030	15.624708139083154	3.9715277777777778
1031	BGLOBIN	A	CATC10GTR4GAA	pred	1031	14.05835227272727	3.839583333333333
1032	BGLOBIN	A	CATC10GTR4GAA	pred	1032	15.069160839160839	3.658333333333333
1033	BGLOBIN	A	CATC10GTR4GAA	pred	1033	11.410349650349652	3.6166666666666663
1034	BGLOBIN	A	CATC10GTR4GAA	pred	1034	12.337342657342665	3.6333333333333337
1035	BGLOBIN	A	CATC10GTR4GAA	pred	1035	10.917871017871015	3.644444444444444
1036	BGLOBIN	A	CATC10GTR4GAA	pred	1036	11.110953768453772	3.759722222222222
1037	BGLOBIN	A	CATC10GTR4GAA	pred	1037	10.990232614607608	3.4340277777777777
1038	BGLOBIN	A	CATC10GTR4GAA	pred	1038	8.00082702020202	3.209027777777778
1039	BGLOBIN	A	CATC10GTR4GAA	pred	1039	9.997272727272728	3.3916666666666666
1040	BGLOBIN	A	CATC10GTR4GAA	pred	1040	8.567871017871017	3.1805555555555554
1041	BGLOBIN	A	CATC10GTR4GAA	pred	1041	7.968527097902101	3.214583333333333
1042	BGLOBIN	A	CATC10GTR4GAA	pred	1042	9.116206293706293	3.3041666666666667
1043	BGLOBIN	A	CATC10GTR4GAA	pred	1043	12.421875971250975	3.603472222222222
1044	BGLOBIN	A	CATC10GTR4GAA	pred	1044	11.368653846153846	3.3208333333333333
1045	BGLOBIN	A	CATC10GTR4GAA	pred	1045	13.497435411810407	3.4840277777777775
1046	BGLOBIN	A	CATC10GTR4GAA	pred	1046	12.990240384615388	3.7270833333333337
1047	BGLOBIN	A	CATC10GTR4GAA	pred	1047	13.998352272727272	3.627083333333333
1048	BGLOBIN	A	CATC10GTR4GAA	pred	1048	11.742882672882669	3.586111111111111
1049	BGLOBIN	A	CATC10GTR4GAA	pred	1049	12.575687160062161	3.6215277777777777
1050	BGLOBIN	A	CATC10GTR4GAA	pred	1050	9.884576048951049	3.14375
1051	BGLOBIN	A	CATC10GTR4GAA	pred	1051	12.71291181041181	3.615277777777778
1052	BGLOBIN	A	CATC10GTR4GAA	pred	1052	13.30321484071484	3.5986111111111114
1053	BGLOBIN	A	CATC10GTR4GAA	pred	1053	13.991817696192696	3.8118055555555554
1054	BGLOBIN	A	CATC10GTR4GAA	pred	1054	11.28683566433566	3.254166666666667
1055	BGLOBIN	A	CATC10GTR4GAA	pred	1055	9.700419580419581	3.2666666666666666
1056	BGLOBIN	A	CATC10GTR4GAA	pred	1056	8.585639083139082	3.134722222222222
1057	BGLOBIN	A	CATC10GTR4GAA	pred	1057	8.018682498057498	3.1576388888888887
1058	BGLOBIN	A	CATC10GTR4GAA	pred	1058	7.8520202020201975	2.9527777777777775
1059	BGLOBIN	A	CATC10GTR4GAA	pred	1059	8.53701583139083	3.1840277777777777
1060	BGLOBIN	A	CATC10GTR4GAA	pred	1060	9.216035353535354	3.3819444444444446
1061	BGLOBIN	A	CATC10GTR4GAA	pred	1061	12.606571484071488	3.526388888888889
1062	BGLOBIN	A	CATC10GTR4GAA	pred	1062	9.440302544677545	3.2215277777777778
1063	BGLOBIN	A	CATC10GTR4GAA	pred	1063	10.267796717171718	3.3743055555555554
1064	BGLOBIN	A	CATC10GTR4GAA	pred	1064	9.115866355866357	3.1277777777777778
1065	BGLOBIN	A	CATC10GTR4GAA	pred	1065	9.246009615384619	3.21875
1066	BGLOBIN	A	CATC10GTR4GAA	pred	1066	9.976468045843049	3.1631944444444446
1067	BGLOBIN	A	CATC10GTR4GAA	pred	1067	12.029708139083143	3.4965277777777777
1068	BGLOBIN	A	CATC10GTR4GAA	pred	1068	8.609743104118103	3.384027777777778
1069	BGLOBIN	A	CATC10GTR4GAA	pred	1069	10.63958041958042	3.433333333333333
1070	BGLOBIN	A	CATC10GTR4GAA	pred	1070	14.287233391608392	3.6104166666666666
1071	BGLOBIN	A	CATC10GTR4GAA	pred	1071	14.227395104895097	3.7125000000000004
1072	BGLOBIN	A	CATC10GTR4GAA	pred	1072	12.531606449106452	3.473611111111111
1073	BGLOBIN	A	CATC10GTR4GAA	pred	1073	15.442971542346543	3.824305555555556
1074	BGLOBIN	A	CATC10GTR4GAA	pred	1074	14.423317307692312	3.7437500000000004
1075	BGLOBIN	A	CATC10GTR4GAA	pred	1075	12.87762043512044	3.601388888888889
1076	BGLOBIN	A	CATC10GTR4GAA	pred	1076	12.871619560994555	3.592361111111111
1077	BGLOBIN	A	CATC10GTR4GAA	pred	1077	12.487338286713285	3.6312499999999996
1078	BGLOBIN	A	CATC10GTR4GAA	pred	1078	10.386542346542349	3.4944444444444445
1079	BGLOBIN	A	CATC10GTR4GAA	pred	1079	11.3657298951049	3.3812499999999996
1080	BGLOBIN	A	CATC10GTR4GAA	pred	1080	10.06955516705517	3.2652777777777775
1081	BGLOBIN	A	CATC10GTR4GAA	pred	1081	9.027318861693859	3.317361111111111
1082	BGLOBIN	A	CATC10GTR4GAA	pred	1082	11.924895104895107	3.433333333333333
1083	BGLOBIN	A	CATC10GTR4GAA	pred	1083	9.289912587412589	3.1458333333333335
1084	BGLOBIN	A	CATC10GTR4GAA	pred	1084	11.703037587412586	3.4895833333333335
1085	BGLOBIN	A	CATC10GTR4GAA	pred	1085	14.543029817404818	3.5284722222222222
1086	BGLOBIN	A	CATC10GTR4GAA	pred	1086	13.389486693861695	3.632638888888889
1087	BGLOBIN	A	CATC10GTR4GAA	pred	1087	15.517633547008554	3.770138888888889
1088	BGLOBIN	A	CATC10GTR4GAA	pred	1088	17.413838383838385	3.9972222222222222
1089	BGLOBIN	A	CATC10GTR4GAA	pred	1089	17.15039578477078	4.082638888888889
1090	BGLOBIN	A	CATC10GTR4GAA	pred	1090	12.78499562937063	3.6770833333333335
1091	BGLOBIN	A	CATC10GTR4GAA	pred	1091	12.377325174825176	3.4291666666666667
1092	BGLOBIN	A	CATC10GTR4GAA	pred	1092	15.180792055167057	3.6159722222222226
1093	BGLOBIN	A	CATC10GTR4GAA	pred	1093	10.360255924630922	3.267361111111111
1094	BGLOBIN	A	CATC10GTR4GAA	pred	1094	15.245955225330222	3.779861111111111
1095	BGLOBIN	A	CATC10GTR4GAA	pred	1095	21.565446775446762	4.397222222222222
1096	BGLOBIN	A	CATC10GTR4GAA	pred	1096	15.563239607614607	3.9340277777777777
1097	BGLOBIN	A	CATC10GTR4GAA	pred	1097	12.573981643356644	3.747916666666667
1098	BGLOBIN	A	CATC10GTR4GAA	pred	1098	11.099486693861696	3.495138888888889
1099	BGLOBIN	A	CATC10GTR4GAA	pred	1099	12.38636363636364	3.7416666666666663
1100	BGLOBIN	A	CATC10GTR4GAA	pred	1100	14.891699689199687	3.8819444444444446
1101	BGLOBIN	A	CATC10GTR4GAA	pred	1101	15.832989510489513	3.8958333333333335
1102	BGLOBIN	A	CATC10GTR4GAA	pred	1102	16.264451728826728	4.032638888888889
1103	BGLOBIN	A	CATC10GTR4GAA	pred	1103	11.2976452020202	3.5340277777777778
1104	BGLOBIN	A	CATC10GTR4GAA	pred	1104	9.719626554001549	3.382638888888889
1105	BGLOBIN	A	CATC10GTR4GAA	pred	1105	7.918879176379171	3.173611111111111
1106	BGLOBIN	A	CATC10GTR4GAA	pred	1106	10.421583139083143	3.5597222222222222
1107	BGLOBIN	A	CATC10GTR4GAA	pred	1107	9.943372183372178	3.538888888888889
1108	BGLOBIN	A	CATC10GTR4GAA	pred	1108	16.63738733488734	3.9152777777777774
1109	BGLOBIN	A	CATC10GTR4GAA	pred	1109	17.061887626262628	3.8881944444444443
1110	BGLOBIN	A	CATC10GTR4GAA	pred	1110	14.939195318570315	3.713194444444445
1111	BGLOBIN	A	CATC10GTR4GAA	pred	1111	11.020604118104119	3.540277777777778
1112	BGLOBIN	A	CATC10GTR4GAA	pred	1112	10.811484071484067	3.361111111111111
1113	BGLOBIN	A	CATC10GTR4GAA	pred	1113	8.042369852369848	3.2027777777777775
1114	BGLOBIN	A	CATC10GTR4GAA	pred	1114	8.555442404817411	3.1590277777777778
1115	BGLOBIN	A	CATC10GTR4GAA	pred	1115	7.262618006993007	3.2437500000000004
1116	BGLOBIN	A	CATC10GTR4GAA	pred	1116	8.759102078477078	3.457638888888889
1117	BGLOBIN	A	CATC10GTR4GAA	pred	1117	7.7115612859362885	3.2840277777777778
1118	BGLOBIN	A	CATC10GTR4GAA	pred	1118	8.428274572649576	3.178472222222222
1119	BGLOBIN	A	CATC10GTR4GAA	pred	1119	13.044043803418795	3.6909722222222223
1120	BGLOBIN	A	CATC10GTR4GAA	pred	1120	13.50558226495726	3.6534722222222222
1121	BGLOBIN	A	CATC10GTR4GAA	pred	1121	10.945825563325569	3.5430555555555556
1122	BGLOBIN	A	CATC10GTR4GAA	pred	1122	10.303736888111889	3.4770833333333333
1123	BGLOBIN	A	CATC10GTR4GAA	pred	1123	8.440085470085466	3.336111111111111
1124	BGLOBIN	A	CATC10GTR4GAA	pred	1124	8.106711344211343	3.151388888888889
1125	BGLOBIN	A	CATC10GTR4GAA	pred	1125	8.203721833721834	3.213888888888889
1126	BGLOBIN	A	CATC10GTR4GAA	pred	1126	6.954164724164723	3.1305555555555555
1127	BGLOBIN	A	CATC10GTR4GAA	pred	1127	6.899102078477076	3.042361111111111
1128	BGLOBIN	A	CATC10GTR4GAA	pred	1128	10.084755244755238	3.2666666666666666
1129	BGLOBIN	A	CATC10GTR4GAA	pred	1129	7.33480137917638	2.954861111111111
1130	BGLOBIN	A	CATC10GTR4GAA	pred	1130	9.434164724164724	3.2805555555555554
1131	BGLOBIN	A	CATC10GTR4GAA	pred	1131	9.202080419580419	3.3208333333333333
1132	BGLOBIN	A	CATC10GTR4GAA	pred	1132	8.205034965034967	3.0999999999999996
1133	BGLOBIN	A	CATC10GTR4GAA	pred	1133	6.287773407148404	2.979861111111111
1134	BGLOBIN	A	CATC10GTR4GAA	pred	1134	7.07814636752137	3.2743055555555554
1135	BGLOBIN	A	CATC10GTR4GAA	pred	1135	5.544147241647242	2.9069444444444446
1136	BGLOBIN	A	CATC10GTR4GAA	pred	1136	7.851513209013208	3.084722222222222
1137	BGLOBIN	A	CATC10GTR4GAA	pred	1137	8.464240481740482	3.2847222222222223
1138	BGLOBIN	A	CATC10GTR4GAA	pred	1138	6.69999562937063	2.9520833333333334
1139	BGLOBIN	A	CATC10GTR4GAA	pred	1139	8.336359265734266	3.1479166666666667
1140	BGLOBIN	A	CATC10GTR4GAA	pred	1140	10.738212412587417	3.439583333333333
1141	BGLOBIN	A	CATC10GTR4GAA	pred	1141	14.241297591297597	3.6694444444444443
1142	BGLOBIN	A	CATC10GTR4GAA	pred	1142	12.723028360528359	3.5069444444444446
1143	BGLOBIN	A	CATC10GTR4GAA	pred	1143	13.231730769230778	3.370833333333333
1144	BGLOBIN	A	CATC10GTR4GAA	pred	1144	15.965628885003897	3.786805555555555
1145	BGLOBIN	A	CATC10GTR4GAA	pred	1145	16.89918366355867	3.6215277777777777
1146	BGLOBIN	A	CATC10GTR4GAA	pred	1146	19.546285936285926	4.047222222222222
1147	BGLOBIN	A	CATC10GTR4GAA	pred	1147	15.826666181041178	3.6159722222222226
1148	BGLOBIN	A	CATC10GTR4GAA	pred	1148	12.203134712509717	3.5034722222222223
1149	BGLOBIN	A	CATC10GTR4GAA	pred	1149	10.246514665889665	3.3423611111111113
1150	BGLOBIN	A	CATC10GTR4GAA	pred	1150	15.895904720279722	3.6770833333333335
1151	BGLOBIN	A	CATC10GTR4GAA	pred	1151	15.479043803418806	3.834027777777778
1152	BGLOBIN	A	CATC10GTR4GAA	pred	1152	13.558570318570313	3.5444444444444443
1153	BGLOBIN	A	CATC10GTR4GAA	pred	1153	11.438274572649572	3.2840277777777778
1154	BGLOBIN	A	CATC10GTR4GAA	pred	1154	13.949906274281274	3.667361111111111
1155	BGLOBIN	A	CATC10GTR4GAA	pred	1155	10.42209595959596	3.201388888888889
1156	BGLOBIN	A	CATC10GTR4GAA	pred	1156	12.40905545843046	3.4368055555555554
1157	BGLOBIN	A	CATC10GTR4GAA	pred	1157	13.391339840714851	3.507638888888889
1158	BGLOBIN	A	CATC10GTR4GAA	pred	1158	11.188793706293705	3.2958333333333334
1159	BGLOBIN	A	CATC10GTR4GAA	pred	1159	8.966095085470087	3.2201388888888887
1160	BGLOBIN	A	CATC10GTR4GAA	pred	1160	11.09090860528361	3.3618055555555557
1161	BGLOBIN	A	CATC10GTR4GAA	pred	1161	10.540360819735822	3.320138888888889
1162	BGLOBIN	A	CATC10GTR4GAA	pred	1162	11.855149572649578	3.3902777777777775
1163	BGLOBIN	A	CATC10GTR4GAA	pred	1163	15.060100524475523	3.65625
1164	BGLOBIN	A	CATC10GTR4GAA	pred	1164	12.13017045454545	3.5229166666666667
1165	BGLOBIN	A	CATC10GTR4GAA	pred	1165	13.090860528360528	3.7819444444444446
1166	BGLOBIN	A	CATC10GTR4GAA	pred	1166	13.322583041958032	3.6979166666666665
1167	BGLOBIN	A	CATC10GTR4GAA	pred	1167	10.449368686868691	3.476388888888889
1168	BGLOBIN	A	CATC10GTR4GAA	pred	1168	14.353006507381505	3.650694444444445
1169	BGLOBIN	A	CATC10GTR4GAA	pred	1169	15.213704351204354	3.748611111111111
1170	BGLOBIN	A	CATC10GTR4GAA	pred	1170	11.219440559440562	3.316666666666667
1171	BGLOBIN	A	CATC10GTR4GAA	pred	1171	11.243651903651905	3.561111111111111
1172	BGLOBIN	A	CATC10GTR4GAA	pred	1172	10.958086635586634	3.165277777777778
1173	BGLOBIN	A	CATC10GTR4GAA	pred	1173	10.306025155400159	3.292361111111111
1174	BGLOBIN	A	CATC10GTR4GAA	pred	1174	8.832867132867127	3.216666666666667
1175	BGLOBIN	A	CATC10GTR4GAA	pred	1175	8.80426573426573	3.2249999999999996
1176	BGLOBIN	A	CATC10GTR4GAA	pred	1176	10.851590909090906	3.5458333333333334
1177	BGLOBIN	A	CATC10GTR4GAA	pred	1177	14.265244269619268	3.699305555555556
1178	BGLOBIN	A	CATC10GTR4GAA	pred	1178	10.6855472999223	3.4840277777777775
1179	BGLOBIN	A	CATC10GTR4GAA	pred	1179	7.668094405594408	2.9458333333333333
1180	BGLOBIN	A	CATC10GTR4GAA	pred	1180	7.566472416472416	3.0305555555555554
1181	BGLOBIN	A	CATC10GTR4GAA	pred	1181	9.131451048951044	3.379166666666667
1182	BGLOBIN	A	CATC10GTR4GAA	pred	1182	10.026199980574983	3.4048611111111113
1183	BGLOBIN	A	CATC10GTR4GAA	pred	1183	16.643867521367522	3.7569444444444446
1184	BGLOBIN	A	CATC10GTR4GAA	pred	1184	16.508383838383832	3.802777777777778
1185	BGLOBIN	A	CATC10GTR4GAA	pred	1185	14.896293706293704	3.8249999999999997
1186	BGLOBIN	A	CATC10GTR4GAA	pred	1186	16.208142482517484	3.90625
1187	BGLOBIN	A	CATC10GTR4GAA	pred	1187	15.69738150738151	3.869444444444445
1188	BGLOBIN	A	CATC10GTR4GAA	pred	1188	13.64219842657343	3.7104166666666663
1189	BGLOBIN	A	CATC10GTR4GAA	pred	1189	14.632445609945602	3.701388888888889
1190	BGLOBIN	A	CATC10GTR4GAA	pred	1190	11.866246600621594	3.4840277777777775
1191	BGLOBIN	A	CATC10GTR4GAA	pred	1191	13.177513111888112	3.7062500000000003
1192	BGLOBIN	A	CATC10GTR4GAA	pred	1192	12.953647533022533	3.642361111111111
1193	BGLOBIN	A	CATC10GTR4GAA	pred	1193	13.04134421134421	3.563888888888889
1194	BGLOBIN	A	CATC10GTR4GAA	pred	1194	15.41148407148407	3.711111111111111
1195	BGLOBIN	A	CATC10GTR4GAA	pred	1195	15.125017482517483	3.7041666666666666
1196	BGLOBIN	A	CATC10GTR4GAA	pred	1196	20.135522533022524	3.948611111111111
1197	BGLOBIN	A	CATC10GTR4GAA	pred	1197	16.050803710178695	3.824305555555556
1198	BGLOBIN	A	CATC10GTR4GAA	pred	1198	13.852097902097901	3.5250000000000004
1199	BGLOBIN	A	CATC10GTR4GAA	pred	1199	18.474544968919957	3.849305555555555
1200	BGLOBIN	A	CATC10GTR4GAA	pred	1200	15.387317404817406	3.7097222222222226
1201	BGLOBIN	A	CATC10GTR4GAA	pred	1201	11.451234945609947	3.717361111111111
1202	BGLOBIN	A	CATC10GTR4GAA	pred	1202	10.8087873931624	3.5673611111111114
1203	BGLOBIN	A	CATC10GTR4GAA	pred	1203	11.410722125097127	3.584027777777778
1204	BGLOBIN	A	CATC10GTR4GAA	pred	1204	8.846363636363641	3.2416666666666667
1205	BGLOBIN	A	CATC10GTR4GAA	pred	1205	7.685656565656565	3.0777777777777775
1206	BGLOBIN	A	CATC10GTR4GAA	pred	1206	7.778723776223775	3.129166666666667
1207	BGLOBIN	A	CATC10GTR4GAA	pred	1207	11.088477078477075	3.413888888888889
1208	BGLOBIN	A	CATC10GTR4GAA	pred	1208	9.201759421134419	3.1576388888888887
1209	BGLOBIN	A	CATC10GTR4GAA	pred	1209	9.902715132090133	3.259027777777778
1210	BGLOBIN	A	CATC10GTR4GAA	pred	1210	13.103566433566431	3.5250000000000004
1211	BGLOBIN	A	CATC10GTR4GAA	pred	1211	15.508896658896653	3.686111111111111
1212	BGLOBIN	A	CATC10GTR4GAA	pred	1212	17.25794677544678	3.734722222222222
1213	BGLOBIN	A	CATC10GTR4GAA	pred	1213	19.083496503496505	3.8833333333333337
1214	BGLOBIN	A	CATC10GTR4GAA	pred	1214	14.034288558663555	3.4659722222222222
1215	BGLOBIN	A	CATC10GTR4GAA	pred	1215	11.44697552447553	3.3875
1216	BGLOBIN	A	CATC10GTR4GAA	pred	1216	14.240535644910643	3.4673611111111113
1217	BGLOBIN	A	CATC10GTR4GAA	pred	1217	15.523868978243984	3.5284722222222222
1218	BGLOBIN	A	CATC10GTR4GAA	pred	1218	13.825400155400155	3.463888888888889
1219	BGLOBIN	A	CATC10GTR4GAA	pred	1219	14.547618006993009	3.502083333333333
1220	BGLOBIN	A	CATC10GTR4GAA	pred	1220	10.898360528360529	3.2694444444444444
1221	BGLOBIN	A	CATC10GTR4GAA	pred	1221	14.037722902097904	3.622916666666667
1222	BGLOBIN	A	CATC10GTR4GAA	pred	1222	14.301841006216012	3.6340277777777774
1223	BGLOBIN	A	CATC10GTR4GAA	pred	1223	15.127503885003884	3.831944444444444
1224	BGLOBIN	A	CATC10GTR4GAA	pred	1224	11.668519327894332	3.490972222222222
1225	BGLOBIN	A	CATC10GTR4GAA	pred	1225	8.421514665889664	3.132638888888889
1226	BGLOBIN	A	CATC10GTR4GAA	pred	1226	10.322757867132871	3.2562499999999996
1227	BGLOBIN	A	CATC10GTR4GAA	pred	1227	9.123037587412592	3.377083333333333
1228	BGLOBIN	A	CATC10GTR4GAA	pred	1228	7.466991064491065	3.276388888888889
1229	BGLOBIN	A	CATC10GTR4GAA	pred	1229	9.356029526029523	3.413888888888889
1230	BGLOBIN	A	CATC10GTR4GAA	pred	1230	10.015874125874122	3.408333333333333
1231	BGLOBIN	A	CATC10GTR4GAA	pred	1231	7.961561285936284	3.1215277777777777
1232	BGLOBIN	A	CATC10GTR4GAA	pred	1232	11.341429195804192	3.59375
1233	BGLOBIN	A	CATC10GTR4GAA	pred	1233	11.13370629370629	3.466666666666667
1234	BGLOBIN	A	CATC10GTR4GAA	pred	1234	8.314895104895102	3.308333333333333
1235	BGLOBIN	A	CATC10GTR4GAA	pred	1235	9.721583139083137	3.3597222222222225
1236	BGLOBIN	A	CATC10GTR4GAA	pred	1236	10.392517482517482	3.4583333333333335
1237	BGLOBIN	A	CATC10GTR4GAA	pred	1237	15.119386169386171	3.936111111111111
1238	BGLOBIN	A	CATC10GTR4GAA	pred	1238	17.783426087801086	4.000694444444445
1239	BGLOBIN	A	CATC10GTR4GAA	pred	1239	14.069890734265734	3.7437500000000004
1240	BGLOBIN	A	CATC10GTR4GAA	pred	1240	13.489696484071484	3.6826388888888886
1241	BGLOBIN	A	CATC10GTR4GAA	pred	1241	13.245778943278943	3.5597222222222222
1242	BGLOBIN	A	CATC10GTR4GAA	pred	1242	10.782049339549337	3.2680555555555557
1243	BGLOBIN	A	CATC10GTR4GAA	pred	1243	10.766083916083915	3.4583333333333335
1244	BGLOBIN	A	CATC10GTR4GAA	pred	1244	13.461023698523698	3.5152777777777775
1245	BGLOBIN	A	CATC10GTR4GAA	pred	1245	11.313006507381504	3.4618055555555554
1246	BGLOBIN	A	CATC10GTR4GAA	pred	1246	10.633527097902093	3.45625
1247	BGLOBIN	A	CATC10GTR4GAA	pred	1247	12.671079545454543	3.6395833333333334
1248	BGLOBIN	A	CATC10GTR4GAA	pred	1248	12.913968531468534	3.6791666666666663
1249	BGLOBIN	A	CATC10GTR4GAA	pred	1249	10.982586926961925	3.3881944444444443
1250	BGLOBIN	A	CATC10GTR4GAA	pred	1250	12.803600912975913	3.636805555555556
1251	BGLOBIN	A	CATC10GTR4GAA	pred	1251	17.189222999222995	3.947222222222222
1252	BGLOBIN	A	CATC10GTR4GAA	pred	1252	19.973828671328665	3.9875000000000003
1253	BGLOBIN	A	CATC10GTR4GAA	pred	1253	23.05081390831392	4.234722222222222
1254	BGLOBIN	A	CATC10GTR4GAA	pred	1254	22.043634421134428	4.048611111111111
1255	BGLOBIN	A	CATC10GTR4GAA	pred	1255	16.14649135586636	3.7409722222222226
1256	BGLOBIN	A	CATC10GTR4GAA	pred	1256	14.409591588966586	3.579861111111111
1257	BGLOBIN	A	CATC10GTR4GAA	pred	1257	16.73686431623932	3.9423611111111114
1258	BGLOBIN	A	CATC10GTR4GAA	pred	1258	16.43917637917638	3.711111111111111
1259	BGLOBIN	A	CATC10GTR4GAA	pred	1259	13.743581973581977	3.513888888888889
1260	BGLOBIN	A	CATC10GTR4GAA	pred	1260	9.101394230769223	3.314583333333333
1261	BGLOBIN	A	CATC10GTR4GAA	pred	1261	10.044141414141416	3.336111111111111
1262	BGLOBIN	A	CATC10GTR4GAA	pred	1262	12.463045843045842	3.4055555555555554
1263	BGLOBIN	A	CATC10GTR4GAA	pred	1263	10.934475038850033	3.5118055555555556
1264	BGLOBIN	A	CATC10GTR4GAA	pred	1264	9.648414432789437	3.321527777777778
1265	BGLOBIN	A	CATC10GTR4GAA	pred	1265	13.76043512043512	3.761111111111111
1266	BGLOBIN	A	CATC10GTR4GAA	pred	1266	14.345167055167055	4.002777777777777
1267	BGLOBIN	A	CATC10GTR4GAA	pred	1267	14.58680458430459	3.706944444444444
1268	BGLOBIN	A	CATC10GTR4GAA	pred	1268	16.986184440559434	3.939583333333333
1269	BGLOBIN	A	CATC10GTR4GAA	pred	1269	13.654685314685315	3.5999999999999996
1270	BGLOBIN	A	CATC10GTR4GAA	pred	1270	12.093409090909088	3.470833333333333
1271	BGLOBIN	A	CATC10GTR4GAA	pred	1271	11.642656857031863	3.3381944444444445
1272	BGLOBIN	A	CATC10GTR4GAA	pred	1272	8.16969502719503	3.040277777777778
1273	BGLOBIN	A	CATC10GTR4GAA	pred	1273	9.892435411810414	3.290972222222222
1274	BGLOBIN	A	CATC10GTR4GAA	pred	1274	12.834160353535351	3.4243055555555557
1275	BGLOBIN	A	CATC10GTR4GAA	pred	1275	12.862905982905982	3.5055555555555555
1276	BGLOBIN	A	CATC10GTR4GAA	pred	1276	12.697330516705513	3.6534722222222222
1277	BGLOBIN	A	CATC10GTR4GAA	pred	1277	14.461800699300701	3.6125000000000003
1278	BGLOBIN	A	CATC10GTR4GAA	pred	1278	15.02994123931624	3.6298611111111114
1279	BGLOBIN	A	CATC10GTR4GAA	pred	1279	16.672113442113446	3.586111111111111
1280	BGLOBIN	A	CATC10GTR4GAA	pred	1280	12.449533313908319	3.521527777777778
1281	BGLOBIN	A	CATC10GTR4GAA	pred	1281	10.391398601398599	3.341666666666667
1282	BGLOBIN	A	CATC10GTR4GAA	pred	1282	13.113828671328674	3.6791666666666663
1283	BGLOBIN	A	CATC10GTR4GAA	pred	1283	14.592447066822062	3.661805555555555
1284	BGLOBIN	A	CATC10GTR4GAA	pred	1284	18.74201583139083	3.959027777777778
1285	BGLOBIN	A	CATC10GTR4GAA	pred	1285	14.399982517482519	3.6958333333333337
1286	BGLOBIN	A	CATC10GTR4GAA	pred	1286	18.765407439782436	3.984027777777778
1287	BGLOBIN	A	CATC10GTR4GAA	pred	1287	15.92367521367521	3.8194444444444446
1288	BGLOBIN	A	CATC10GTR4GAA	pred	1288	18.277353826728827	4.007638888888889
1289	BGLOBIN	A	CATC10GTR4GAA	pred	1289	15.727084304584306	3.693055555555555
1290	BGLOBIN	A	CATC10GTR4GAA	pred	1290	17.237272727272735	3.8916666666666666
1291	BGLOBIN	A	CATC10GTR4GAA	pred	1291	19.01975087412587	3.6937499999999996
1292	BGLOBIN	A	CATC10GTR4GAA	pred	1292	17.882142579642576	3.7152777777777777
1293	BGLOBIN	A	CATC10GTR4GAA	pred	1293	20.493876748251747	3.9604166666666663
1294	BGLOBIN	A	CATC10GTR4GAA	pred	1294	26.837202797202796	4.366666666666666
1295	BGLOBIN	A	CATC10GTR4GAA	pred	1295	17.267039141414138	3.882638888888889
1296	BGLOBIN	A	CATC10GTR4GAA	pred	1296	18.57796425796425	3.927777777777778
1297	BGLOBIN	A	CATC10GTR4GAA	pred	1297	14.295242812742817	3.873611111111111
1298	BGLOBIN	A	CATC10GTR4GAA	pred	1298	16.07183954933956	3.7680555555555557
1299	BGLOBIN	A	CATC10GTR4GAA	pred	1299	14.255244755244762	3.716666666666667
1300	BGLOBIN	A	CATC10GTR4GAA	pred	1300	14.36952165889666	3.707638888888889
1301	BGLOBIN	A	CATC10GTR4GAA	pred	1301	17.923251262626255	3.9131944444444446
1302	BGLOBIN	A	CATC10GTR4GAA	pred	1302	16.488951048951048	3.9000000000000004
1303	BGLOBIN	A	CATC10GTR4GAA	pred	1303	14.671899281274278	3.8076388888888886
1304	BGLOBIN	A	CATC10GTR4GAA	pred	1304	22.06115336052836	4.324305555555555
1305	BGLOBIN	A	CATC10GTR4GAA	pred	1305	18.123064782439787	3.9465277777777774
1306	BGLOBIN	A	CATC10GTR4GAA	pred	1306	17.933841783216785	3.9187499999999997
1307	BGLOBIN	A	CATC10GTR4GAA	pred	1307	19.48267288267288	3.961111111111111
1308	BGLOBIN	A	CATC10GTR4GAA	pred	1308	17.073282342657343	3.9187499999999997
1309	BGLOBIN	A	CATC10GTR4GAA	pred	1309	17.944366258741265	3.8270833333333334
1310	BGLOBIN	A	CATC10GTR4GAA	pred	1310	21.852113442113435	4.063888888888889
1311	BGLOBIN	A	CATC10GTR4GAA	pred	1311	28.38977272727272	4.579166666666667
1312	BGLOBIN	A	CATC10GTR4GAA	pred	1312	23.150279234654224	4.299305555555556
1313	BGLOBIN	A	CATC10GTR4GAA	pred	1313	34.04797154234655	4.750694444444445
1314	BGLOBIN	A	CATC10GTR4GAA	pred	1314	25.53123494560994	4.204861111111111
1315	BGLOBIN	A	CATC10GTR4GAA	pred	1315	21.012726787101773	4.238194444444444
1316	BGLOBIN	A	CATC10GTR4GAA	pred	1316	20.696827894327892	4.240277777777778
1317	BGLOBIN	A	CATC10GTR4GAA	pred	1317	24.435506993006996	4.5375
1318	BGLOBIN	A	CATC10GTR4GAA	pred	1318	31.74076146076145	4.927777777777778
1319	BGLOBIN	A	CATC10GTR4GAA	pred	1319	21.4278783022533	4.282638888888889
1320	BGLOBIN	A	CATC10GTR4GAA	pred	1320	19.228243978243988	3.952777777777778
1321	BGLOBIN	A	CATC10GTR4GAA	pred	1321	11.949813034188038	3.578472222222222
1322	BGLOBIN	A	CATC10GTR4GAA	pred	1322	13.608756798756795	3.463888888888889
1323	BGLOBIN	A	CATC10GTR4GAA	pred	1323	11.424847999223003	3.271527777777778
1324	BGLOBIN	A	CATC10GTR4GAA	pred	1324	14.831171328671335	3.6624999999999996
1325	BGLOBIN	A	CATC10GTR4GAA	pred	1325	15.138181818181826	3.6999999999999997
1326	BGLOBIN	A	CATC10GTR4GAA	pred	1326	11.260743978243978	3.509722222222222
1327	BGLOBIN	A	CATC10GTR4GAA	pred	1327	10.83435703185703	3.3819444444444446
1328	BGLOBIN	A	CATC10GTR4GAA	pred	1328	10.22144473581974	3.317361111111111
1329	BGLOBIN	A	CATC10GTR4GAA	pred	1329	11.903960761460764	3.334722222222222
1330	BGLOBIN	A	CATC10GTR4GAA	pred	1330	12.443631993006987	3.4145833333333333
1331	BGLOBIN	A	CATC10GTR4GAA	pred	1331	13.73276612276612	3.630555555555555
1332	BGLOBIN	A	CATC10GTR4GAA	pred	1332	13.24368104118105	3.5902777777777777
1333	BGLOBIN	A	CATC10GTR4GAA	pred	1333	15.034323523698514	3.640972222222222
1334	BGLOBIN	A	CATC10GTR4GAA	pred	1334	18.331554001554014	3.913888888888889
1335	BGLOBIN	A	CATC10GTR4GAA	pred	1335	14.371701146076152	3.671527777777778
1336	BGLOBIN	A	CATC10GTR4GAA	pred	1336	15.04501116938617	3.7451388888888886
1337	BGLOBIN	A	CATC10GTR4GAA	pred	1337	16.98629176379177	3.726388888888889
1338	BGLOBIN	A	CATC10GTR4GAA	pred	1338	18.521234945609944	3.832638888888889
1339	BGLOBIN	A	CATC10GTR4GAA	pred	1339	17.736316530691532	3.728472222222222
1340	BGLOBIN	A	CATC10GTR4GAA	pred	1340	13.311114510489514	3.402083333333333
1341	BGLOBIN	A	CATC10GTR4GAA	pred	1341	11.307428127428134	3.488888888888889
1342	BGLOBIN	A	CATC10GTR4GAA	pred	1342	14.820827020202023	3.7465277777777777
1343	BGLOBIN	A	CATC10GTR4GAA	pred	1343	12.340091297591298	3.568055555555555
1344	BGLOBIN	A	CATC10GTR4GAA	pred	1344	13.60801087801088	3.6694444444444443
1345	BGLOBIN	A	CATC10GTR4GAA	pred	1345	11.574859654234652	3.4868055555555557
1346	BGLOBIN	A	CATC10GTR4GAA	pred	1346	16.2203243978244	3.8402777777777777
1347	BGLOBIN	A	CATC10GTR4GAA	pred	1347	10.356682206682212	3.3805555555555555
1348	BGLOBIN	A	CATC10GTR4GAA	pred	1348	8.6676452020202	3.271527777777778
1349	BGLOBIN	A	CATC10GTR4GAA	pred	1349	10.367412101787103	3.2493055555555554
1350	BGLOBIN	A	CATC10GTR4GAA	pred	1350	9.090135489510487	3.13125
1351	BGLOBIN	A	CATC10GTR4GAA	pred	1351	14.043577602952599	3.642361111111111
1352	BGLOBIN	A	CATC10GTR4GAA	pred	1352	11.73678127428127	3.523611111111111
1353	BGLOBIN	A	CATC10GTR4GAA	pred	1353	10.711031468531464	3.495833333333333
1354	BGLOBIN	A	CATC10GTR4GAA	pred	1354	14.128197358197356	3.7861111111111114
1355	BGLOBIN	A	CATC10GTR4GAA	pred	1355	14.725400155400159	3.7138888888888886
1356	BGLOBIN	A	CATC10GTR4GAA	pred	1356	10.139790209790208	3.408333333333333
1357	BGLOBIN	A	CATC10GTR4GAA	pred	1357	10.757358197358194	3.511111111111111
1358	BGLOBIN	A	CATC10GTR4GAA	pred	1358	11.276206293706299	3.5791666666666666
1359	BGLOBIN	A	CATC10GTR4GAA	pred	1359	8.30646416083916	3.2395833333333335
1360	BGLOBIN	A	CATC10GTR4GAA	pred	1360	10.764032148407152	3.454861111111111
1361	BGLOBIN	A	CATC10GTR4GAA	pred	1361	11.582377622377622	3.5833333333333335
1362	BGLOBIN	A	CATC10GTR4GAA	pred	1362	12.481176670551667	3.540972222222222
1363	BGLOBIN	A	CATC10GTR4GAA	pred	1363	12.660699300699301	3.716666666666667
1364	BGLOBIN	A	CATC10GTR4GAA	pred	1364	12.350487567987564	3.676388888888889
1365	BGLOBIN	A	CATC10GTR4GAA	pred	1365	18.40475087412587	4.185416666666667
1366	BGLOBIN	A	CATC10GTR4GAA	pred	1366	13.325244269619258	3.6006944444444446
1367	BGLOBIN	A	CATC10GTR4GAA	pred	1367	12.981468045843046	3.6118055555555557
1368	BGLOBIN	A	CATC10GTR4GAA	pred	1368	12.838169677544686	3.490972222222222
1369	BGLOBIN	A	CATC10GTR4GAA	pred	1369	17.23597853535353	3.9868055555555557
1370	BGLOBIN	A	CATC10GTR4GAA	pred	1370	15.005057789432794	4.065972222222222
1371	BGLOBIN	A	CATC10GTR4GAA	pred	1371	17.74336781274281	4.107638888888889
1372	BGLOBIN	A	CATC10GTR4GAA	pred	1372	13.51382867132867	3.6958333333333337
1373	BGLOBIN	A	CATC10GTR4GAA	pred	1373	16.011326728826727	3.898611111111111
1374	BGLOBIN	A	CATC10GTR4GAA	pred	1374	12.282742812742814	3.7138888888888886
1375	BGLOBIN	A	CATC10GTR4GAA	pred	1375	13.378736888111892	3.71875
1376	BGLOBIN	A	CATC10GTR4GAA	pred	1376	11.158701923076924	3.277083333333333
1377	BGLOBIN	A	CATC10GTR4GAA	pred	1377	11.959083139083141	3.3722222222222222
1378	BGLOBIN	A	CATC10GTR4GAA	pred	1378	8.71034965034965	3.0999999999999996
1379	BGLOBIN	A	CATC10GTR4GAA	pred	1379	12.081536519036517	3.4986111111111113
1380	BGLOBIN	A	CATC10GTR4GAA	pred	1380	7.840909090909094	3.2249999999999996
1381	BGLOBIN	A	CATC10GTR4GAA	pred	1381	7.99017433954934	3.2743055555555554
1382	BGLOBIN	A	CATC10GTR4GAA	pred	1382	8.65539578477078	3.370138888888889
1383	BGLOBIN	A	CATC10GTR4GAA	pred	1383	11.510454059829064	3.4368055555555554
1384	BGLOBIN	A	CATC10GTR4GAA	pred	1384	11.136883741258737	3.3229166666666665
1385	BGLOBIN	A	CATC10GTR4GAA	pred	1385	10.367115384615387	3.3125
1386	BGLOBIN	A	CATC10GTR4GAA	pred	1386	8.521134421134423	3.288888888888889
1387	BGLOBIN	A	CATC10GTR4GAA	pred	1387	11.71412393162393	3.698611111111111
1388	BGLOBIN	A	CATC10GTR4GAA	pred	1388	11.26082167832168	3.6875
1389	BGLOBIN	A	CATC10GTR4GAA	pred	1389	17.140821678321686	4.012499999999999
1390	BGLOBIN	A	CATC10GTR4GAA	pred	1390	15.467521367521366	3.894444444444444
1391	BGLOBIN	A	CATC10GTR4GAA	pred	1391	20.221398601398615	4.216666666666667
1392	BGLOBIN	A	CATC10GTR4GAA	pred	1392	25.96644473581973	4.429861111111111
1393	BGLOBIN	A	CATC10GTR4GAA	pred	1393	20.30660402097902	4.00625
1394	BGLOBIN	A	CATC10GTR4GAA	pred	1394	21.229974747474746	4.215277777777778
1395	BGLOBIN	A	CATC10GTR4GAA	pred	1395	16.40854263791765	3.792361111111111
1396	BGLOBIN	A	CATC10GTR4GAA	pred	1396	17.285092754467758	3.8409722222222222
1397	BGLOBIN	A	CATC10GTR4GAA	pred	1397	17.16472416472417	4.044444444444444
1398	BGLOBIN	A	CATC10GTR4GAA	pred	1398	17.455087412587417	4.204166666666667
1399	BGLOBIN	A	CATC10GTR4GAA	pred	1399	15.809368686868682	3.626388888888889
1400	BGLOBIN	A	CATC10GTR4GAA	pred	1400	16.53645493395494	3.831944444444444
1401	BGLOBIN	A	CATC10GTR4GAA	pred	1401	14.250815365190364	3.6826388888888886
1402	BGLOBIN	A	CATC10GTR4GAA	pred	1402	16.07830419580419	3.8541666666666665
1403	BGLOBIN	A	CATC10GTR4GAA	pred	1403	16.781246600621596	3.9465277777777774
1404	BGLOBIN	A	CATC10GTR4GAA	pred	1404	13.83756361693861	3.720138888888889
1405	BGLOBIN	A	CATC10GTR4GAA	pred	1405	14.160489510489509	3.4583333333333335
1406	BGLOBIN	A	CATC10GTR4GAA	pred	1406	14.07402486402486	3.5805555555555557
1407	BGLOBIN	A	CATC10GTR4GAA	pred	1407	12.673098290598295	3.4319444444444445
1408	BGLOBIN	A	CATC10GTR4GAA	pred	1408	15.384576048951054	3.7104166666666663
1409	BGLOBIN	A	CATC10GTR4GAA	pred	1409	18.730185994560987	3.945138888888889
1410	BGLOBIN	A	CATC10GTR4GAA	pred	1410	18.753092463092457	3.936111111111111
1411	BGLOBIN	A	CATC10GTR4GAA	pred	1411	11.893776223776218	3.591666666666667
1412	BGLOBIN	A	CATC10GTR4GAA	pred	1412	11.576631216006215	3.646527777777778
1413	BGLOBIN	A	CATC10GTR4GAA	pred	1413	14.721256798756801	3.823611111111111
1414	BGLOBIN	A	CATC10GTR4GAA	pred	1414	10.00447115384615	3.3520833333333333
1415	BGLOBIN	A	CATC10GTR4GAA	pred	1415	11.605127719502715	3.5715277777777774
1416	BGLOBIN	A	CATC10GTR4GAA	pred	1416	13.80389228826729	3.667361111111111
1417	BGLOBIN	A	CATC10GTR4GAA	pred	1417	12.292093531468534	3.6020833333333337
1418	BGLOBIN	A	CATC10GTR4GAA	pred	1418	10.868321678321678	3.5083333333333333
1419	BGLOBIN	A	CATC10GTR4GAA	pred	1419	12.693517871017875	3.3819444444444446
1420	BGLOBIN	A	CATC10GTR4GAA	pred	1420	12.403074980574981	3.576388888888889
1421	BGLOBIN	A	CATC10GTR4GAA	pred	1421	15.672478146853152	3.872916666666667
1422	BGLOBIN	A	CATC10GTR4GAA	pred	1422	10.43546571484071	3.357638888888889
1423	BGLOBIN	A	CATC10GTR4GAA	pred	1423	8.024426961926963	3.2180555555555554
1424	BGLOBIN	A	CATC10GTR4GAA	pred	1424	10.778981643356643	3.4229166666666666
1425	BGLOBIN	A	CATC10GTR4GAA	pred	1425	14.134421134421137	3.688888888888889
1426	BGLOBIN	A	CATC10GTR4GAA	pred	1426	18.30402486402486	3.855555555555556
1427	BGLOBIN	A	CATC10GTR4GAA	pred	1427	21.73633984071483	4.254861111111111
1428	BGLOBIN	A	CATC10GTR4GAA	pred	1428	23.726953671328662	4.34375
1429	BGLOBIN	A	CATC10GTR4GAA	pred	1429	16.139764957264962	3.7902777777777774
1430	BGLOBIN	A	CATC10GTR4GAA	pred	1430	15.139143356643357	3.745833333333333
1431	BGLOBIN	A	CATC10GTR4GAA	pred	1431	18.39915889665889	4.198611111111111
1432	BGLOBIN	A	CATC10GTR4GAA	pred	1432	16.33346542346542	3.880555555555555
1433	BGLOBIN	A	CATC10GTR4GAA	pred	1433	15.478775738150734	3.8131944444444446
1434	BGLOBIN	A	CATC10GTR4GAA	pred	1434	12.68680458430459	3.6180555555555554
1435	BGLOBIN	A	CATC10GTR4GAA	pred	1435	12.522924922299923	3.553472222222222
1436	BGLOBIN	A	CATC10GTR4GAA	pred	1436	15.583898601398602	4.029166666666667
1437	BGLOBIN	A	CATC10GTR4GAA	pred	1437	16.032090132090143	3.9777777777777774
1438	BGLOBIN	A	CATC10GTR4GAA	pred	1438	11.601048465423471	3.6118055555555557
1439	BGLOBIN	A	CATC10GTR4GAA	pred	1439	8.733395493395491	3.2944444444444443
1440	BGLOBIN	A	CATC10GTR4GAA	pred	1440	11.614807692307693	3.4791666666666665
1441	BGLOBIN	A	CATC10GTR4GAA	pred	1441	17.631254370629375	3.8645833333333335
1442	BGLOBIN	A	CATC10GTR4GAA	pred	1442	22.340015540015536	4.261111111111111
1443	BGLOBIN	A	CATC10GTR4GAA	pred	1443	25.829493006993015	4.404166666666667
1444	BGLOBIN	A	CATC10GTR4GAA	pred	1444	27.367428127428134	4.288888888888889
1445	BGLOBIN	A	CATC10GTR4GAA	pred	1445	19.93064054001553	3.992361111111111
1446	BGLOBIN	A	CATC10GTR4GAA	pred	1446	16.893797591297588	3.7680555555555557
1447	BGLOBIN	A	CATC10GTR4GAA	pred	1447	16.72204933954934	3.9680555555555554
1448	BGLOBIN	A	CATC10GTR4GAA	pred	1448	18.808523698523693	4.302777777777778
1449	BGLOBIN	A	CATC10GTR4GAA	pred	1449	13.153005050505051	4.176388888888889
1450	BGLOBIN	A	CATC10GTR4GAA	pred	1450	10.154253593628589	3.446527777777778
1451	BGLOBIN	A	CATC10GTR4GAA	pred	1451	10.543558663558667	3.3777777777777778
1452	BGLOBIN	A	CATC10GTR4GAA	pred	1452	14.321992521367523	3.5868055555555554
1453	BGLOBIN	A	CATC10GTR4GAA	pred	1453	13.352179001554	3.570138888888889
1454	BGLOBIN	A	CATC10GTR4GAA	pred	1454	13.120372474747475	3.415972222222222
1455	BGLOBIN	A	CATC10GTR4GAA	pred	1455	14.090687160062172	3.6590277777777778
1456	BGLOBIN	A	CATC10GTR4GAA	pred	1456	15.94621163558663	3.6590277777777778
1457	BGLOBIN	A	CATC10GTR4GAA	pred	1457	17.403916083916087	3.9000000000000004
1458	BGLOBIN	A	CATC10GTR4GAA	pred	1458	12.913181332556332	3.613194444444444
1459	BGLOBIN	A	CATC10GTR4GAA	pred	1459	14.864939782439786	3.9652777777777777
1460	BGLOBIN	A	CATC10GTR4GAA	pred	1460	15.902132381507386	3.9131944444444446
1461	BGLOBIN	A	CATC10GTR4GAA	pred	1461	14.799917929292937	3.7409722222222226
1462	BGLOBIN	A	CATC10GTR4GAA	pred	1462	15.098880633255627	3.5618055555555554
1463	BGLOBIN	A	CATC10GTR4GAA	pred	1463	15.105856643356638	3.8291666666666666
1464	BGLOBIN	A	CATC10GTR4GAA	pred	1464	12.696464160839158	3.310416666666667
1465	BGLOBIN	A	CATC10GTR4GAA	pred	1465	16.67636169386169	3.898611111111111
1466	BGLOBIN	A	CATC10GTR4GAA	pred	1466	20.70815656565657	3.9347222222222222
1467	BGLOBIN	A	CATC10GTR4GAA	pred	1467	13.452408216783217	3.6437500000000003
1468	BGLOBIN	A	CATC10GTR4GAA	pred	1468	14.959673174048177	3.8159722222222223
1469	BGLOBIN	A	CATC10GTR4GAA	pred	1469	14.809790209790204	3.7666666666666666
1470	BGLOBIN	A	CATC10GTR4GAA	pred	1470	12.238444055944054	3.4541666666666666
1471	BGLOBIN	A	CATC10GTR4GAA	pred	1471	11.025716783216787	3.4375
1472	BGLOBIN	A	CATC10GTR4GAA	pred	1472	10.809456099456098	3.386111111111111
1473	BGLOBIN	A	CATC10GTR4GAA	pred	1473	9.216499125874124	3.0854166666666667
1474	BGLOBIN	A	CATC10GTR4GAA	pred	1474	9.323698523698528	3.1722222222222225
1475	BGLOBIN	A	CATC10GTR4GAA	pred	1475	10.935520104895106	3.3520833333333333
1476	BGLOBIN	A	CATC10GTR4GAA	pred	1476	8.92675796425796	3.1847222222222222
1477	BGLOBIN	A	CATC10GTR4GAA	pred	1477	11.755232614607623	3.3090277777777777
1478	BGLOBIN	A	CATC10GTR4GAA	pred	1478	11.056572940947937	3.2993055555555557
1479	BGLOBIN	A	CATC10GTR4GAA	pred	1479	11.723911713286716	3.314583333333333
1480	BGLOBIN	A	CATC10GTR4GAA	pred	1480	17.317008547008534	3.836111111111111
1481	BGLOBIN	A	CATC10GTR4GAA	pred	1481	12.561769619269619	3.556944444444445
1482	BGLOBIN	A	CATC10GTR4GAA	pred	1482	10.572167832167835	3.433333333333333
1483	BGLOBIN	A	CATC10GTR4GAA	pred	1483	12.103121600621602	3.5152777777777775
1484	BGLOBIN	A	CATC10GTR4GAA	pred	1484	9.505244755244757	3.125
1485	BGLOBIN	A	CATC10GTR4GAA	pred	1485	10.1224222999223	3.1402777777777775
1486	BGLOBIN	A	CATC10GTR4GAA	pred	1486	7.930590034965041	2.8229166666666665
1487	BGLOBIN	A	CATC10GTR4GAA	pred	1487	9.649974747474745	3.1402777777777775
1488	BGLOBIN	A	CATC10GTR4GAA	pred	1488	11.136130050505049	3.395138888888889
1489	BGLOBIN	A	CATC10GTR4GAA	pred	1489	9.68321678321678	3.2
1490	BGLOBIN	A	CATC10GTR4GAA	pred	1490	10.388356157731161	3.4256944444444444
1491	BGLOBIN	A	CATC10GTR4GAA	pred	1491	7.8871284965034985	3.08125
1492	BGLOBIN	A	CATC10GTR4GAA	pred	1492	8.618841783216787	3.0562500000000004
1493	BGLOBIN	A	CATC10GTR4GAA	pred	1493	9.24062937062937	3.4583333333333335
1494	BGLOBIN	A	CATC10GTR4GAA	pred	1494	7.956128593628599	3.2847222222222223
1495	BGLOBIN	A	CATC10GTR4GAA	pred	1495	11.952911810411813	3.6652777777777774
1496	BGLOBIN	A	CATC10GTR4GAA	pred	1496	15.634590132090134	3.640277777777778
1497	BGLOBIN	A	CATC10GTR4GAA	pred	1497	13.26931623931624	3.463888888888889
1498	BGLOBIN	A	CATC10GTR4GAA	pred	1498	15.01504613442114	3.779861111111111
1499	BGLOBIN	A	CATC10GTR4GAA	pred	1499	15.50452165889665	3.917361111111111
1500	BGLOBIN	A	CATC10GTR4GAA	pred	1500	13.591326728826727	3.701388888888889
1501	BGLOBIN	A	CATC10GTR4GAA	pred	1501	15.040593919968925	3.5131944444444443
1502	BGLOBIN	A	CATC10GTR4GAA	pred	1502	11.719572649572648	3.5472222222222225
1503	BGLOBIN	A	CATC10GTR4GAA	pred	1503	12.424188034188038	3.4972222222222222
1504	BGLOBIN	A	CATC10GTR4GAA	pred	1504	9.780699300699297	3.533333333333333
1505	BGLOBIN	A	CATC10GTR4GAA	pred	1505	12.75004613442113	3.545138888888889
1506	BGLOBIN	A	CATC10GTR4GAA	pred	1506	17.889135586635586	3.7902777777777774
1507	BGLOBIN	A	CATC10GTR4GAA	pred	1507	15.77489461926961	3.800694444444444
1508	BGLOBIN	A	CATC10GTR4GAA	pred	1508	12.927832167832161	3.716666666666667
1509	BGLOBIN	A	CATC10GTR4GAA	pred	1509	12.886701146076145	3.6534722222222222
1510	BGLOBIN	A	CATC10GTR4GAA	pred	1510	16.1901146076146	3.8347222222222226
1511	BGLOBIN	A	CATC10GTR4GAA	pred	1511	15.588622766122755	3.7319444444444443
1512	BGLOBIN	A	CATC10GTR4GAA	pred	1512	11.502213966588966	3.445138888888889
1513	BGLOBIN	A	CATC10GTR4GAA	pred	1513	16.687940947940948	3.9555555555555557
1514	BGLOBIN	A	CATC10GTR4GAA	pred	1514	12.32240821678322	3.872916666666667
1515	BGLOBIN	A	CATC10GTR4GAA	pred	1515	11.634895104895106	3.7083333333333335
1516	BGLOBIN	A	CATC10GTR4GAA	pred	1516	7.711324300699299	3.252083333333333
1517	BGLOBIN	A	CATC10GTR4GAA	pred	1517	14.880277777777785	3.673611111111111
1518	BGLOBIN	A	CATC10GTR4GAA	pred	1518	14.33411373348874	3.7465277777777777
1519	BGLOBIN	A	CATC10GTR4GAA	pred	1519	12.457443181818176	3.5562500000000004
1520	BGLOBIN	A	CATC10GTR4GAA	pred	1520	13.14881070318571	3.661805555555555
1521	BGLOBIN	A	CATC10GTR4GAA	pred	1521	16.470248640248656	3.880555555555555
1522	BGLOBIN	A	CATC10GTR4GAA	pred	1522	15.844813034188027	3.9034722222222222
1523	BGLOBIN	A	CATC10GTR4GAA	pred	1523	13.82784770784771	3.638888888888889
1524	BGLOBIN	A	CATC10GTR4GAA	pred	1524	13.039086538461538	3.7020833333333334
1525	BGLOBIN	A	CATC10GTR4GAA	pred	1525	12.066464160839159	3.4937500000000004
1526	BGLOBIN	A	CATC10GTR4GAA	pred	1526	13.913282342657336	3.752083333333333
1527	BGLOBIN	A	CATC10GTR4GAA	pred	1527	16.040955225330215	3.5673611111111114
1528	BGLOBIN	A	CATC10GTR4GAA	pred	1528	12.89779283216783	3.527083333333333
1529	BGLOBIN	A	CATC10GTR4GAA	pred	1529	12.279998057498057	3.448611111111111
1530	BGLOBIN	A	CATC10GTR4GAA	pred	1530	13.601992521367519	3.675694444444444
1531	BGLOBIN	A	CATC10GTR4GAA	pred	1531	12.480091297591297	3.7180555555555554
1532	BGLOBIN	A	CATC10GTR4GAA	pred	1532	9.89777777777778	3.488888888888889
1533	BGLOBIN	A	CATC10GTR4GAA	pred	1533	12.602027486402486	3.6881944444444446
1534	BGLOBIN	A	CATC10GTR4GAA	pred	1534	12.444541083916084	3.464583333333333
1535	BGLOBIN	A	CATC10GTR4GAA	pred	1535	12.24803418803419	3.6277777777777778
1536	BGLOBIN	A	CATC10GTR4GAA	pred	1536	9.31976641414142	3.317361111111111
1537	BGLOBIN	A	CATC10GTR4GAA	pred	1537	11.609230769230765	3.4166666666666665
1538	BGLOBIN	A	CATC10GTR4GAA	pred	1538	15.270347707847705	3.826388888888889
1539	BGLOBIN	A	CATC10GTR4GAA	pred	1539	12.515646853146851	3.8625000000000003
1540	BGLOBIN	A	CATC10GTR4GAA	pred	1540	12.245454545454546	3.783333333333333
1541	BGLOBIN	A	CATC10GTR4GAA	pred	1541	11.221956099456103	3.548611111111111
1542	BGLOBIN	A	CATC10GTR4GAA	pred	1542	11.31879904817405	3.4409722222222223
1543	BGLOBIN	A	CATC10GTR4GAA	pred	1543	10.805450174825175	3.41875
1544	BGLOBIN	A	CATC10GTR4GAA	pred	1544	12.436013500388501	3.4881944444444444
1545	BGLOBIN	A	CATC10GTR4GAA	pred	1545	8.485353535353534	3.0694444444444446
1546	BGLOBIN	A	CATC10GTR4GAA	pred	1546	11.409720279720283	3.5250000000000004
1547	BGLOBIN	A	CATC10GTR4GAA	pred	1547	10.693577602952603	3.292361111111111
1548	BGLOBIN	A	CATC10GTR4GAA	pred	1548	14.260365190365194	3.663888888888889
1549	BGLOBIN	A	CATC10GTR4GAA	pred	1549	12.153309537684533	3.6215277777777777
1550	BGLOBIN	A	CATC10GTR4GAA	pred	1550	12.624102078477078	3.704861111111111
1551	BGLOBIN	A	CATC10GTR4GAA	pred	1551	10.027970085470084	3.4986111111111113
1552	BGLOBIN	A	CATC10GTR4GAA	pred	1552	11.53785499222999	3.728472222222222
1553	BGLOBIN	A	CATC10GTR4GAA	pred	1553	12.5480880924631	3.767361111111111
1554	BGLOBIN	A	CATC10GTR4GAA	pred	1554	10.91975087412587	3.4604166666666667
1555	BGLOBIN	A	CATC10GTR4GAA	pred	1555	12.8106216006216	3.6472222222222226
1556	BGLOBIN	A	CATC10GTR4GAA	pred	1556	9.478457167832161	3.3187499999999996
1557	BGLOBIN	A	CATC10GTR4GAA	pred	1557	11.423820901320894	3.3152777777777778
1558	BGLOBIN	A	CATC10GTR4GAA	pred	1558	9.389695027195032	3.165277777777778
1559	BGLOBIN	A	CATC10GTR4GAA	pred	1559	11.908169677544683	3.4034722222222222
1560	BGLOBIN	A	CATC10GTR4GAA	pred	1560	10.580850330225328	3.507638888888889
1561	BGLOBIN	A	CATC10GTR4GAA	pred	1561	12.126957556332552	3.4368055555555554
1562	BGLOBIN	A	CATC10GTR4GAA	pred	1562	11.128593628593626	3.477777777777778
1563	BGLOBIN	A	CATC10GTR4GAA	pred	1563	8.65954496891997	3.374305555555556
1564	BGLOBIN	A	CATC10GTR4GAA	pred	1564	14.65727272727272	3.591666666666667
1565	BGLOBIN	A	CATC10GTR4GAA	pred	1565	10.790114607614601	3.415277777777778
1566	BGLOBIN	A	CATC10GTR4GAA	pred	1566	10.815283605283602	3.3805555555555555
1567	BGLOBIN	A	CATC10GTR4GAA	pred	1567	10.402766122766124	3.3944444444444444
1568	BGLOBIN	A	CATC10GTR4GAA	pred	1568	13.166944444444452	3.7319444444444443
1569	BGLOBIN	A	CATC10GTR4GAA	pred	1569	9.584859654234654	3.2631944444444443
1570	BGLOBIN	A	CATC10GTR4GAA	pred	1570	10.455988733488738	3.3597222222222225
1571	BGLOBIN	A	CATC10GTR4GAA	pred	1571	11.203806818181816	3.4604166666666667
1572	BGLOBIN	A	CATC10GTR4GAA	pred	1572	11.129881507381507	3.4569444444444444
1573	BGLOBIN	A	CATC10GTR4GAA	pred	1573	10.579143356643355	3.6041666666666665
1574	BGLOBIN	A	CATC10GTR4GAA	pred	1574	17.015290889665895	3.9951388888888886
1575	BGLOBIN	A	CATC10GTR4GAA	pred	1575	16.155687160062165	3.8784722222222223
1576	BGLOBIN	A	CATC10GTR4GAA	pred	1576	16.8304657148407	3.967361111111111
1577	BGLOBIN	A	CATC10GTR4GAA	pred	1577	12.411204351204352	3.561111111111111
1578	BGLOBIN	A	CATC10GTR4GAA	pred	1578	12.555734265734273	3.558333333333333
1579	BGLOBIN	A	CATC10GTR4GAA	pred	1579	9.494253593628592	3.353472222222222
1580	BGLOBIN	A	CATC10GTR4GAA	pred	1580	11.103914141414142	3.423611111111111
1581	BGLOBIN	A	CATC10GTR4GAA	pred	1581	14.640808080808078	3.755555555555555
1582	BGLOBIN	A	CATC10GTR4GAA	pred	1582	16.392889957264966	3.921527777777778
1583	BGLOBIN	A	CATC10GTR4GAA	pred	1583	13.98488296425797	3.646527777777778
1584	BGLOBIN	A	CATC10GTR4GAA	pred	1584	19.705734265734286	4.15
1585	BGLOBIN	A	CATC10GTR4GAA	pred	1585	11.535197649572652	3.4840277777777775
1586	BGLOBIN	A	CATC10GTR4GAA	pred	1586	11.025205419580416	3.527083333333333
1587	BGLOBIN	A	CATC10GTR4GAA	pred	1587	10.975081099456093	3.3451388888888887
1588	BGLOBIN	A	CATC10GTR4GAA	pred	1588	9.521678321678326	3.216666666666667
1589	BGLOBIN	A	CATC10GTR4GAA	pred	1589	7.804706682206683	3.0069444444444446
1590	BGLOBIN	A	CATC10GTR4GAA	pred	1590	8.226198523698521	3.0652777777777778
1591	BGLOBIN	A	CATC10GTR4GAA	pred	1591	9.898531468531468	3.375
1592	BGLOBIN	A	CATC10GTR4GAA	pred	1592	10.04184877622378	3.2395833333333335
1593	BGLOBIN	A	CATC10GTR4GAA	pred	1593	10.21069493006993	3.435416666666667
1594	BGLOBIN	A	CATC10GTR4GAA	pred	1594	12.36874125874126	3.7249999999999996
1595	BGLOBIN	A	CATC10GTR4GAA	pred	1595	17.268597027972024	3.8312500000000003
1596	BGLOBIN	A	CATC10GTR4GAA	pred	1596	14.702586926961933	3.7006944444444443
1597	BGLOBIN	A	CATC10GTR4GAA	pred	1597	14.942608780108783	3.7819444444444446
1598	BGLOBIN	A	CATC10GTR4GAA	pred	1598	13.48124125874126	3.7041666666666666
1599	BGLOBIN	A	CATC10GTR4GAA	pred	1599	12.372696192696198	3.5555555555555554
1600	BGLOBIN	A	CATC10GTR4GAA	pred	1600	9.93774475524476	3.404166666666667
1601	BGLOBIN	A	CATC10GTR4GAA	pred	1601	8.217761752136752	3.2381944444444444
1602	BGLOBIN	A	CATC10GTR4GAA	pred	1602	6.832820027195032	3.0159722222222225
1603	BGLOBIN	A	CATC10GTR4GAA	pred	1603	11.240943570318569	3.4368055555555554
1604	BGLOBIN	A	CATC10GTR4GAA	pred	1604	9.864397824397825	3.0777777777777775
1605	BGLOBIN	A	CATC10GTR4GAA	pred	1605	14.749486693861689	3.854861111111111
1606	BGLOBIN	A	CATC10GTR4GAA	pred	1606	11.76026223776224	3.4458333333333333
1607	BGLOBIN	A	CATC10GTR4GAA	pred	1607	10.339541083916078	3.45625
1608	BGLOBIN	A	CATC10GTR4GAA	pred	1608	10.65167832167832	3.341666666666667
1609	BGLOBIN	A	CATC10GTR4GAA	pred	1609	14.474521658896663	3.7451388888888886
1610	BGLOBIN	A	CATC10GTR4GAA	pred	1610	16.568002622377616	4.09375
1611	BGLOBIN	A	CATC10GTR4GAA	pred	1611	13.441344211344216	3.536111111111111
1612	BGLOBIN	A	CATC10GTR4GAA	pred	1612	13.528589257964263	3.640972222222222
1613	BGLOBIN	A	CATC10GTR4GAA	pred	1613	13.151499125874127	3.5729166666666665
1614	BGLOBIN	A	CATC10GTR4GAA	pred	1614	13.582493686868691	3.545138888888889
1615	BGLOBIN	A	CATC10GTR4GAA	pred	1615	12.389952894327894	3.521527777777778
1616	BGLOBIN	A	CATC10GTR4GAA	pred	1616	10.283181332556325	3.5368055555555555
1617	BGLOBIN	A	CATC10GTR4GAA	pred	1617	11.1070236013986	3.439583333333333
1618	BGLOBIN	A	CATC10GTR4GAA	pred	1618	13.606433566433564	3.5166666666666666
1619	BGLOBIN	A	CATC10GTR4GAA	pred	1619	15.89020541958042	3.685416666666667
1620	BGLOBIN	A	CATC10GTR4GAA	pred	1620	11.14311577311578	3.3805555555555555
1621	BGLOBIN	A	CATC10GTR4GAA	pred	1621	8.165297202797197	2.904166666666667
1622	BGLOBIN	A	CATC10GTR4GAA	pred	1622	10.406572940947937	3.2618055555555556
1623	BGLOBIN	A	CATC10GTR4GAA	pred	1623	10.443134712509716	3.3409722222222222
1624	BGLOBIN	A	CATC10GTR4GAA	pred	1624	8.984218628593627	3.178472222222222
1625	BGLOBIN	A	CATC10GTR4GAA	pred	1625	10.065885295260289	3.192361111111111
1626	BGLOBIN	A	CATC10GTR4GAA	pred	1626	14.956449106449098	3.763888888888889
1627	BGLOBIN	A	CATC10GTR4GAA	pred	1627	13.630834790209784	3.435416666666667
1628	BGLOBIN	A	CATC10GTR4GAA	pred	1628	11.155516705516701	3.397222222222222
1629	BGLOBIN	A	CATC10GTR4GAA	pred	1629	12.973890831390833	3.540277777777778
1630	BGLOBIN	A	CATC10GTR4GAA	pred	1630	10.079016608391605	3.347916666666667
1631	BGLOBIN	A	CATC10GTR4GAA	pred	1631	8.777412587412588	3.2750000000000004
1632	BGLOBIN	A	CATC10GTR4GAA	pred	1632	7.833688811188809	3.129166666666667
1633	BGLOBIN	A	CATC10GTR4GAA	pred	1633	7.4769153069153065	3.0472222222222225
1634	BGLOBIN	A	CATC10GTR4GAA	pred	1634	13.14018453768454	3.5597222222222222
1635	BGLOBIN	A	CATC10GTR4GAA	pred	1635	9.915174825174825	3.3583333333333334
1636	BGLOBIN	A	CATC10GTR4GAA	pred	1636	11.6831114024864	3.5868055555555554
1637	BGLOBIN	A	CATC10GTR4GAA	pred	1637	14.646079545454553	3.7645833333333334
1638	BGLOBIN	A	CATC10GTR4GAA	pred	1638	15.66917200854701	3.857638888888889
1639	BGLOBIN	A	CATC10GTR4GAA	pred	1639	20.331572940947943	4.225694444444445
1640	BGLOBIN	A	CATC10GTR4GAA	pred	1640	12.31305167055167	3.615277777777778
1641	BGLOBIN	A	CATC10GTR4GAA	pred	1641	9.012113442113444	3.3138888888888887
1642	BGLOBIN	A	CATC10GTR4GAA	pred	1642	8.453286713286712	3.2
1643	BGLOBIN	A	CATC10GTR4GAA	pred	1643	8.731095085470082	3.104861111111111
1644	BGLOBIN	A	CATC10GTR4GAA	pred	1644	9.351394230769232	3.2979166666666666
1645	BGLOBIN	A	CATC10GTR4GAA	pred	1645	10.360510878010874	3.2180555555555554
1646	BGLOBIN	A	CATC10GTR4GAA	pred	1646	9.967318861693858	3.204861111111111
1647	BGLOBIN	A	CATC10GTR4GAA	pred	1647	8.7769187062937	3.21875
1648	BGLOBIN	A	CATC10GTR4GAA	pred	1648	10.13244318181818	3.3187499999999996
1649	BGLOBIN	A	CATC10GTR4GAA	pred	1649	10.201396658896659	3.451388888888889
1650	BGLOBIN	A	CATC10GTR4GAA	pred	1650	10.88473776223776	3.3625
1651	BGLOBIN	A	CATC10GTR4GAA	pred	1651	10.772283896658893	3.354861111111111
1652	BGLOBIN	A	CATC10GTR4GAA	pred	1652	12.167954545454542	3.495833333333333
1653	BGLOBIN	A	CATC10GTR4GAA	pred	1653	15.013701923076919	3.685416666666667
1654	BGLOBIN	A	CATC10GTR4GAA	pred	1654	10.304626554001558	3.207638888888889
1655	BGLOBIN	A	CATC10GTR4GAA	pred	1655	9.821071775446773	3.3284722222222225
1656	BGLOBIN	A	CATC10GTR4GAA	pred	1656	7.0808697552447555	2.90625
1657	BGLOBIN	A	CATC10GTR4GAA	pred	1657	8.672867132867134	3.0833333333333335
1658	BGLOBIN	A	CATC10GTR4GAA	pred	1658	11.008457167832159	3.26875
1659	BGLOBIN	A	CATC10GTR4GAA	pred	1659	11.73545017482518	3.23125
1660	BGLOBIN	A	CATC10GTR4GAA	pred	1660	12.820799825174825	3.5229166666666667
1661	BGLOBIN	A	CATC10GTR4GAA	pred	1661	14.70263986013986	3.8041666666666663
1662	BGLOBIN	A	CATC10GTR4GAA	pred	1662	15.770139860139858	3.8249999999999997
1663	BGLOBIN	A	CATC10GTR4GAA	pred	1663	12.506374805749806	3.520138888888889
1664	BGLOBIN	A	CATC10GTR4GAA	pred	1664	13.001743881118879	3.6645833333333337
1665	BGLOBIN	A	CATC10GTR4GAA	pred	1665	13.176066433566437	3.595833333333333
1666	BGLOBIN	A	CATC10GTR4GAA	pred	1666	11.332789432789431	3.522222222222222
1667	BGLOBIN	A	CATC10GTR4GAA	pred	1667	8.821204351204347	3.163888888888889
1668	BGLOBIN	A	CATC10GTR4GAA	pred	1668	11.157614607614603	3.4972222222222222
1669	BGLOBIN	A	CATC10GTR4GAA	pred	1669	14.539945609945608	3.663888888888889
1670	BGLOBIN	A	CATC10GTR4GAA	pred	1670	16.94815656565657	3.7097222222222226
1671	BGLOBIN	A	CATC10GTR4GAA	pred	1671	13.8669153069153	3.6222222222222222
1672	BGLOBIN	A	CATC10GTR4GAA	pred	1672	13.371468531468535	3.4833333333333334
1673	BGLOBIN	A	CATC10GTR4GAA	pred	1673	10.721363150738151	3.4256944444444444
1674	BGLOBIN	A	CATC10GTR4GAA	pred	1674	13.654855769230764	3.6062499999999997
1675	BGLOBIN	A	CATC10GTR4GAA	pred	1675	12.675523989898984	3.4618055555555554
1676	BGLOBIN	A	CATC10GTR4GAA	pred	1676	11.391590909090906	3.4208333333333334
1677	BGLOBIN	A	CATC10GTR4GAA	pred	1677	14.081234945609944	3.7548611111111114
1678	BGLOBIN	A	CATC10GTR4GAA	pred	1678	11.370757090132088	3.3909722222222225
1679	BGLOBIN	A	CATC10GTR4GAA	pred	1679	12.55688374125874	3.7104166666666663
1680	BGLOBIN	A	CATC10GTR4GAA	pred	1680	11.529353146853149	3.3541666666666665
1681	BGLOBIN	A	CATC10GTR4GAA	pred	1681	11.124195318570317	3.3618055555555557
1682	BGLOBIN	A	CATC10GTR4GAA	pred	1682	12.35936625874126	3.402083333333333
1683	BGLOBIN	A	CATC10GTR4GAA	pred	1683	11.292836052836055	3.5444444444444443
1684	BGLOBIN	A	CATC10GTR4GAA	pred	1684	12.69832119269619	3.5493055555555557
1685	BGLOBIN	A	CATC10GTR4GAA	pred	1685	9.163581973581977	3.0638888888888887
1686	BGLOBIN	A	CATC10GTR4GAA	pred	1686	14.011414141414143	3.536111111111111
1687	BGLOBIN	A	CATC10GTR4GAA	pred	1687	12.504206973581972	3.429861111111111
1688	BGLOBIN	A	CATC10GTR4GAA	pred	1688	11.93468337218337	3.351388888888889
1689	BGLOBIN	A	CATC10GTR4GAA	pred	1689	12.210440947940944	3.3180555555555555
1690	BGLOBIN	A	CATC10GTR4GAA	pred	1690	10.12672445609945	3.270138888888889
1691	BGLOBIN	A	CATC10GTR4GAA	pred	1691	11.329847999222999	3.259027777777778
1692	BGLOBIN	A	CATC10GTR4GAA	pred	1692	14.365493395493399	3.4805555555555556
1693	BGLOBIN	A	CATC10GTR4GAA	pred	1693	19.095220959595952	3.967361111111111
1694	BGLOBIN	A	CATC10GTR4GAA	pred	1694	23.953053127428127	4.417361111111111
1695	BGLOBIN	A	CATC10GTR4GAA	pred	1695	25.71859702797202	4.347916666666666
1696	BGLOBIN	A	CATC10GTR4GAA	pred	1696	15.522668512043508	3.8701388888888886
1697	BGLOBIN	A	CATC10GTR4GAA	pred	1697	18.290966880341884	3.859027777777778
1698	BGLOBIN	A	CATC10GTR4GAA	pred	1698	24.058624222999242	4.165972222222222
1699	BGLOBIN	A	CATC10GTR4GAA	pred	1699	22.534436188811195	4.360416666666667
1700	BGLOBIN	A	CATC10GTR4GAA	pred	1700	17.75285936285937	3.8972222222222226
1701	BGLOBIN	A	CATC10GTR4GAA	pred	1701	18.496643356643357	3.8833333333333337
1702	BGLOBIN	A	CATC10GTR4GAA	pred	1702	16.10494123931623	3.804861111111111
1703	BGLOBIN	A	CATC10GTR4GAA	pred	1703	17.240485139860137	3.8687500000000004
1704	BGLOBIN	A	CATC10GTR4GAA	pred	1704	14.892290209790206	3.595833333333333
1705	BGLOBIN	A	CATC10GTR4GAA	pred	1705	12.765609945609944	3.538888888888889
1706	BGLOBIN	A	CATC10GTR4GAA	pred	1706	17.236118395493392	3.9756944444444446
1707	BGLOBIN	A	CATC10GTR4GAA	pred	1707	17.18559391996892	4.050694444444444
1708	BGLOBIN	A	CATC10GTR4GAA	pred	1708	15.199067113442112	3.917361111111111
1709	BGLOBIN	A	CATC10GTR4GAA	pred	1709	13.454537684537689	3.7527777777777778
1710	BGLOBIN	A	CATC10GTR4GAA	pred	1710	11.72076486013985	3.46875
1711	BGLOBIN	A	CATC10GTR4GAA	pred	1711	14.483278943278943	3.6277777777777778
1712	BGLOBIN	A	CATC10GTR4GAA	pred	1712	12.372248931623933	3.379861111111111
1713	BGLOBIN	A	CATC10GTR4GAA	pred	1713	13.619998057498055	3.3736111111111113
1714	BGLOBIN	A	CATC10GTR4GAA	pred	1714	17.736728826728825	3.736111111111111
1715	BGLOBIN	A	CATC10GTR4GAA	pred	1715	13.998086635586645	3.4402777777777778
1716	BGLOBIN	A	CATC10GTR4GAA	pred	1716	14.261165015540008	3.517361111111111
1717	BGLOBIN	A	CATC10GTR4GAA	pred	1717	13.995869755244755	3.6020833333333337
1718	BGLOBIN	A	CATC10GTR4GAA	pred	1718	12.508482905982909	3.4930555555555554
1719	BGLOBIN	A	CATC10GTR4GAA	pred	1719	13.582639860139857	3.6624999999999996
1720	BGLOBIN	A	CATC10GTR4GAA	pred	1720	16.3847533022533	3.773611111111111
1721	BGLOBIN	A	CATC10GTR4GAA	pred	1721	14.036883741258748	3.622916666666667
1722	BGLOBIN	A	CATC10GTR4GAA	pred	1722	11.959051573426569	3.4604166666666667
1723	BGLOBIN	A	CATC10GTR4GAA	pred	1723	12.120757090132098	3.459027777777778
1724	BGLOBIN	A	CATC10GTR4GAA	pred	1724	11.884591588966584	3.3451388888888887
1725	BGLOBIN	A	CATC10GTR4GAA	pred	1725	12.930135489510493	3.46875
1726	BGLOBIN	A	CATC10GTR4GAA	pred	1726	13.377687937062936	3.53125
1727	BGLOBIN	A	CATC10GTR4GAA	pred	1727	13.447412587412586	3.566666666666667
1728	BGLOBIN	A	CATC10GTR4GAA	pred	1728	15.0445843045843	3.6944444444444446
1729	BGLOBIN	A	CATC10GTR4GAA	pred	1729	16.428666958041955	3.752083333333333
1730	BGLOBIN	A	CATC10GTR4GAA	pred	1730	15.047889957264958	3.540972222222222
1731	BGLOBIN	A	CATC10GTR4GAA	pred	1731	14.25258304195804	3.38125
1732	BGLOBIN	A	CATC10GTR4GAA	pred	1732	14.434823232323232	3.551388888888889
1733	BGLOBIN	A	CATC10GTR4GAA	pred	1733	12.214388111888116	3.495833333333333
1734	BGLOBIN	A	CATC10GTR4GAA	pred	1734	18.942400446775448	4.021527777777778
1735	BGLOBIN	A	CATC10GTR4GAA	pred	1735	23.185359362859355	4.165277777777778
1736	BGLOBIN	A	CATC10GTR4GAA	pred	1736	22.976219405594403	4.081250000000001
1737	BGLOBIN	A	CATC10GTR4GAA	pred	1737	24.340780400155396	4.279861111111111
1738	BGLOBIN	A	CATC10GTR4GAA	pred	1738	17.278492132867132	3.872916666666667
1739	BGLOBIN	A	CATC10GTR4GAA	pred	1739	15.000961538461548	3.504166666666667
1740	BGLOBIN	A	CATC10GTR4GAA	pred	1740	16.623356643356637	3.6500000000000004
1741	BGLOBIN	A	CATC10GTR4GAA	pred	1741	22.01550699300698	4.0375
1742	BGLOBIN	A	CATC10GTR4GAA	pred	1742	14.256625874125877	3.5875000000000004
1743	BGLOBIN	A	CATC10GTR4GAA	pred	1743	17.635605574980577	3.720138888888889
1744	BGLOBIN	A	CATC10GTR4GAA	pred	1744	13.656394230769234	3.6729166666666666
1745	BGLOBIN	A	CATC10GTR4GAA	pred	1745	14.357097416472415	3.5756944444444443
1746	BGLOBIN	A	CATC10GTR4GAA	pred	1746	12.129974747474748	3.5902777777777777
1747	BGLOBIN	A	CATC10GTR4GAA	pred	1747	14.068041472416475	3.8881944444444443
1748	BGLOBIN	A	CATC10GTR4GAA	pred	1748	13.605555069930066	3.5770833333333334
1749	BGLOBIN	A	CATC10GTR4GAA	pred	1749	13.048374125874119	3.5875000000000004
1750	BGLOBIN	A	CATC10GTR4GAA	pred	1750	13.3699222999223	3.6472222222222226
1751	BGLOBIN	A	CATC10GTR4GAA	pred	1751	11.296572940947941	3.4006944444444445
1752	BGLOBIN	A	CATC10GTR4GAA	pred	1752	12.09983634421134	3.445138888888889
1753	BGLOBIN	A	CATC10GTR4GAA	pred	1753	9.722866647241647	3.2118055555555554
1754	BGLOBIN	A	CATC10GTR4GAA	pred	1754	11.902360139860146	3.4541666666666666
1755	BGLOBIN	A	CATC10GTR4GAA	pred	1755	11.318133255633256	3.2819444444444446
1756	BGLOBIN	A	CATC10GTR4GAA	pred	1756	14.162167832167835	3.691666666666667
1757	BGLOBIN	A	CATC10GTR4GAA	pred	1757	18.08601398601398	3.966666666666667
1758	BGLOBIN	A	CATC10GTR4GAA	pred	1758	17.753916083916085	4.191666666666666
1759	BGLOBIN	A	CATC10GTR4GAA	pred	1759	14.791638986013988	3.6937499999999996
1760	BGLOBIN	A	CATC10GTR4GAA	pred	1760	12.799199689199689	3.5194444444444444
1761	BGLOBIN	A	CATC10GTR4GAA	pred	1761	12.228752428127422	3.457638888888889
1762	BGLOBIN	A	CATC10GTR4GAA	pred	1762	13.561520979020976	3.754166666666667
1763	BGLOBIN	A	CATC10GTR4GAA	pred	1763	14.96153409090909	3.8520833333333337
1764	BGLOBIN	A	CATC10GTR4GAA	pred	1764	12.781957556332554	3.8506944444444446
1765	BGLOBIN	A	CATC10GTR4GAA	pred	1765	13.859930069930064	3.7416666666666663
1766	BGLOBIN	A	CATC10GTR4GAA	pred	1766	12.849182206682203	3.5430555555555556
1767	BGLOBIN	A	CATC10GTR4GAA	pred	1767	8.680978535353535	3.1493055555555554
1768	BGLOBIN	A	CATC10GTR4GAA	pred	1768	8.708736888111892	3.16875
1769	BGLOBIN	A	CATC10GTR4GAA	pred	1769	12.205079642579646	3.609722222222222
1770	BGLOBIN	A	CATC10GTR4GAA	pred	1770	13.196006216006221	3.677777777777778
1771	BGLOBIN	A	CATC10GTR4GAA	pred	1771	9.517940947940945	3.3694444444444445
1772	BGLOBIN	A	CATC10GTR4GAA	pred	1772	7.036845376845375	2.9222222222222225
1773	BGLOBIN	A	CATC10GTR4GAA	pred	1773	7.943037587412593	3.122916666666667
1774	BGLOBIN	A	CATC10GTR4GAA	pred	1774	10.687668512043512	3.367361111111111
1775	BGLOBIN	A	CATC10GTR4GAA	pred	1775	11.920551670551673	3.4527777777777775
1776	BGLOBIN	A	CATC10GTR4GAA	pred	1776	12.859112276612283	3.793055555555556
1777	BGLOBIN	A	CATC10GTR4GAA	pred	1777	10.364094794094791	3.3305555555555557
1778	BGLOBIN	A	CATC10GTR4GAA	pred	1778	10.457614607614612	3.4027777777777777
1779	BGLOBIN	A	CATC10GTR4GAA	pred	1779	11.428426087801085	3.5243055555555554
1780	BGLOBIN	A	CATC10GTR4GAA	pred	1780	9.68371746309246	3.420138888888889
1781	BGLOBIN	A	CATC10GTR4GAA	pred	1781	12.038740773115773	3.6493055555555554
1782	BGLOBIN	A	CATC10GTR4GAA	pred	1782	11.688197358197355	3.486111111111111
1783	BGLOBIN	A	CATC10GTR4GAA	pred	1783	16.173701923076926	3.847916666666667
1784	BGLOBIN	A	CATC10GTR4GAA	pred	1784	15.84534916472416	3.8131944444444446
1785	BGLOBIN	A	CATC10GTR4GAA	pred	1785	14.845590034965031	3.71875
1786	BGLOBIN	A	CATC10GTR4GAA	pred	1786	9.377713675213675	3.2930555555555556
1787	BGLOBIN	A	CATC10GTR4GAA	pred	1787	7.310694930069928	3.0687499999999996
1788	BGLOBIN	A	CATC10GTR4GAA	pred	1788	9.960971250971253	3.4027777777777777
1789	BGLOBIN	A	CATC10GTR4GAA	pred	1789	12.229311868686871	3.457638888888889
1790	BGLOBIN	A	CATC10GTR4GAA	pred	1790	12.408111888111891	3.45
1791	BGLOBIN	A	CATC10GTR4GAA	pred	1791	14.108946678321676	3.6187500000000004
1792	BGLOBIN	A	CATC10GTR4GAA	pred	1792	13.527027486402485	3.613194444444444
1793	BGLOBIN	A	CATC10GTR4GAA	pred	1793	12.527550505050511	3.473611111111111
1794	BGLOBIN	A	CATC10GTR4GAA	pred	1794	12.268949106449107	3.323611111111111
1795	BGLOBIN	A	CATC10GTR4GAA	pred	1795	11.652836052836054	3.3944444444444444
1796	BGLOBIN	A	CATC10GTR4GAA	pred	1796	12.288053127428125	3.420138888888889
1797	BGLOBIN	A	CATC10GTR4GAA	pred	1797	12.234393453768458	3.5909722222222222
1798	BGLOBIN	A	CATC10GTR4GAA	pred	1798	8.551451048951051	3.3125
1799	BGLOBIN	A	CATC10GTR4GAA	pred	1799	10.030860528360522	3.2819444444444446
1800	BGLOBIN	A	CATC10GTR4GAA	pred	1800	9.290254467754465	3.259722222222222
1801	BGLOBIN	A	CATC10GTR4GAA	pred	1801	6.424327894327895	3.197222222222222
1802	BGLOBIN	A	CATC10GTR4GAA	pred	1802	7.618717463092464	2.932638888888889
1803	BGLOBIN	A	CATC10GTR4GAA	pred	1803	7.602225621600626	2.990972222222222
1804	BGLOBIN	A	CATC10GTR4GAA	pred	1804	10.276128593628592	3.3402777777777777
1805	BGLOBIN	A	CATC10GTR4GAA	pred	1805	11.137924922299923	3.4340277777777777
1806	BGLOBIN	A	CATC10GTR4GAA	pred	1806	10.966851204351208	3.423611111111111
1807	BGLOBIN	A	CATC10GTR4GAA	pred	1807	10.960839160839162	3.466666666666667
1808	BGLOBIN	A	CATC10GTR4GAA	pred	1808	12.74474747474748	3.447222222222222
1809	BGLOBIN	A	CATC10GTR4GAA	pred	1809	14.01114947552448	3.589583333333333
1810	BGLOBIN	A	CATC10GTR4GAA	pred	1810	12.756153360528357	3.3993055555555554
1811	BGLOBIN	A	CATC10GTR4GAA	pred	1811	13.860974650349645	3.5520833333333335
1812	BGLOBIN	A	CATC10GTR4GAA	pred	1812	13.656887626262622	3.574305555555556
1813	BGLOBIN	A	CATC10GTR4GAA	pred	1813	10.200943570318566	3.3256944444444443
1814	BGLOBIN	A	CATC10GTR4GAA	pred	1814	7.925624999999999	3.3270833333333334
1815	BGLOBIN	A	CATC10GTR4GAA	pred	1815	10.419195318570317	3.5131944444444443
1816	BGLOBIN	A	CATC10GTR4GAA	pred	1816	8.38543706293707	3.220833333333333
1817	BGLOBIN	A	CATC10GTR4GAA	pred	1817	8.761165015540014	3.204861111111111
1818	BGLOBIN	A	CATC10GTR4GAA	pred	1818	10.30900883838384	3.4034722222222222
1819	BGLOBIN	A	CATC10GTR4GAA	pred	1819	15.191708916083918	3.877083333333333
1820	BGLOBIN	A	CATC10GTR4GAA	pred	1820	13.000314199689196	3.5868055555555554
1821	BGLOBIN	A	CATC10GTR4GAA	pred	1821	9.079766414141416	3.182638888888889
1822	BGLOBIN	A	CATC10GTR4GAA	pred	1822	9.38675796425796	3.2152777777777777
1823	BGLOBIN	A	CATC10GTR4GAA	pred	1823	8.37941676379176	3.232638888888889
1824	BGLOBIN	A	CATC10GTR4GAA	pred	1824	8.756967754467757	3.334722222222222
1825	BGLOBIN	A	CATC10GTR4GAA	pred	1825	10.287412587412591	3.5
1826	BGLOBIN	A	CATC10GTR4GAA	pred	1826	11.38361888111888	3.754166666666667
1827	BGLOBIN	A	CATC10GTR4GAA	pred	1827	11.297233391608392	3.660416666666667
1828	BGLOBIN	A	CATC10GTR4GAA	pred	1828	10.146289335664333	3.314583333333333
1829	BGLOBIN	A	CATC10GTR4GAA	pred	1829	11.902901612276608	3.5368055555555555
1830	BGLOBIN	A	CATC10GTR4GAA	pred	1830	10.686759421134418	3.382638888888889
1831	BGLOBIN	A	CATC10GTR4GAA	pred	1831	12.699036519036524	3.788888888888889
1832	BGLOBIN	A	CATC10GTR4GAA	pred	1832	10.575489024864025	3.4631944444444445
1833	BGLOBIN	A	CATC10GTR4GAA	pred	1833	9.864537684537686	3.2777777777777777
1834	BGLOBIN	A	CATC10GTR4GAA	pred	1834	7.8298557692307655	3.064583333333333
1835	BGLOBIN	A	CATC10GTR4GAA	pred	1835	8.872443181818177	3.28125
1836	BGLOBIN	A	CATC10GTR4GAA	pred	1836	8.776281565656568	3.0965277777777778
1837	BGLOBIN	A	CATC10GTR4GAA	pred	1837	8.89402486402486	3.2694444444444444
1838	BGLOBIN	A	CATC10GTR4GAA	pred	1838	9.47027534965035	3.2645833333333334
1839	BGLOBIN	A	CATC10GTR4GAA	pred	1839	9.531958041958045	3.2249999999999996
1840	BGLOBIN	A	CATC10GTR4GAA	pred	1840	10.776339840714842	3.4673611111111113
1841	BGLOBIN	A	CATC10GTR4GAA	pred	1841	12.310720668220668	3.5069444444444446
1842	BGLOBIN	A	CATC10GTR4GAA	pred	1842	16.349016608391622	3.8354166666666663
1843	BGLOBIN	A	CATC10GTR4GAA	pred	1843	13.402639860139862	3.6374999999999997
1844	BGLOBIN	A	CATC10GTR4GAA	pred	1844	15.187435411810416	3.7215277777777778
1845	BGLOBIN	A	CATC10GTR4GAA	pred	1845	16.22579642579643	3.827777777777778
1846	BGLOBIN	A	CATC10GTR4GAA	pred	1846	13.213937451437454	3.4319444444444445
1847	BGLOBIN	A	CATC10GTR4GAA	pred	1847	11.30782002719503	3.509027777777778
1848	BGLOBIN	A	CATC10GTR4GAA	pred	1848	10.615755633255628	3.3930555555555557
1849	BGLOBIN	A	CATC10GTR4GAA	pred	1849	10.532831682206679	3.4631944444444445
1850	BGLOBIN	A	CATC10GTR4GAA	pred	1850	8.851748251748253	3.3666666666666667
1851	BGLOBIN	A	CATC10GTR4GAA	pred	1851	8.850337509712508	3.3090277777777777
1852	BGLOBIN	A	CATC10GTR4GAA	pred	1852	10.855664335664333	3.35
1853	BGLOBIN	A	CATC10GTR4GAA	pred	1853	11.531031468531474	3.5541666666666667
1854	BGLOBIN	A	CATC10GTR4GAA	pred	1854	9.881374805749806	3.354861111111111
1855	BGLOBIN	A	CATC10GTR4GAA	pred	1855	9.115336052836055	3.281944444444444
1856	BGLOBIN	A	CATC10GTR4GAA	pred	1856	8.181536519036523	3.173611111111111
1857	BGLOBIN	A	CATC10GTR4GAA	pred	1857	7.981116938616941	3.2513888888888887
1858	BGLOBIN	A	CATC10GTR4GAA	pred	1858	8.975325854700854	3.520138888888889
1859	BGLOBIN	A	CATC10GTR4GAA	pred	1859	9.10712072649573	3.1909722222222223
1860	BGLOBIN	A	CATC10GTR4GAA	pred	1860	6.827894327894325	2.9222222222222225
1861	BGLOBIN	A	CATC10GTR4GAA	pred	1861	7.563142482517483	3.1645833333333333
1862	BGLOBIN	A	CATC10GTR4GAA	pred	1862	8.39981157731158	3.3430555555555554
1863	BGLOBIN	A	CATC10GTR4GAA	pred	1863	9.873564491064494	3.573611111111111
1864	BGLOBIN	A	CATC10GTR4GAA	pred	1864	15.460419580419575	3.7333333333333334
1865	BGLOBIN	A	CATC10GTR4GAA	pred	1865	12.570611888111891	3.6958333333333337
1866	BGLOBIN	A	CATC10GTR4GAA	pred	1866	9.993144910644903	3.448611111111111
1867	BGLOBIN	A	CATC10GTR4GAA	pred	1867	10.963232323232328	3.461111111111111
1868	BGLOBIN	A	CATC10GTR4GAA	pred	1868	12.960349650349652	3.6416666666666666
1869	BGLOBIN	A	CATC10GTR4GAA	pred	1869	13.045384129759125	3.6006944444444446
1870	BGLOBIN	A	CATC10GTR4GAA	pred	1870	11.430627428127435	3.451388888888889
1871	BGLOBIN	A	CATC10GTR4GAA	pred	1871	15.181464160839155	4.035416666666666
1872	BGLOBIN	A	CATC10GTR4GAA	pred	1872	12.12711538461539	3.620833333333333
1873	BGLOBIN	A	CATC10GTR4GAA	pred	1873	13.710489024864025	3.6493055555555554
1874	BGLOBIN	A	CATC10GTR4GAA	pred	1874	13.007967657342661	3.5145833333333334
1875	BGLOBIN	A	CATC10GTR4GAA	pred	1875	12.017482517482513	3.55
1876	BGLOBIN	A	CATC10GTR4GAA	pred	1876	15.302656857031867	3.9506944444444443
1877	BGLOBIN	A	CATC10GTR4GAA	pred	1877	10.404986402486402	3.5930555555555554
1878	BGLOBIN	A	CATC10GTR4GAA	pred	1878	7.8442302836052855	3.4868055555555557
1879	BGLOBIN	A	CATC10GTR4GAA	pred	1879	10.853146367521369	3.4493055555555556
1880	BGLOBIN	A	CATC10GTR4GAA	pred	1880	9.486918706293704	3.46875
1881	BGLOBIN	A	CATC10GTR4GAA	pred	1881	7.80651903651904	3.113888888888889
1882	BGLOBIN	A	CATC10GTR4GAA	pred	1882	8.31255633255633	3.2555555555555555
1883	BGLOBIN	A	CATC10GTR4GAA	pred	1883	7.8320279720279755	3.266666666666667
1884	BGLOBIN	A	CATC10GTR4GAA	pred	1884	7.382748640248641	3.1069444444444443
1885	BGLOBIN	A	CATC10GTR4GAA	pred	1885	6.343426573426573	2.9749999999999996
1886	BGLOBIN	A	CATC10GTR4GAA	pred	1886	6.444882964257963	3.009027777777778
1887	BGLOBIN	A	CATC10GTR4GAA	pred	1887	7.309642579642578	3.147222222222222
1888	BGLOBIN	A	CATC10GTR4GAA	pred	1888	5.186635586635585	2.8777777777777778
1889	BGLOBIN	A	CATC10GTR4GAA	pred	1889	6.5987019230769235	3.0770833333333334
1890	BGLOBIN	A	CATC10GTR4GAA	pred	1890	5.70840277777778	2.929861111111111
1891	BGLOBIN	A	CATC10GTR4GAA	pred	1891	4.200485139860141	2.83125
1892	BGLOBIN	A	CATC10GTR4GAA	pred	1892	5.988631993006991	2.84375
1893	BGLOBIN	A	CATC10GTR4GAA	pred	1893	6.971409770784769	2.942361111111111
1894	BGLOBIN	A	CATC10GTR4GAA	pred	1894	8.000961538461546	3.120833333333333
1895	BGLOBIN	A	CATC10GTR4GAA	pred	1895	9.017412101787103	3.1993055555555556
1896	BGLOBIN	A	CATC10GTR4GAA	pred	1896	9.34104895104895	3.325
1897	BGLOBIN	A	CATC10GTR4GAA	pred	1897	10.816363150738155	3.5506944444444444
1898	BGLOBIN	A	CATC10GTR4GAA	pred	1898	8.389083139083137	3.2027777777777775
1899	BGLOBIN	A	CATC10GTR4GAA	pred	1899	10.009486693861692	3.445138888888889
1900	BGLOBIN	A	CATC10GTR4GAA	pred	1900	16.949645979020975	3.747916666666667
1901	BGLOBIN	A	CATC10GTR4GAA	pred	1901	15.771638986013985	3.6395833333333334
1902	BGLOBIN	A	CATC10GTR4GAA	pred	1902	11.192058566433568	3.40625
1903	BGLOBIN	A	CATC10GTR4GAA	pred	1903	9.8449256993007	3.439583333333333
1904	BGLOBIN	A	CATC10GTR4GAA	pred	1904	8.70737325174825	3.310416666666667
1905	BGLOBIN	A	CATC10GTR4GAA	pred	1905	9.998925796425791	3.4402777777777778
1906	BGLOBIN	A	CATC10GTR4GAA	pred	1906	9.682795260295267	3.301388888888889
1907	BGLOBIN	A	CATC10GTR4GAA	pred	1907	11.786491355866353	3.5965277777777778
1908	BGLOBIN	A	CATC10GTR4GAA	pred	1908	13.201526320901317	3.6909722222222223
1909	BGLOBIN	A	CATC10GTR4GAA	pred	1909	10.666835664335666	3.4208333333333334
1910	BGLOBIN	A	CATC10GTR4GAA	pred	1910	11.492797202797204	3.425
1911	BGLOBIN	A	CATC10GTR4GAA	pred	1911	13.319611013986016	3.660416666666667
1912	BGLOBIN	A	CATC10GTR4GAA	pred	1912	15.092789432789438	3.827777777777778
1913	BGLOBIN	A	CATC10GTR4GAA	pred	1913	16.296066433566423	3.7708333333333335
1914	BGLOBIN	A	CATC10GTR4GAA	pred	1914	18.049222999222998	3.9972222222222222
1915	BGLOBIN	A	CATC10GTR4GAA	pred	1915	11.03384615384615	3.566666666666667
1916	BGLOBIN	A	CATC10GTR4GAA	pred	1916	10.493005050505047	3.451388888888889
1917	BGLOBIN	A	CATC10GTR4GAA	pred	1917	12.69649912587413	3.5520833333333335
1918	BGLOBIN	A	CATC10GTR4GAA	pred	1918	11.538002622377624	3.35625
1919	BGLOBIN	A	CATC10GTR4GAA	pred	1919	12.334933954933952	3.4055555555555554
1920	BGLOBIN	A	CATC10GTR4GAA	pred	1920	12.059298756798748	3.301388888888889
1921	BGLOBIN	A	CATC10GTR4GAA	pred	1921	10.517762237762241	3.216666666666667
1922	BGLOBIN	A	CATC10GTR4GAA	pred	1922	11.580371017871018	3.3069444444444445
1923	BGLOBIN	A	CATC10GTR4GAA	pred	1923	17.682932692307688	3.752083333333333
1924	BGLOBIN	A	CATC10GTR4GAA	pred	1924	12.153600912975913	3.4868055555555557
1925	BGLOBIN	A	CATC10GTR4GAA	pred	1925	13.357692307692306	3.5250000000000004
1926	BGLOBIN	A	CATC10GTR4GAA	pred	1926	18.256149475524474	3.964583333333333
1927	BGLOBIN	A	CATC10GTR4GAA	pred	1927	14.261256798756799	3.701388888888889
1928	BGLOBIN	A	CATC10GTR4GAA	pred	1928	14.908037587412583	3.6020833333333337
1929	BGLOBIN	A	CATC10GTR4GAA	pred	1929	13.295506993006992	3.5125
1930	BGLOBIN	A	CATC10GTR4GAA	pred	1930	11.89677107614608	3.509027777777778
1931	BGLOBIN	A	CATC10GTR4GAA	pred	1931	11.79146853146853	3.4166666666666665
1932	BGLOBIN	A	CATC10GTR4GAA	pred	1932	13.959008838383829	3.709027777777778
1933	BGLOBIN	A	CATC10GTR4GAA	pred	1933	16.887691822066827	3.849305555555555
1934	BGLOBIN	A	CATC10GTR4GAA	pred	1934	18.33305312742813	4.095138888888889
1935	BGLOBIN	A	CATC10GTR4GAA	pred	1935	11.817744755244764	3.4791666666666665
1936	BGLOBIN	A	CATC10GTR4GAA	pred	1936	12.374603243978243	3.5965277777777778
1937	BGLOBIN	A	CATC10GTR4GAA	pred	1937	13.420044677544684	3.9402777777777778
1938	BGLOBIN	A	CATC10GTR4GAA	pred	1938	13.194032148407148	3.517361111111111
1939	BGLOBIN	A	CATC10GTR4GAA	pred	1939	18.346712801087797	3.949305555555556
1940	BGLOBIN	A	CATC10GTR4GAA	pred	1940	17.48277972027972	3.9124999999999996
1941	BGLOBIN	A	CATC10GTR4GAA	pred	1941	10.22631653069153	3.221527777777778
1942	BGLOBIN	A	CATC10GTR4GAA	pred	1942	12.418212412587417	3.560416666666667
1943	BGLOBIN	A	CATC10GTR4GAA	pred	1943	11.431048465423464	3.3506944444444446
1944	BGLOBIN	A	CATC10GTR4GAA	pred	1944	14.38689928127428	3.704861111111111
1945	BGLOBIN	A	CATC10GTR4GAA	pred	1945	15.809199689199692	3.644444444444444
1946	BGLOBIN	A	CATC10GTR4GAA	pred	1946	13.617853535353538	3.568055555555555
1947	BGLOBIN	A	CATC10GTR4GAA	pred	1947	10.973006993006992	3.55
1948	BGLOBIN	A	CATC10GTR4GAA	pred	1948	10.91015102952603	3.5576388888888886
1949	BGLOBIN	A	CATC10GTR4GAA	pred	1949	12.783006993006996	3.591666666666667
1950	BGLOBIN	A	CATC10GTR4GAA	pred	1950	11.199218628593623	3.4965277777777777
1951	BGLOBIN	A	CATC10GTR4GAA	pred	1951	15.117620435120436	3.701388888888889
1952	BGLOBIN	A	CATC10GTR4GAA	pred	1952	14.217482031857031	3.6381944444444443
1953	BGLOBIN	A	CATC10GTR4GAA	pred	1953	12.276351495726493	3.5465277777777775
1954	BGLOBIN	A	CATC10GTR4GAA	pred	1954	14.358379467754464	3.540972222222222
1955	BGLOBIN	A	CATC10GTR4GAA	pred	1955	13.505576923076921	3.5208333333333335
1956	BGLOBIN	A	CATC10GTR4GAA	pred	1956	11.944188034188036	3.797222222222222
1957	BGLOBIN	A	CATC10GTR4GAA	pred	1957	12.403527097902098	3.5062499999999996
1958	BGLOBIN	A	CATC10GTR4GAA	pred	1958	12.866478243978243	3.490277777777778
1959	BGLOBIN	A	CATC10GTR4GAA	pred	1959	6.53262189199689	2.7131944444444445
1960	BGLOBIN	A	CATC10GTR4GAA	pred	1960	12.265996503496503	3.4375
1961	BGLOBIN	A	CATC10GTR4GAA	pred	1961	8.991699689199693	3.2930555555555556
1962	BGLOBIN	A	CATC10GTR4GAA	pred	1962	8.808422202797205	3.20625
1963	BGLOBIN	A	CATC10GTR4GAA	pred	1963	10.97230332167832	3.285416666666667
1964	BGLOBIN	A	CATC10GTR4GAA	pred	1964	11.039191433566433	3.2604166666666665
1965	BGLOBIN	A	CATC10GTR4GAA	pred	1965	8.198453768453769	3.1527777777777777
1966	BGLOBIN	A	CATC10GTR4GAA	pred	1966	9.0996250971251	3.165277777777778
1967	BGLOBIN	A	CATC10GTR4GAA	pred	1967	13.48409042346542	3.6868055555555554
1968	BGLOBIN	A	CATC10GTR4GAA	pred	1968	12.552725330225325	3.523611111111111
1969	BGLOBIN	A	CATC10GTR4GAA	pred	1969	13.456993006993002	3.425
1970	BGLOBIN	A	CATC10GTR4GAA	pred	1970	18.13678321678321	3.6166666666666663
1971	BGLOBIN	A	CATC10GTR4GAA	pred	1971	15.761778846153849	3.84375
1972	BGLOBIN	A	CATC10GTR4GAA	pred	1972	14.287055167055176	3.7722222222222226
1973	BGLOBIN	A	CATC10GTR4GAA	pred	1973	15.80913558663559	3.640277777777778
1974	BGLOBIN	A	CATC10GTR4GAA	pred	1974	17.28185266122766	3.775694444444445
1975	BGLOBIN	A	CATC10GTR4GAA	pred	1975	16.832212509712516	3.740277777777778
1976	BGLOBIN	A	CATC10GTR4GAA	pred	1976	13.05612276612276	3.6805555555555554
1977	BGLOBIN	A	CATC10GTR4GAA	pred	1977	9.096491355866354	3.3465277777777778
1978	BGLOBIN	A	CATC10GTR4GAA	pred	1978	7.696444735819739	3.120138888888889
1979	BGLOBIN	A	CATC10GTR4GAA	pred	1979	10.580590034965038	3.3062500000000004
1980	BGLOBIN	A	CATC10GTR4GAA	pred	1980	17.302468919968923	4.043055555555556
1981	BGLOBIN	A	CATC10GTR4GAA	pred	1981	17.06392725330225	3.8076388888888886
1982	BGLOBIN	A	CATC10GTR4GAA	pred	1982	18.822702020202012	3.9097222222222223
1983	BGLOBIN	A	CATC10GTR4GAA	pred	1983	21.310699300699305	4.008333333333334
1984	BGLOBIN	A	CATC10GTR4GAA	pred	1984	18.02050505050505	3.663888888888889
1985	BGLOBIN	A	CATC10GTR4GAA	pred	1985	23.76305944055944	4.254166666666666
1986	BGLOBIN	A	CATC10GTR4GAA	pred	1986	23.017656857031856	4.124305555555555
1987	BGLOBIN	A	CATC10GTR4GAA	pred	1987	22.201712801087787	4.124305555555555
1988	BGLOBIN	A	CATC10GTR4GAA	pred	1988	25.013018162393163	4.229861111111111
1989	BGLOBIN	A	CATC10GTR4GAA	pred	1989	20.864887334887335	3.9027777777777777
1990	BGLOBIN	A	CATC10GTR4GAA	pred	1990	21.867954545454538	3.9375
1991	BGLOBIN	A	CATC10GTR4GAA	pred	1991	19.21651466588967	3.970138888888889
1992	BGLOBIN	A	CATC10GTR4GAA	pred	1992	21.2379831973582	4.142361111111111
1993	BGLOBIN	A	CATC10GTR4GAA	pred	1993	21.64727078477078	4.076388888888889
1994	BGLOBIN	A	CATC10GTR4GAA	pred	1994	23.929680944055942	3.972916666666667
1995	BGLOBIN	A	CATC10GTR4GAA	pred	1995	17.183775738150743	3.661805555555555
1996	BGLOBIN	A	CATC10GTR4GAA	pred	1996	15.977015831390835	3.7840277777777778
1997	BGLOBIN	A	CATC10GTR4GAA	pred	1997	14.614543512043511	3.601388888888889
1998	BGLOBIN	A	CATC10GTR4GAA	pred	1998	16.694584304584303	3.7805555555555554
1999	BGLOBIN	A	CATC10GTR4GAA	pred	1999	15.786519036519037	3.9638888888888886
