	geneID	repID	modelID	type	mcmcID	var	mean
0	BGLOBIN	A	JCAA	post	1000	5.906747766122767	2.2868055555555555
1	BGLOBIN	A	JCAA	post	1001	5.591311188811186	2.254166666666667
2	BGLOBIN	A	JCAA	post	1002	5.89216783216783	2.3
3	BGLOBIN	A	JCAA	post	1003	5.961491355866357	2.3159722222222223
4	BGLOBIN	A	JCAA	post	1004	5.864910644910644	2.3111111111111113
5	BGLOBIN	A	JCAA	post	1005	5.879718337218336	2.298611111111111
6	BGLOBIN	A	JCAA	post	1006	5.711673951048948	2.2979166666666666
7	BGLOBIN	A	JCAA	post	1007	5.985996503496506	2.3375000000000004
8	BGLOBIN	A	JCAA	post	1008	5.887656857031858	2.3256944444444443
9	BGLOBIN	A	JCAA	post	1009	5.90526612276612	2.2930555555555556
10	BGLOBIN	A	JCAA	post	1010	5.810990190365194	2.320138888888889
11	BGLOBIN	A	JCAA	post	1011	5.917604895104895	2.3041666666666667
12	BGLOBIN	A	JCAA	post	1012	5.873828671328672	2.2874999999999996
13	BGLOBIN	A	JCAA	post	1013	5.99519619269619	2.3069444444444445
14	BGLOBIN	A	JCAA	post	1014	5.74055944055944	2.2666666666666666
15	BGLOBIN	A	JCAA	post	1015	5.789059829059826	2.2944444444444443
16	BGLOBIN	A	JCAA	post	1016	6.009370629370632	2.316666666666667
17	BGLOBIN	A	JCAA	post	1017	5.7503010878010885	2.2819444444444446
18	BGLOBIN	A	JCAA	post	1018	5.667656857031857	2.2743055555555554
19	BGLOBIN	A	JCAA	post	1019	5.817325174825172	2.279166666666667
20	BGLOBIN	A	JCAA	post	1020	5.83994560994561	2.286111111111111
21	BGLOBIN	A	JCAA	post	1021	5.858832556332559	2.2819444444444446
22	BGLOBIN	A	JCAA	post	1022	5.865966880341879	2.271527777777778
23	BGLOBIN	A	JCAA	post	1023	6.03620629370629	2.3208333333333333
24	BGLOBIN	A	JCAA	post	1024	5.808041958041959	2.2750000000000004
25	BGLOBIN	A	JCAA	post	1025	5.789121503496504	2.29375
26	BGLOBIN	A	JCAA	post	1026	5.846328185703182	2.2756944444444445
27	BGLOBIN	A	JCAA	post	1027	5.843745143745143	2.2944444444444443
28	BGLOBIN	A	JCAA	post	1028	6.011398115773116	2.3118055555555554
29	BGLOBIN	A	JCAA	post	1029	6.058040015540015	2.326388888888889
30	BGLOBIN	A	JCAA	post	1030	5.837948232323231	2.304861111111111
31	BGLOBIN	A	JCAA	post	1031	6.014537684537687	2.3472222222222223
32	BGLOBIN	A	JCAA	post	1032	5.925415209790208	2.2895833333333333
33	BGLOBIN	A	JCAA	post	1033	5.955912975912975	2.3444444444444446
34	BGLOBIN	A	JCAA	post	1034	5.811324300699302	2.285416666666667
35	BGLOBIN	A	JCAA	post	1035	5.788391608391609	2.283333333333333
36	BGLOBIN	A	JCAA	post	1036	5.81999222999223	2.2972222222222225
37	BGLOBIN	A	JCAA	post	1037	6.060155400155404	2.361111111111111
38	BGLOBIN	A	JCAA	post	1038	6.039102078477078	2.320138888888889
39	BGLOBIN	A	JCAA	post	1039	5.838319735819737	2.301388888888889
40	BGLOBIN	A	JCAA	post	1040	5.935764860139861	2.310416666666667
41	BGLOBIN	A	JCAA	post	1041	5.92243978243978	2.322222222222222
42	BGLOBIN	A	JCAA	post	1042	6.048389665889662	2.323611111111111
43	BGLOBIN	A	JCAA	post	1043	6.03445172882673	2.304861111111111
44	BGLOBIN	A	JCAA	post	1044	5.898966588966586	2.3138888888888887
45	BGLOBIN	A	JCAA	post	1045	5.868002622377621	2.3062500000000004
46	BGLOBIN	A	JCAA	post	1046	5.834421134421134	2.288888888888889
47	BGLOBIN	A	JCAA	post	1047	5.817340714840716	2.298611111111111
48	BGLOBIN	A	JCAA	post	1048	5.89491647241647	2.3319444444444444
49	BGLOBIN	A	JCAA	post	1049	6.141199980574983	2.3423611111111113
50	BGLOBIN	A	JCAA	post	1050	5.861409770784768	2.307638888888889
51	BGLOBIN	A	JCAA	post	1051	5.83806478243978	2.2659722222222225
52	BGLOBIN	A	JCAA	post	1052	5.986619560994562	2.317361111111111
53	BGLOBIN	A	JCAA	post	1053	5.682583041958043	2.26875
54	BGLOBIN	A	JCAA	post	1054	5.857482517482515	2.283333333333333
55	BGLOBIN	A	JCAA	post	1055	5.9676437451437465	2.2819444444444446
56	BGLOBIN	A	JCAA	post	1056	5.9480065073815105	2.3243055555555556
57	BGLOBIN	A	JCAA	post	1057	5.886211635586639	2.2965277777777775
58	BGLOBIN	A	JCAA	post	1058	5.853937451437454	2.3069444444444445
59	BGLOBIN	A	JCAA	post	1059	5.782932692307688	2.28125
60	BGLOBIN	A	JCAA	post	1060	5.949750874125872	2.2895833333333333
61	BGLOBIN	A	JCAA	post	1061	5.725664335664335	2.2583333333333333
62	BGLOBIN	A	JCAA	post	1062	5.768352272727272	2.277083333333333
63	BGLOBIN	A	JCAA	post	1063	5.8174082167832175	2.26875
64	BGLOBIN	A	JCAA	post	1064	5.585437062937062	2.245833333333333
65	BGLOBIN	A	JCAA	post	1065	5.778879176379178	2.276388888888889
66	BGLOBIN	A	JCAA	post	1066	5.695726495726495	2.2777777777777777
67	BGLOBIN	A	JCAA	post	1067	5.912093531468531	2.2979166666666666
68	BGLOBIN	A	JCAA	post	1068	5.970279234654233	2.3118055555555554
69	BGLOBIN	A	JCAA	post	1069	5.891204351204348	2.288888888888889
70	BGLOBIN	A	JCAA	post	1070	5.810207847707848	2.301388888888889
71	BGLOBIN	A	JCAA	post	1071	5.947643745143744	2.2819444444444446
72	BGLOBIN	A	JCAA	post	1072	5.933247377622377	2.3229166666666665
73	BGLOBIN	A	JCAA	post	1073	5.884370143745145	2.3243055555555556
74	BGLOBIN	A	JCAA	post	1074	5.857045454545452	2.3208333333333333
75	BGLOBIN	A	JCAA	post	1075	5.895547299922302	2.321527777777778
76	BGLOBIN	A	JCAA	post	1076	5.9198426573426595	2.3125
77	BGLOBIN	A	JCAA	post	1077	5.770738150738151	2.2944444444444443
78	BGLOBIN	A	JCAA	post	1078	5.735799825174824	2.285416666666667
79	BGLOBIN	A	JCAA	post	1079	5.789440559440561	2.2750000000000004
80	BGLOBIN	A	JCAA	post	1080	5.90320464257964	2.3090277777777777
81	BGLOBIN	A	JCAA	post	1081	5.86913558663559	2.3097222222222222
82	BGLOBIN	A	JCAA	post	1082	6.013605283605282	2.3194444444444446
83	BGLOBIN	A	JCAA	post	1083	5.765157342657344	2.2958333333333334
84	BGLOBIN	A	JCAA	post	1084	5.948938908313907	2.3090277777777777
85	BGLOBIN	A	JCAA	post	1085	5.991899281274283	2.329861111111111
86	BGLOBIN	A	JCAA	post	1086	5.790248640248641	2.2694444444444444
87	BGLOBIN	A	JCAA	post	1087	5.886058663558664	2.3097222222222222
88	BGLOBIN	A	JCAA	post	1088	5.861569055944055	2.29375
89	BGLOBIN	A	JCAA	post	1089	5.816853146853147	2.2916666666666665
90	BGLOBIN	A	JCAA	post	1090	5.848234265734265	2.279166666666667
91	BGLOBIN	A	JCAA	post	1091	6.0369619269619275	2.3194444444444446
92	BGLOBIN	A	JCAA	post	1092	5.893973873348874	2.3090277777777777
93	BGLOBIN	A	JCAA	post	1093	5.911608391608392	2.3
94	BGLOBIN	A	JCAA	post	1094	6.07165306915307	2.3152777777777778
95	BGLOBIN	A	JCAA	post	1095	6.078111402486405	2.3118055555555554
96	BGLOBIN	A	JCAA	post	1096	6.026118395493399	2.3256944444444443
97	BGLOBIN	A	JCAA	post	1097	5.84653409090909	2.2895833333333333
98	BGLOBIN	A	JCAA	post	1098	5.915768745143741	2.2743055555555554
99	BGLOBIN	A	JCAA	post	1099	5.8448208041958045	2.2979166666666666
100	BGLOBIN	A	JCAA	post	1100	5.8694153069153066	2.2847222222222223
101	BGLOBIN	A	JCAA	post	1101	5.931188811188813	2.3333333333333335
102	BGLOBIN	A	JCAA	post	1102	5.954755244755242	2.2916666666666665
103	BGLOBIN	A	JCAA	post	1103	5.8037917637917635	2.3111111111111113
104	BGLOBIN	A	JCAA	post	1104	5.906060120435121	2.317361111111111
105	BGLOBIN	A	JCAA	post	1105	5.813880633255635	2.2868055555555555
106	BGLOBIN	A	JCAA	post	1106	5.7984595959595975	2.298611111111111
107	BGLOBIN	A	JCAA	post	1107	5.904685314685317	2.308333333333333
108	BGLOBIN	A	JCAA	post	1108	5.904381798756799	2.317361111111111
109	BGLOBIN	A	JCAA	post	1109	5.736827894327895	2.3097222222222222
110	BGLOBIN	A	JCAA	post	1110	6.056006216006217	2.322222222222222
111	BGLOBIN	A	JCAA	post	1111	5.905170454545455	2.314583333333333
112	BGLOBIN	A	JCAA	post	1112	5.841800699300698	2.2874999999999996
113	BGLOBIN	A	JCAA	post	1113	5.832119269619271	2.2819444444444446
114	BGLOBIN	A	JCAA	post	1114	5.861743881118878	2.2979166666666666
115	BGLOBIN	A	JCAA	post	1115	5.783402777777778	2.304861111111111
116	BGLOBIN	A	JCAA	post	1116	5.959083139083137	2.3277777777777775
117	BGLOBIN	A	JCAA	post	1117	5.9266195609945616	2.295138888888889
118	BGLOBIN	A	JCAA	post	1118	5.71375242812743	2.304861111111111
119	BGLOBIN	A	JCAA	post	1119	5.819086538461536	2.2979166666666666
120	BGLOBIN	A	JCAA	post	1120	6.06419143356643	2.314583333333333
121	BGLOBIN	A	JCAA	post	1121	5.838018162393161	2.267361111111111
122	BGLOBIN	A	JCAA	post	1122	5.707101787101787	2.3055555555555554
123	BGLOBIN	A	JCAA	post	1123	5.86550067987568	2.295138888888889
124	BGLOBIN	A	JCAA	post	1124	5.807377136752139	2.2743055555555554
125	BGLOBIN	A	JCAA	post	1125	5.888243978243978	2.2972222222222225
126	BGLOBIN	A	JCAA	post	1126	5.899502719502719	2.3277777777777775
127	BGLOBIN	A	JCAA	post	1127	5.844566822066822	2.2930555555555556
128	BGLOBIN	A	JCAA	post	1128	6.007373251748252	2.310416666666667
129	BGLOBIN	A	JCAA	post	1129	5.8197547591297605	2.2868055555555555
130	BGLOBIN	A	JCAA	post	1130	5.887972027972027	2.316666666666667
131	BGLOBIN	A	JCAA	post	1131	5.831730769230768	2.3125
132	BGLOBIN	A	JCAA	post	1132	5.9709746503496515	2.3020833333333335
133	BGLOBIN	A	JCAA	post	1133	6.053986013986009	2.316666666666667
134	BGLOBIN	A	JCAA	post	1134	5.915100524475522	2.285416666666667
135	BGLOBIN	A	JCAA	post	1135	5.829544968919968	2.2868055555555555
136	BGLOBIN	A	JCAA	post	1136	5.7565263209013215	2.2659722222222225
137	BGLOBIN	A	JCAA	post	1137	5.779362859362857	2.2777777777777777
138	BGLOBIN	A	JCAA	post	1138	5.783636363636364	2.283333333333333
139	BGLOBIN	A	JCAA	post	1139	5.825523989898993	2.3118055555555554
140	BGLOBIN	A	JCAA	post	1140	5.868880633255634	2.2993055555555557
141	BGLOBIN	A	JCAA	post	1141	5.939987859362859	2.290972222222222
142	BGLOBIN	A	JCAA	post	1142	5.599960664335662	2.2562499999999996
143	BGLOBIN	A	JCAA	post	1143	5.960324397824399	2.3152777777777778
144	BGLOBIN	A	JCAA	post	1144	5.92660402097902	2.3270833333333334
145	BGLOBIN	A	JCAA	post	1145	5.911093628593629	2.2847222222222223
146	BGLOBIN	A	JCAA	post	1146	5.8990034965034965	2.3208333333333333
147	BGLOBIN	A	JCAA	post	1147	5.99197358197358	2.3138888888888887
148	BGLOBIN	A	JCAA	post	1148	5.876501554001557	2.301388888888889
149	BGLOBIN	A	JCAA	post	1149	5.8768453768453774	2.2777777777777777
150	BGLOBIN	A	JCAA	post	1150	5.85966588966589	2.286111111111111
151	BGLOBIN	A	JCAA	post	1151	5.985170454545456	2.314583333333333
152	BGLOBIN	A	JCAA	post	1152	5.9499606643356655	2.29375
153	BGLOBIN	A	JCAA	post	1153	5.993950563325564	2.3256944444444443
154	BGLOBIN	A	JCAA	post	1154	5.861712801087802	2.2756944444444445
155	BGLOBIN	A	JCAA	post	1155	5.800104409479404	2.2631944444444443
156	BGLOBIN	A	JCAA	post	1156	5.966006216006216	2.2972222222222225
157	BGLOBIN	A	JCAA	post	1157	5.756688034188037	2.2847222222222223
158	BGLOBIN	A	JCAA	post	1158	5.992119269619271	2.3319444444444444
159	BGLOBIN	A	JCAA	post	1159	5.849533313908314	2.321527777777778
160	BGLOBIN	A	JCAA	post	1160	5.722608780108782	2.2569444444444446
161	BGLOBIN	A	JCAA	post	1161	5.86410062160062	2.290277777777778
162	BGLOBIN	A	JCAA	post	1162	5.892645202020204	2.2965277777777775
163	BGLOBIN	A	JCAA	post	1163	5.778659188034186	2.2965277777777775
164	BGLOBIN	A	JCAA	post	1164	6.143282342657345	2.3020833333333335
165	BGLOBIN	A	JCAA	post	1165	5.941328671328674	2.325
166	BGLOBIN	A	JCAA	post	1166	5.9068060411810395	2.3159722222222223
167	BGLOBIN	A	JCAA	post	1167	5.823074980574979	2.276388888888889
168	BGLOBIN	A	JCAA	post	1168	5.900155400155398	2.288888888888889
169	BGLOBIN	A	JCAA	post	1169	5.863344502719501	2.290972222222222
170	BGLOBIN	A	JCAA	post	1170	5.815011169386169	2.2826388888888887
171	BGLOBIN	A	JCAA	post	1171	5.929995629370628	2.3020833333333335
172	BGLOBIN	A	JCAA	post	1172	5.803317307692309	2.2895833333333333
173	BGLOBIN	A	JCAA	post	1173	5.895912975912973	2.2944444444444443
174	BGLOBIN	A	JCAA	post	1174	5.880038850038852	2.2805555555555554
175	BGLOBIN	A	JCAA	post	1175	5.975804195804195	2.3
176	BGLOBIN	A	JCAA	post	1176	5.945609945609946	2.288888888888889
177	BGLOBIN	A	JCAA	post	1177	5.992937062937061	2.325
178	BGLOBIN	A	JCAA	post	1178	5.981328671328674	2.308333333333333
179	BGLOBIN	A	JCAA	post	1179	6.171747766122765	2.3381944444444445
180	BGLOBIN	A	JCAA	post	1180	6.076071775446776	2.353472222222222
181	BGLOBIN	A	JCAA	post	1181	6.092165889665888	2.351388888888889
182	BGLOBIN	A	JCAA	post	1182	5.87216588966589	2.301388888888889
183	BGLOBIN	A	JCAA	post	1183	5.842373251748254	2.314583333333333
184	BGLOBIN	A	JCAA	post	1184	5.942423756798758	2.304861111111111
185	BGLOBIN	A	JCAA	post	1185	6.084960664335665	2.3020833333333335
186	BGLOBIN	A	JCAA	post	1186	6.104789724164723	2.3243055555555556
187	BGLOBIN	A	JCAA	post	1187	5.776874514374514	2.2680555555555557
188	BGLOBIN	A	JCAA	post	1188	5.8469225912975915	2.3006944444444444
189	BGLOBIN	A	JCAA	post	1189	5.888682498057498	2.307638888888889
190	BGLOBIN	A	JCAA	post	1190	5.691958041958041	2.2583333333333333
191	BGLOBIN	A	JCAA	post	1191	5.74270202020202	2.290277777777778
192	BGLOBIN	A	JCAA	post	1192	5.819391996891996	2.2819444444444446
193	BGLOBIN	A	JCAA	post	1193	5.929368686868685	2.348611111111111
194	BGLOBIN	A	JCAA	post	1194	5.850909090909091	2.316666666666667
195	BGLOBIN	A	JCAA	post	1195	5.836883741258744	2.2895833333333333
196	BGLOBIN	A	JCAA	post	1196	5.951031468531465	2.3291666666666666
197	BGLOBIN	A	JCAA	post	1197	5.746778846153844	2.2645833333333334
198	BGLOBIN	A	JCAA	post	1198	5.878024475524475	2.3291666666666666
199	BGLOBIN	A	JCAA	post	1199	5.933191530691533	2.334722222222222
200	BGLOBIN	A	JCAA	post	1200	5.791530691530695	2.2777777777777777
201	BGLOBIN	A	JCAA	post	1201	5.692027972027969	2.3
202	BGLOBIN	A	JCAA	post	1202	6.102163461538463	2.33125
203	BGLOBIN	A	JCAA	post	1203	5.73611451048951	2.2604166666666665
204	BGLOBIN	A	JCAA	post	1204	5.904510003885002	2.3131944444444446
205	BGLOBIN	A	JCAA	post	1205	5.927190656565655	2.2965277777777775
206	BGLOBIN	A	JCAA	post	1206	5.958332847707853	2.329861111111111
207	BGLOBIN	A	JCAA	post	1207	6.07468531468531	2.3333333333333335
208	BGLOBIN	A	JCAA	post	1208	6.065372474747474	2.2965277777777775
209	BGLOBIN	A	JCAA	post	1209	5.867233391608388	2.2895833333333333
210	BGLOBIN	A	JCAA	post	1210	5.660629370629371	2.2583333333333333
211	BGLOBIN	A	JCAA	post	1211	5.893076437451435	2.3118055555555554
212	BGLOBIN	A	JCAA	post	1212	5.845729895104896	2.285416666666667
213	BGLOBIN	A	JCAA	post	1213	6.11306478243978	2.3409722222222222
214	BGLOBIN	A	JCAA	post	1214	6.068938908313909	2.353472222222222
215	BGLOBIN	A	JCAA	post	1215	6.078845668220667	2.3368055555555554
216	BGLOBIN	A	JCAA	post	1216	5.886416083916081	2.3375000000000004
217	BGLOBIN	A	JCAA	post	1217	5.806638986013985	2.2979166666666666
218	BGLOBIN	A	JCAA	post	1218	5.851569055944056	2.310416666666667
219	BGLOBIN	A	JCAA	post	1219	5.965022824397823	2.3090277777777777
220	BGLOBIN	A	JCAA	post	1220	5.9357731157731175	2.2944444444444443
221	BGLOBIN	A	JCAA	post	1221	5.767513111888115	2.277083333333333
222	BGLOBIN	A	JCAA	post	1222	5.963121600621601	2.3152777777777778
223	BGLOBIN	A	JCAA	post	1223	5.7282342657342635	2.2708333333333335
224	BGLOBIN	A	JCAA	post	1224	5.787317404817405	2.2847222222222223
225	BGLOBIN	A	JCAA	post	1225	5.980349164724165	2.3118055555555554
226	BGLOBIN	A	JCAA	post	1226	5.967373251748252	2.3229166666666665
227	BGLOBIN	A	JCAA	post	1227	5.782935120435123	2.301388888888889
228	BGLOBIN	A	JCAA	post	1228	5.7887160062160055	2.2847222222222223
229	BGLOBIN	A	JCAA	post	1229	5.849288558663556	2.2965277777777775
230	BGLOBIN	A	JCAA	post	1230	5.897101787101786	2.3194444444444446
231	BGLOBIN	A	JCAA	post	1231	5.696883741258741	2.277083333333333
232	BGLOBIN	A	JCAA	post	1232	5.940520104895104	2.3229166666666665
233	BGLOBIN	A	JCAA	post	1233	5.834607614607615	2.322222222222222
234	BGLOBIN	A	JCAA	post	1234	5.784331293706292	2.28125
235	BGLOBIN	A	JCAA	post	1235	5.79729555167055	2.2840277777777778
236	BGLOBIN	A	JCAA	post	1236	5.68656905594406	2.247916666666667
237	BGLOBIN	A	JCAA	post	1237	5.922220279720279	2.279166666666667
238	BGLOBIN	A	JCAA	post	1238	6.0296484071484056	2.301388888888889
239	BGLOBIN	A	JCAA	post	1239	5.963239607614606	2.321527777777778
240	BGLOBIN	A	JCAA	post	1240	5.76908653846154	2.285416666666667
241	BGLOBIN	A	JCAA	post	1241	5.746569055944054	2.28125
242	BGLOBIN	A	JCAA	post	1242	5.937260586635588	2.2965277777777775
243	BGLOBIN	A	JCAA	post	1243	5.8635878010877995	2.2930555555555556
244	BGLOBIN	A	JCAA	post	1244	5.8059188034188	2.2652777777777775
245	BGLOBIN	A	JCAA	post	1245	6.142050796425795	2.3284722222222225
246	BGLOBIN	A	JCAA	post	1246	5.822831682206682	2.3131944444444446
247	BGLOBIN	A	JCAA	post	1247	5.805838675213676	2.2743055555555554
248	BGLOBIN	A	JCAA	post	1248	6.006289335664336	2.347916666666667
249	BGLOBIN	A	JCAA	post	1249	5.97082702020202	2.2965277777777775
250	BGLOBIN	A	JCAA	post	1250	5.902167346542346	2.3006944444444444
251	BGLOBIN	A	JCAA	post	1251	5.776359265734268	2.285416666666667
252	BGLOBIN	A	JCAA	post	1252	5.882237762237761	2.316666666666667
253	BGLOBIN	A	JCAA	post	1253	5.958780108780106	2.3194444444444446
254	BGLOBIN	A	JCAA	post	1254	5.973134712509713	2.3090277777777777
255	BGLOBIN	A	JCAA	post	1255	5.927618006993008	2.3020833333333335
256	BGLOBIN	A	JCAA	post	1256	5.808717463092463	2.295138888888889
257	BGLOBIN	A	JCAA	post	1257	5.94538412975913	2.3118055555555554
258	BGLOBIN	A	JCAA	post	1258	6.110659965034965	2.339583333333333
259	BGLOBIN	A	JCAA	post	1259	6.079016608391606	2.3187499999999996
260	BGLOBIN	A	JCAA	post	1260	5.892722902097903	2.285416666666667
261	BGLOBIN	A	JCAA	post	1261	5.839750874125874	2.3062500000000004
262	BGLOBIN	A	JCAA	post	1262	5.8863636363636385	2.2916666666666665
263	BGLOBIN	A	JCAA	post	1263	5.95164287101787	2.3131944444444446
264	BGLOBIN	A	JCAA	post	1264	5.932492229992229	2.3152777777777778
265	BGLOBIN	A	JCAA	post	1265	5.959506118881118	2.3354166666666667
266	BGLOBIN	A	JCAA	post	1266	5.86629176379176	2.298611111111111
267	BGLOBIN	A	JCAA	post	1267	5.938197358197359	2.288888888888889
268	BGLOBIN	A	JCAA	post	1268	5.966604020979022	2.3270833333333334
269	BGLOBIN	A	JCAA	post	1269	5.780681818181817	2.279166666666667
270	BGLOBIN	A	JCAA	post	1270	5.86426524864025	2.2993055555555557
271	BGLOBIN	A	JCAA	post	1271	5.9002908896658885	2.329861111111111
272	BGLOBIN	A	JCAA	post	1272	5.960295260295262	2.3111111111111113
273	BGLOBIN	A	JCAA	post	1273	5.642027972027969	2.2750000000000004
274	BGLOBIN	A	JCAA	post	1274	5.9638209013209025	2.3402777777777777
275	BGLOBIN	A	JCAA	post	1275	5.844715909090908	2.2895833333333333
276	BGLOBIN	A	JCAA	post	1276	5.6468876262626235	2.2756944444444445
277	BGLOBIN	A	JCAA	post	1277	5.907534965034967	2.3125
278	BGLOBIN	A	JCAA	post	1278	5.6333328477078455	2.2826388888888887
279	BGLOBIN	A	JCAA	post	1279	5.758973873348876	2.2840277777777778
280	BGLOBIN	A	JCAA	post	1280	5.976905594405595	2.3041666666666667
281	BGLOBIN	A	JCAA	post	1281	5.806705516705516	2.2972222222222225
282	BGLOBIN	A	JCAA	post	1282	5.8235620629370635	2.2979166666666666
283	BGLOBIN	A	JCAA	post	1283	5.697093531468531	2.2729166666666667
284	BGLOBIN	A	JCAA	post	1284	5.881219405594408	2.3229166666666665
285	BGLOBIN	A	JCAA	post	1285	5.7462762237762215	2.279166666666667
286	BGLOBIN	A	JCAA	post	1286	5.790580808080811	2.2680555555555557
287	BGLOBIN	A	JCAA	post	1287	5.958597027972028	2.314583333333333
288	BGLOBIN	A	JCAA	post	1288	6.012010489510487	2.2958333333333334
289	BGLOBIN	A	JCAA	post	1289	6.04837946775447	2.3090277777777777
290	BGLOBIN	A	JCAA	post	1290	5.904125388500389	2.3006944444444444
291	BGLOBIN	A	JCAA	post	1291	5.88765297202797	2.3229166666666665
292	BGLOBIN	A	JCAA	post	1292	6.037871017871015	2.3055555555555554
293	BGLOBIN	A	JCAA	post	1293	5.77356449106449	2.2486111111111113
294	BGLOBIN	A	JCAA	post	1294	5.7270784770784795	2.286111111111111
295	BGLOBIN	A	JCAA	post	1295	5.684055458430457	2.2506944444444446
296	BGLOBIN	A	JCAA	post	1296	5.927148407148407	2.288888888888889
297	BGLOBIN	A	JCAA	post	1297	6.198387237762235	2.33125
298	BGLOBIN	A	JCAA	post	1298	5.686887626262629	2.2756944444444445
299	BGLOBIN	A	JCAA	post	1299	5.8521207264957225	2.2840277777777778
300	BGLOBIN	A	JCAA	post	1300	5.966673951048952	2.3229166666666665
301	BGLOBIN	A	JCAA	post	1301	5.877482517482519	2.3
302	BGLOBIN	A	JCAA	post	1302	5.780764860139862	2.2645833333333334
303	BGLOBIN	A	JCAA	post	1303	5.806664724164722	2.2930555555555556
304	BGLOBIN	A	JCAA	post	1304	5.836346153846154	2.279166666666667
305	BGLOBIN	A	JCAA	post	1305	5.663981643356643	2.2645833333333334
306	BGLOBIN	A	JCAA	post	1306	5.757404817404818	2.2777777777777777
307	BGLOBIN	A	JCAA	post	1307	5.981852661227662	2.3131944444444446
308	BGLOBIN	A	JCAA	post	1308	5.874113733488736	2.3090277777777777
309	BGLOBIN	A	JCAA	post	1309	5.977045454545452	2.3125
310	BGLOBIN	A	JCAA	post	1310	5.948694153069153	2.321527777777778
311	BGLOBIN	A	JCAA	post	1311	5.744706682206686	2.2930555555555556
312	BGLOBIN	A	JCAA	post	1312	5.703736888111888	2.2895833333333333
313	BGLOBIN	A	JCAA	post	1313	5.757946775446777	2.2652777777777775
314	BGLOBIN	A	JCAA	post	1314	5.875990190365191	2.304861111111111
315	BGLOBIN	A	JCAA	post	1315	6.121079545454546	2.34375
316	BGLOBIN	A	JCAA	post	1316	5.9819560994561005	2.326388888888889
317	BGLOBIN	A	JCAA	post	1317	6.096666181041182	2.334027777777778
318	BGLOBIN	A	JCAA	post	1318	5.896285936285936	2.322222222222222
319	BGLOBIN	A	JCAA	post	1319	6.081722999223003	2.3402777777777777
320	BGLOBIN	A	JCAA	post	1320	5.885803710178708	2.2993055555555557
321	BGLOBIN	A	JCAA	post	1321	5.835485139860141	2.277083333333333
322	BGLOBIN	A	JCAA	post	1322	5.823670843045843	2.2868055555555555
323	BGLOBIN	A	JCAA	post	1323	5.831534090909089	2.3020833333333335
324	BGLOBIN	A	JCAA	post	1324	5.776346153846153	2.3125
325	BGLOBIN	A	JCAA	post	1325	5.750430749805751	2.2798611111111113
326	BGLOBIN	A	JCAA	post	1326	5.97835615773116	2.3243055555555556
327	BGLOBIN	A	JCAA	post	1327	5.970861985236988	2.3159722222222223
328	BGLOBIN	A	JCAA	post	1328	6.026398115773118	2.3368055555555554
329	BGLOBIN	A	JCAA	post	1329	6.0050577894327875	2.334027777777778
330	BGLOBIN	A	JCAA	post	1330	5.9756623931623905	2.323611111111111
331	BGLOBIN	A	JCAA	post	1331	6.010605574980575	2.332638888888889
332	BGLOBIN	A	JCAA	post	1332	6.011538461538463	2.325
333	BGLOBIN	A	JCAA	post	1333	6.044032148407148	2.3451388888888887
334	BGLOBIN	A	JCAA	post	1334	5.934917929292926	2.2840277777777778
335	BGLOBIN	A	JCAA	post	1335	5.972859362859364	2.302777777777778
336	BGLOBIN	A	JCAA	post	1336	5.864405108780107	2.2881944444444446
337	BGLOBIN	A	JCAA	post	1337	5.731227661227661	2.2694444444444444
338	BGLOBIN	A	JCAA	post	1338	5.731708916083913	2.2895833333333333
339	BGLOBIN	A	JCAA	post	1339	5.802750097125098	2.284027777777778
340	BGLOBIN	A	JCAA	post	1340	5.807783605283604	2.2680555555555557
341	BGLOBIN	A	JCAA	post	1341	5.909579933954931	2.2881944444444446
342	BGLOBIN	A	JCAA	post	1342	5.865944055944056	2.308333333333333
343	BGLOBIN	A	JCAA	post	1343	6.342540306915311	2.365972222222222
344	BGLOBIN	A	JCAA	post	1344	5.756654526029525	2.292361111111111
345	BGLOBIN	A	JCAA	post	1345	5.906555944055947	2.3125
346	BGLOBIN	A	JCAA	post	1346	5.97029526029526	2.3138888888888887
347	BGLOBIN	A	JCAA	post	1347	5.803774281274283	2.273611111111111
348	BGLOBIN	A	JCAA	post	1348	5.908855866355865	2.3097222222222222
349	BGLOBIN	A	JCAA	post	1349	5.939205516705514	2.3152777777777778
350	BGLOBIN	A	JCAA	post	1350	6.123426573426573	2.341666666666667
351	BGLOBIN	A	JCAA	post	1351	5.8927253302253275	2.326388888888889
352	BGLOBIN	A	JCAA	post	1352	5.8856857031857	2.2819444444444446
353	BGLOBIN	A	JCAA	post	1353	5.997707847707845	2.363888888888889
354	BGLOBIN	A	JCAA	post	1354	5.929078768453769	2.3090277777777777
355	BGLOBIN	A	JCAA	post	1355	5.739718337218343	2.273611111111111
356	BGLOBIN	A	JCAA	post	1356	5.975982905982906	2.3194444444444446
357	BGLOBIN	A	JCAA	post	1357	6.117400446775447	2.3409722222222222
358	BGLOBIN	A	JCAA	post	1358	5.759172008547009	2.307638888888889
359	BGLOBIN	A	JCAA	post	1359	5.887540306915303	2.3090277777777777
360	BGLOBIN	A	JCAA	post	1360	6.236071775446773	2.3465277777777778
361	BGLOBIN	A	JCAA	post	1361	5.970279720279718	2.341666666666667
362	BGLOBIN	A	JCAA	post	1362	5.771484071484069	2.288888888888889
363	BGLOBIN	A	JCAA	post	1363	5.743449397824397	2.284027777777778
364	BGLOBIN	A	JCAA	post	1364	5.80223776223776	2.3
365	BGLOBIN	A	JCAA	post	1365	6.010659965034964	2.3062500000000004
366	BGLOBIN	A	JCAA	post	1366	6.056918706293705	2.347916666666667
367	BGLOBIN	A	JCAA	post	1367	5.936491355866358	2.3090277777777777
368	BGLOBIN	A	JCAA	post	1368	5.664051573426575	2.285416666666667
369	BGLOBIN	A	JCAA	post	1369	5.882602952602951	2.286111111111111
370	BGLOBIN	A	JCAA	post	1370	5.722779720279722	2.3291666666666666
371	BGLOBIN	A	JCAA	post	1371	5.874211344211345	2.286111111111111
372	BGLOBIN	A	JCAA	post	1372	5.805694930069932	2.310416666666667
373	BGLOBIN	A	JCAA	post	1373	6.02186285936286	2.3152777777777778
374	BGLOBIN	A	JCAA	post	1374	5.936874514374514	2.3569444444444443
375	BGLOBIN	A	JCAA	post	1375	5.8404851398601405	2.2645833333333334
376	BGLOBIN	A	JCAA	post	1376	5.981281565656567	2.321527777777778
377	BGLOBIN	A	JCAA	post	1377	5.916315073815072	2.3069444444444445
378	BGLOBIN	A	JCAA	post	1378	5.801468045843047	2.2881944444444446
379	BGLOBIN	A	JCAA	post	1379	5.751451048951052	2.3125
380	BGLOBIN	A	JCAA	post	1380	5.921258741258743	2.3333333333333335
381	BGLOBIN	A	JCAA	post	1381	5.833391122766129	2.2743055555555554
382	BGLOBIN	A	JCAA	post	1382	5.937762237762237	2.3
383	BGLOBIN	A	JCAA	post	1383	5.8197027972028	2.3041666666666667
384	BGLOBIN	A	JCAA	post	1384	5.7867089160839145	2.285416666666667
385	BGLOBIN	A	JCAA	post	1385	5.947023601398598	2.3062500000000004
386	BGLOBIN	A	JCAA	post	1386	5.8863383838383845	2.3152777777777778
387	BGLOBIN	A	JCAA	post	1387	5.632136752136754	2.2555555555555555
388	BGLOBIN	A	JCAA	post	1388	5.747311577311577	2.2805555555555554
389	BGLOBIN	A	JCAA	post	1389	5.8525854700854705	2.298611111111111
390	BGLOBIN	A	JCAA	post	1390	5.781328185703185	2.2881944444444446
391	BGLOBIN	A	JCAA	post	1391	5.957750097125099	2.3090277777777777
392	BGLOBIN	A	JCAA	post	1392	5.988343045843044	2.2819444444444446
393	BGLOBIN	A	JCAA	post	1393	5.962043512043511	2.286111111111111
394	BGLOBIN	A	JCAA	post	1394	5.847814685314684	2.2708333333333335
395	BGLOBIN	A	JCAA	post	1395	6.0141705516705555	2.3152777777777778
396	BGLOBIN	A	JCAA	post	1396	5.881526320901322	2.3090277777777777
397	BGLOBIN	A	JCAA	post	1397	5.972085761460763	2.303472222222222
398	BGLOBIN	A	JCAA	post	1398	5.955768745143745	2.3256944444444443
399	BGLOBIN	A	JCAA	post	1399	5.84107031857032	2.3069444444444445
400	BGLOBIN	A	JCAA	post	1400	5.857340714840712	2.298611111111111
401	BGLOBIN	A	JCAA	post	1401	5.904458041958043	2.3208333333333333
402	BGLOBIN	A	JCAA	post	1402	5.848806818181819	2.285416666666667
403	BGLOBIN	A	JCAA	post	1403	6.068902486402488	2.3430555555555554
404	BGLOBIN	A	JCAA	post	1404	5.930139374514373	2.2993055555555557
405	BGLOBIN	A	JCAA	post	1405	6.0342419386169395	2.332638888888889
406	BGLOBIN	A	JCAA	post	1406	6.097295551670552	2.3159722222222223
407	BGLOBIN	A	JCAA	post	1407	5.788177447552445	2.26875
408	BGLOBIN	A	JCAA	post	1408	5.893002622377621	2.314583333333333
409	BGLOBIN	A	JCAA	post	1409	5.81356449106449	2.301388888888889
410	BGLOBIN	A	JCAA	post	1410	5.8949164724164715	2.2930555555555556
411	BGLOBIN	A	JCAA	post	1411	6.020310314685316	2.339583333333333
412	BGLOBIN	A	JCAA	post	1412	5.719898989898991	2.2694444444444444
413	BGLOBIN	A	JCAA	post	1413	6.106001845376847	2.3465277777777778
414	BGLOBIN	A	JCAA	post	1414	5.7748130341880355	2.3090277777777777
415	BGLOBIN	A	JCAA	post	1415	5.935302544677545	2.303472222222222
416	BGLOBIN	A	JCAA	post	1416	5.887395104895106	2.345833333333333
417	BGLOBIN	A	JCAA	post	1417	5.937200854700857	2.298611111111111
418	BGLOBIN	A	JCAA	post	1418	5.886537975912971	2.2743055555555554
419	BGLOBIN	A	JCAA	post	1419	5.768562062937063	2.3270833333333334
420	BGLOBIN	A	JCAA	post	1420	6.0658270202020175	2.3284722222222225
421	BGLOBIN	A	JCAA	post	1421	5.730904720279722	2.285416666666667
422	BGLOBIN	A	JCAA	post	1422	5.719995629370629	2.28125
423	BGLOBIN	A	JCAA	post	1423	5.742548076923075	2.2729166666666667
424	BGLOBIN	A	JCAA	post	1424	5.783402777777777	2.304861111111111
425	BGLOBIN	A	JCAA	post	1425	5.854388111888112	2.3041666666666667
426	BGLOBIN	A	JCAA	post	1426	5.818506216006214	2.2847222222222223
427	BGLOBIN	A	JCAA	post	1427	5.733764083139084	2.303472222222222
428	BGLOBIN	A	JCAA	post	1428	5.964405594405593	2.325
429	BGLOBIN	A	JCAA	post	1429	6.072587412587414	2.3333333333333335
430	BGLOBIN	A	JCAA	post	1430	5.834545454545458	2.283333333333333
431	BGLOBIN	A	JCAA	post	1431	5.929999999999997	2.2916666666666665
432	BGLOBIN	A	JCAA	post	1432	5.814001554001553	2.261111111111111
433	BGLOBIN	A	JCAA	post	1433	5.9346833721833745	2.298611111111111
434	BGLOBIN	A	JCAA	post	1434	5.73794823232323	2.2826388888888887
435	BGLOBIN	A	JCAA	post	1435	6.1425174825174835	2.3666666666666667
436	BGLOBIN	A	JCAA	post	1436	6.050465714840712	2.332638888888889
437	BGLOBIN	A	JCAA	post	1437	5.989362859362859	2.2972222222222225
438	BGLOBIN	A	JCAA	post	1438	5.8770454545454545	2.3125
439	BGLOBIN	A	JCAA	post	1439	6.035050505050505	2.3138888888888887
440	BGLOBIN	A	JCAA	post	1440	5.916503496503499	2.3
441	BGLOBIN	A	JCAA	post	1441	5.85153409090909	2.2979166666666666
442	BGLOBIN	A	JCAA	post	1442	5.757120726495728	2.2965277777777775
443	BGLOBIN	A	JCAA	post	1443	5.862548076923077	2.3062500000000004
444	BGLOBIN	A	JCAA	post	1444	5.71706245143745	2.2618055555555556
445	BGLOBIN	A	JCAA	post	1445	6.027550505050505	2.326388888888889
446	BGLOBIN	A	JCAA	post	1446	6.000277777777775	2.298611111111111
447	BGLOBIN	A	JCAA	post	1447	5.997288267288267	2.286111111111111
448	BGLOBIN	A	JCAA	post	1448	5.804071484071484	2.288888888888889
449	BGLOBIN	A	JCAA	post	1449	5.968701923076923	2.3062500000000004
450	BGLOBIN	A	JCAA	post	1450	5.945405982905985	2.3180555555555555
451	BGLOBIN	A	JCAA	post	1451	5.859498348873347	2.303472222222222
452	BGLOBIN	A	JCAA	post	1452	5.705022824397823	2.2534722222222223
453	BGLOBIN	A	JCAA	post	1453	5.964147241647242	2.3180555555555555
454	BGLOBIN	A	JCAA	post	1454	6.000044677544675	2.3097222222222222
455	BGLOBIN	A	JCAA	post	1455	5.9737368881118895	2.339583333333333
456	BGLOBIN	A	JCAA	post	1456	5.82723339160839	2.2895833333333333
457	BGLOBIN	A	JCAA	post	1457	6.032027972027973	2.316666666666667
458	BGLOBIN	A	JCAA	post	1458	6.050419580419581	2.325
459	BGLOBIN	A	JCAA	post	1459	5.896537975912976	2.2868055555555555
460	BGLOBIN	A	JCAA	post	1460	5.838989898989897	2.2944444444444443
461	BGLOBIN	A	JCAA	post	1461	5.748855866355866	2.259722222222222
462	BGLOBIN	A	JCAA	post	1462	5.726682206682207	2.2944444444444443
463	BGLOBIN	A	JCAA	post	1463	5.957248931623933	2.304861111111111
464	BGLOBIN	A	JCAA	post	1464	5.79258304195804	2.314583333333333
465	BGLOBIN	A	JCAA	post	1465	5.904544968919969	2.2881944444444446
466	BGLOBIN	A	JCAA	post	1466	6.011623931623931	2.3111111111111113
467	BGLOBIN	A	JCAA	post	1467	5.9650655594405615	2.3270833333333334
468	BGLOBIN	A	JCAA	post	1468	5.899930069930068	2.2916666666666665
469	BGLOBIN	A	JCAA	post	1469	5.9342263986014006	2.2895833333333333
470	BGLOBIN	A	JCAA	post	1470	6.012598581973582	2.307638888888889
471	BGLOBIN	A	JCAA	post	1471	5.79083479020979	2.2979166666666666
472	BGLOBIN	A	JCAA	post	1472	5.912167832167836	2.3
473	BGLOBIN	A	JCAA	post	1473	6.003391122766122	2.3243055555555556
474	BGLOBIN	A	JCAA	post	1474	5.990904720279722	2.3187499999999996
475	BGLOBIN	A	JCAA	post	1475	5.879191433566434	2.2729166666666667
476	BGLOBIN	A	JCAA	post	1476	5.808612567987567	2.2798611111111113
477	BGLOBIN	A	JCAA	post	1477	5.756029526029527	2.286111111111111
478	BGLOBIN	A	JCAA	post	1478	5.844576048951048	2.2895833333333333
479	BGLOBIN	A	JCAA	post	1479	5.943651903651903	2.3111111111111113
480	BGLOBIN	A	JCAA	post	1480	5.765454545454545	2.2666666666666666
481	BGLOBIN	A	JCAA	post	1481	5.76748203185703	2.2881944444444446
482	BGLOBIN	A	JCAA	post	1482	5.860590034965035	2.29375
483	BGLOBIN	A	JCAA	post	1483	5.947736985236983	2.3097222222222222
484	BGLOBIN	A	JCAA	post	1484	5.9590554584304565	2.3243055555555556
485	BGLOBIN	A	JCAA	post	1485	6.155220959595962	2.354861111111111
486	BGLOBIN	A	JCAA	post	1486	5.828453768453767	2.3277777777777775
487	BGLOBIN	A	JCAA	post	1487	5.914855769230773	2.29375
488	BGLOBIN	A	JCAA	post	1488	5.864335664335665	2.316666666666667
489	BGLOBIN	A	JCAA	post	1489	5.931678321678321	2.325
490	BGLOBIN	A	JCAA	post	1490	6.175260295260293	2.338888888888889
491	BGLOBIN	A	JCAA	post	1491	5.836060120435121	2.332638888888889
492	BGLOBIN	A	JCAA	post	1492	5.722080419580416	2.2958333333333334
493	BGLOBIN	A	JCAA	post	1493	5.8868176961926935	2.2743055555555554
494	BGLOBIN	A	JCAA	post	1494	5.774543512043514	2.273611111111111
495	BGLOBIN	A	JCAA	post	1495	5.833597027972031	2.3062500000000004
496	BGLOBIN	A	JCAA	post	1496	5.799603243978241	2.2659722222222225
497	BGLOBIN	A	JCAA	post	1497	5.949261363636366	2.3062500000000004
498	BGLOBIN	A	JCAA	post	1498	5.920500679875681	2.320138888888889
499	BGLOBIN	A	JCAA	post	1499	5.738177447552448	2.28125
500	BGLOBIN	A	JCAA	post	1500	5.926783216783217	2.2916666666666665
501	BGLOBIN	A	JCAA	post	1501	5.997548076923075	2.3354166666666667
502	BGLOBIN	A	JCAA	post	1502	5.912486402486406	2.3194444444444446
503	BGLOBIN	A	JCAA	post	1503	5.894864024864024	2.3194444444444446
504	BGLOBIN	A	JCAA	post	1504	5.90034527972028	2.2979166666666666
505	BGLOBIN	A	JCAA	post	1505	5.920122377622371	2.3041666666666667
506	BGLOBIN	A	JCAA	post	1506	5.928156565656568	2.3097222222222222
507	BGLOBIN	A	JCAA	post	1507	5.881211635586638	2.2840277777777778
508	BGLOBIN	A	JCAA	post	1508	5.872785062160061	2.2965277777777775
509	BGLOBIN	A	JCAA	post	1509	5.921464160839158	2.2979166666666666
510	BGLOBIN	A	JCAA	post	1510	5.633107517482517	2.277083333333333
511	BGLOBIN	A	JCAA	post	1511	6.088063325563324	2.3180555555555555
512	BGLOBIN	A	JCAA	post	1512	5.9722139665889635	2.295138888888889
513	BGLOBIN	A	JCAA	post	1513	5.747015831390833	2.2784722222222222
514	BGLOBIN	A	JCAA	post	1514	5.958496017871016	2.3243055555555556
515	BGLOBIN	A	JCAA	post	1515	5.955345279720281	2.3229166666666665
516	BGLOBIN	A	JCAA	post	1516	5.7924936868686885	2.295138888888889
517	BGLOBIN	A	JCAA	post	1517	5.891157731157731	2.2944444444444447
518	BGLOBIN	A	JCAA	post	1518	5.803820901320897	2.290277777777778
519	BGLOBIN	A	JCAA	post	1519	5.890869755244757	2.310416666666667
520	BGLOBIN	A	JCAA	post	1520	5.740104409479409	2.2743055555555554
521	BGLOBIN	A	JCAA	post	1521	5.860489510489508	2.2750000000000004
522	BGLOBIN	A	JCAA	post	1522	5.923069153069154	2.2972222222222225
523	BGLOBIN	A	JCAA	post	1523	5.990069930069931	2.3333333333333335
524	BGLOBIN	A	JCAA	post	1524	5.750440947940945	2.2930555555555556
525	BGLOBIN	A	JCAA	post	1525	5.706798756798754	2.263888888888889
526	BGLOBIN	A	JCAA	post	1526	5.9713286713286715	2.3333333333333335
527	BGLOBIN	A	JCAA	post	1527	5.781344211344214	2.3138888888888887
528	BGLOBIN	A	JCAA	post	1528	5.955050505050506	2.286111111111111
529	BGLOBIN	A	JCAA	post	1529	6.127443181818182	2.339583333333333
530	BGLOBIN	A	JCAA	post	1530	5.991746309246306	2.323611111111111
531	BGLOBIN	A	JCAA	post	1531	5.691922591297591	2.2756944444444445
532	BGLOBIN	A	JCAA	post	1532	5.9857498057498075	2.3111111111111113
533	BGLOBIN	A	JCAA	post	1533	6.092862762237765	2.3187499999999996
534	BGLOBIN	A	JCAA	post	1534	5.763199300699299	2.2625
535	BGLOBIN	A	JCAA	post	1535	5.88294823232323	2.307638888888889
536	BGLOBIN	A	JCAA	post	1536	5.98852952602953	2.301388888888889
537	BGLOBIN	A	JCAA	post	1537	5.907773407148407	2.2798611111111113
538	BGLOBIN	A	JCAA	post	1538	5.879498348873347	2.2965277777777775
539	BGLOBIN	A	JCAA	post	1539	5.87571047008547	2.304861111111111
540	BGLOBIN	A	JCAA	post	1540	5.89319153069153	2.334722222222222
541	BGLOBIN	A	JCAA	post	1541	5.977155691530696	2.3284722222222225
542	BGLOBIN	A	JCAA	post	1542	6.040085470085474	2.3138888888888887
543	BGLOBIN	A	JCAA	post	1543	5.899568278943273	2.290972222222222
544	BGLOBIN	A	JCAA	post	1544	5.711503010878011	2.2756944444444445
545	BGLOBIN	A	JCAA	post	1545	5.858554292929293	2.2840277777777778
546	BGLOBIN	A	JCAA	post	1546	5.645996503496501	2.2874999999999996
547	BGLOBIN	A	JCAA	post	1547	5.950939685314687	2.29375
548	BGLOBIN	A	JCAA	post	1548	5.589428418803418	2.240972222222222
549	BGLOBIN	A	JCAA	post	1549	5.871001845376846	2.3159722222222223
550	BGLOBIN	A	JCAA	post	1550	5.8137043512043505	2.301388888888889
551	BGLOBIN	A	JCAA	post	1551	5.869881507381505	2.3180555555555555
552	BGLOBIN	A	JCAA	post	1552	5.860231157731159	2.3069444444444445
553	BGLOBIN	A	JCAA	post	1553	5.871394230769233	2.2979166666666666
554	BGLOBIN	A	JCAA	post	1554	5.846853146853148	2.316666666666667
555	BGLOBIN	A	JCAA	post	1555	6.135056332556335	2.3319444444444444
556	BGLOBIN	A	JCAA	post	1556	5.9299528943278945	2.321527777777778
557	BGLOBIN	A	JCAA	post	1557	6.135493395493393	2.3444444444444446
558	BGLOBIN	A	JCAA	post	1558	5.871079545454547	2.3062500000000004
559	BGLOBIN	A	JCAA	post	1559	5.888282342657344	2.29375
560	BGLOBIN	A	JCAA	post	1560	5.848158022533022	2.295138888888889
561	BGLOBIN	A	JCAA	post	1561	5.751048465423467	2.2618055555555556
562	BGLOBIN	A	JCAA	post	1562	5.930151029526031	2.2798611111111113
563	BGLOBIN	A	JCAA	post	1563	6.000415209790208	2.314583333333333
564	BGLOBIN	A	JCAA	post	1564	5.960722125097127	2.321527777777778
565	BGLOBIN	A	JCAA	post	1565	5.664533313908318	2.2965277777777775
566	BGLOBIN	A	JCAA	post	1566	5.710714840714841	2.263888888888889
567	BGLOBIN	A	JCAA	post	1567	5.814510003885001	2.2631944444444443
568	BGLOBIN	A	JCAA	post	1568	5.863736888111888	2.2895833333333333
569	BGLOBIN	A	JCAA	post	1569	6.0431993006993	2.3541666666666665
570	BGLOBIN	A	JCAA	post	1570	5.829261363636362	2.3270833333333334
571	BGLOBIN	A	JCAA	post	1571	5.755367132867132	2.2708333333333335
572	BGLOBIN	A	JCAA	post	1572	5.800629370629374	2.2916666666666665
573	BGLOBIN	A	JCAA	post	1573	5.969719794094792	2.3118055555555554
574	BGLOBIN	A	JCAA	post	1574	5.731186868686871	2.276388888888889
575	BGLOBIN	A	JCAA	post	1575	5.883169677544676	2.3284722222222225
576	BGLOBIN	A	JCAA	post	1576	6.007637917637916	2.3138888888888887
577	BGLOBIN	A	JCAA	post	1577	5.7918526612276615	2.2631944444444443
578	BGLOBIN	A	JCAA	post	1578	5.873931623931624	2.263888888888889
579	BGLOBIN	A	JCAA	post	1579	5.779112276612276	2.2819444444444446
580	BGLOBIN	A	JCAA	post	1580	5.842983197358197	2.295138888888889
581	BGLOBIN	A	JCAA	post	1581	5.898286227661228	2.3256944444444443
582	BGLOBIN	A	JCAA	post	1582	6.021712801087799	2.3131944444444446
583	BGLOBIN	A	JCAA	post	1583	5.948430458430456	2.3194444444444446
584	BGLOBIN	A	JCAA	post	1584	5.78006555944056	2.2979166666666666
585	BGLOBIN	A	JCAA	post	1585	5.955942113442114	2.301388888888889
586	BGLOBIN	A	JCAA	post	1586	5.850419094794098	2.3118055555555554
587	BGLOBIN	A	JCAA	post	1587	5.900380244755245	2.3229166666666665
588	BGLOBIN	A	JCAA	post	1588	5.9457964257964235	2.322222222222222
589	BGLOBIN	A	JCAA	post	1589	5.853204642579644	2.2965277777777775
590	BGLOBIN	A	JCAA	post	1590	5.940908605283604	2.3006944444444444
591	BGLOBIN	A	JCAA	post	1591	5.805869755244751	2.28125
592	BGLOBIN	A	JCAA	post	1592	5.745120435120435	2.286111111111111
593	BGLOBIN	A	JCAA	post	1593	6.056268453768455	2.3402777777777777
594	BGLOBIN	A	JCAA	post	1594	5.918267288267287	2.3138888888888887
595	BGLOBIN	A	JCAA	post	1595	5.997820027195029	2.3409722222222222
596	BGLOBIN	A	JCAA	post	1596	5.942959887334886	2.321527777777778
597	BGLOBIN	A	JCAA	post	1597	5.9013442113442105	2.3138888888888887
598	BGLOBIN	A	JCAA	post	1598	6.044380341880343	2.3152777777777778
599	BGLOBIN	A	JCAA	post	1599	6.250668220668221	2.3694444444444445
600	BGLOBIN	A	JCAA	post	1600	6.01006555944056	2.314583333333333
601	BGLOBIN	A	JCAA	post	1601	5.879576048951047	2.285416666666667
602	BGLOBIN	A	JCAA	post	1602	5.959019036519034	2.301388888888889
603	BGLOBIN	A	JCAA	post	1603	5.987283896658897	2.329861111111111
604	BGLOBIN	A	JCAA	post	1604	5.9394361888111895	2.285416666666667
605	BGLOBIN	A	JCAA	post	1605	5.949195318570321	2.3368055555555554
606	BGLOBIN	A	JCAA	post	1606	5.9695260295260315	2.3111111111111113
607	BGLOBIN	A	JCAA	post	1607	5.8254773698523685	2.321527777777778
608	BGLOBIN	A	JCAA	post	1608	5.958771853146852	2.3270833333333334
609	BGLOBIN	A	JCAA	post	1609	5.982548076923081	2.339583333333333
610	BGLOBIN	A	JCAA	post	1610	5.789820804195805	2.3062500000000004
611	BGLOBIN	A	JCAA	post	1611	5.793422202797203	2.285416666666667
612	BGLOBIN	A	JCAA	post	1612	6.010481740481746	2.302777777777778
613	BGLOBIN	A	JCAA	post	1613	5.9723698523698525	2.322222222222222
614	BGLOBIN	A	JCAA	post	1614	6.013146853146853	2.3
615	BGLOBIN	A	JCAA	post	1615	5.890500679875682	2.292361111111111
616	BGLOBIN	A	JCAA	post	1616	5.844521658896659	2.295138888888889
617	BGLOBIN	A	JCAA	post	1617	6.011514665889666	2.295138888888889
618	BGLOBIN	A	JCAA	post	1618	5.861953671328672	2.3187499999999996
619	BGLOBIN	A	JCAA	post	1619	5.964986402486405	2.3180555555555555
620	BGLOBIN	A	JCAA	post	1620	5.869591588966589	2.320138888888889
621	BGLOBIN	A	JCAA	post	1621	5.6834013209013206	2.2847222222222223
622	BGLOBIN	A	JCAA	post	1622	5.911171328671331	2.3208333333333333
623	BGLOBIN	A	JCAA	post	1623	5.947443181818181	2.29375
624	BGLOBIN	A	JCAA	post	1624	5.690582264957265	2.2840277777777778
625	BGLOBIN	A	JCAA	post	1625	5.656625874125873	2.2625
626	BGLOBIN	A	JCAA	post	1626	5.938177447552446	2.314583333333333
627	BGLOBIN	A	JCAA	post	1627	5.964428418803419	2.3159722222222223
628	BGLOBIN	A	JCAA	post	1628	5.831623931623931	2.288888888888889
629	BGLOBIN	A	JCAA	post	1629	5.879778069153067	2.2965277777777775
630	BGLOBIN	A	JCAA	post	1630	6.01426379176379	2.323611111111111
631	BGLOBIN	A	JCAA	post	1631	6.1052447552447555	2.341666666666667
632	BGLOBIN	A	JCAA	post	1632	5.923447940947941	2.3069444444444445
633	BGLOBIN	A	JCAA	post	1633	5.884684829059828	2.3118055555555554
634	BGLOBIN	A	JCAA	post	1634	5.806778846153847	2.2979166666666666
635	BGLOBIN	A	JCAA	post	1635	5.99033216783217	2.3291666666666666
636	BGLOBIN	A	JCAA	post	1636	5.8331774475524485	2.2729166666666667
637	BGLOBIN	A	JCAA	post	1637	5.991979409479411	2.3069444444444445
638	BGLOBIN	A	JCAA	post	1638	5.891386460761458	2.303472222222222
639	BGLOBIN	A	JCAA	post	1639	5.74433517871018	2.2618055555555556
640	BGLOBIN	A	JCAA	post	1640	5.830698815073818	2.3118055555555554
641	BGLOBIN	A	JCAA	post	1641	6.014630924630924	2.3138888888888887
642	BGLOBIN	A	JCAA	post	1642	5.926975524475525	2.2958333333333334
643	BGLOBIN	A	JCAA	post	1643	5.836281565656566	2.2965277777777775
644	BGLOBIN	A	JCAA	post	1644	5.978319735819737	2.326388888888889
645	BGLOBIN	A	JCAA	post	1645	5.69908313908314	2.272222222222222
646	BGLOBIN	A	JCAA	post	1646	5.975646853146854	2.3125
647	BGLOBIN	A	JCAA	post	1647	5.824847999223	2.2840277777777778
648	BGLOBIN	A	JCAA	post	1648	5.733651903651906	2.263888888888889
649	BGLOBIN	A	JCAA	post	1649	5.895850330225333	2.295138888888889
650	BGLOBIN	A	JCAA	post	1650	5.818088092463092	2.304861111111111
651	BGLOBIN	A	JCAA	post	1651	5.931398115773115	2.2993055555555557
652	BGLOBIN	A	JCAA	post	1652	6.017744755244756	2.3208333333333333
653	BGLOBIN	A	JCAA	post	1653	5.913488733488732	2.322222222222222
654	BGLOBIN	A	JCAA	post	1654	5.953611111111111	2.2847222222222223
655	BGLOBIN	A	JCAA	post	1655	5.9596148989899005	2.3243055555555556
656	BGLOBIN	A	JCAA	post	1656	5.996775446775449	2.3472222222222223
657	BGLOBIN	A	JCAA	post	1657	6.229156468531465	2.3645833333333335
658	BGLOBIN	A	JCAA	post	1658	6.085470085470085	2.3111111111111113
659	BGLOBIN	A	JCAA	post	1659	5.937055167055166	2.2972222222222225
660	BGLOBIN	A	JCAA	post	1660	6.0825403069153055	2.321527777777778
661	BGLOBIN	A	JCAA	post	1661	5.857622377622378	2.283333333333333
662	BGLOBIN	A	JCAA	post	1662	5.863261460761461	2.3152777777777778
663	BGLOBIN	A	JCAA	post	1663	6.05784770784771	2.336111111111111
664	BGLOBIN	A	JCAA	post	1664	5.722500000000004	2.2874999999999996
665	BGLOBIN	A	JCAA	post	1665	5.823076923076922	2.3
666	BGLOBIN	A	JCAA	post	1666	5.8620668220668195	2.3055555555555554
667	BGLOBIN	A	JCAA	post	1667	5.959930069930071	2.308333333333333
668	BGLOBIN	A	JCAA	post	1668	5.678041958041957	2.2666666666666666
669	BGLOBIN	A	JCAA	post	1669	5.978356157731158	2.3131944444444446
670	BGLOBIN	A	JCAA	post	1670	5.856985236985239	2.2777777777777777
671	BGLOBIN	A	JCAA	post	1671	5.911093628593632	2.3402777777777777
672	BGLOBIN	A	JCAA	post	1672	5.945555069930068	2.3229166666666665
673	BGLOBIN	A	JCAA	post	1673	5.93431186868687	2.295138888888889
674	BGLOBIN	A	JCAA	post	1674	5.796324300699303	2.2895833333333333
675	BGLOBIN	A	JCAA	post	1675	5.95821241258741	2.29375
676	BGLOBIN	A	JCAA	post	1676	5.778919968919971	2.3194444444444446
677	BGLOBIN	A	JCAA	post	1677	6.026975524475523	2.3375000000000004
678	BGLOBIN	A	JCAA	post	1678	6.041712801087805	2.3131944444444446
679	BGLOBIN	A	JCAA	post	1679	5.704498348873348	2.2784722222222222
680	BGLOBIN	A	JCAA	post	1680	5.923985528360528	2.3006944444444444
681	BGLOBIN	A	JCAA	post	1681	5.864304584304587	2.3055555555555554
682	BGLOBIN	A	JCAA	post	1682	5.806421425796424	2.290972222222222
683	BGLOBIN	A	JCAA	post	1683	5.724987859362856	2.271527777777778
684	BGLOBIN	A	JCAA	post	1684	5.8668410062160055	2.290972222222222
685	BGLOBIN	A	JCAA	post	1685	5.888981643356644	2.3270833333333334
686	BGLOBIN	A	JCAA	post	1686	5.944086538461541	2.3062500000000004
687	BGLOBIN	A	JCAA	post	1687	5.906985236985236	2.302777777777778
688	BGLOBIN	A	JCAA	post	1688	5.887224164724162	2.3180555555555555
689	BGLOBIN	A	JCAA	post	1689	5.820345279720281	2.3020833333333335
690	BGLOBIN	A	JCAA	post	1690	5.920458430458425	2.2805555555555554
691	BGLOBIN	A	JCAA	post	1691	5.797338286713287	2.28125
692	BGLOBIN	A	JCAA	post	1692	5.775174339549339	2.2993055555555557
693	BGLOBIN	A	JCAA	post	1693	5.906813811188811	2.2895833333333333
694	BGLOBIN	A	JCAA	post	1694	5.820419580419578	2.283333333333333
695	BGLOBIN	A	JCAA	post	1695	5.686491355866358	2.259027777777778
696	BGLOBIN	A	JCAA	post	1696	5.819106449106448	2.286111111111111
697	BGLOBIN	A	JCAA	post	1697	5.92797202797203	2.3
698	BGLOBIN	A	JCAA	post	1698	5.929555167055164	2.3152777777777778
699	BGLOBIN	A	JCAA	post	1699	5.711398601398601	2.2750000000000004
700	BGLOBIN	A	JCAA	post	1700	5.723681041181038	2.290277777777778
701	BGLOBIN	A	JCAA	post	1701	5.979875679875678	2.3111111111111113
702	BGLOBIN	A	JCAA	post	1702	5.912569930069933	2.3208333333333333
703	BGLOBIN	A	JCAA	post	1703	5.884137043512043	2.2798611111111113
704	BGLOBIN	A	JCAA	post	1704	5.954141414141414	2.3111111111111113
705	BGLOBIN	A	JCAA	post	1705	6.080558954933952	2.3381944444444445
706	BGLOBIN	A	JCAA	post	1706	6.07103146853147	2.3541666666666665
707	BGLOBIN	A	JCAA	post	1707	6.020318570318571	2.3194444444444446
708	BGLOBIN	A	JCAA	post	1708	5.971958041958044	2.308333333333333
709	BGLOBIN	A	JCAA	post	1709	5.878472707847706	2.307638888888889
710	BGLOBIN	A	JCAA	post	1710	6.151351495726494	2.365972222222222
711	BGLOBIN	A	JCAA	post	1711	5.732113442113438	2.263888888888889
712	BGLOBIN	A	JCAA	post	1712	5.960402097902098	2.3041666666666667
713	BGLOBIN	A	JCAA	post	1713	5.859743104118099	2.2784722222222222
714	BGLOBIN	A	JCAA	post	1714	5.727761752136753	2.2881944444444446
715	BGLOBIN	A	JCAA	post	1715	5.991211635586636	2.321527777777778
716	BGLOBIN	A	JCAA	post	1716	6.117637917637918	2.338888888888889
717	BGLOBIN	A	JCAA	post	1717	5.841111111111112	2.302777777777778
718	BGLOBIN	A	JCAA	post	1718	6.005590034965034	2.314583333333333
719	BGLOBIN	A	JCAA	post	1719	5.882608780108778	2.3319444444444444
720	BGLOBIN	A	JCAA	post	1720	5.898863636363636	2.2874999999999996
721	BGLOBIN	A	JCAA	post	1721	6.065174825174826	2.316666666666667
722	BGLOBIN	A	JCAA	post	1722	5.8907381507381515	2.3055555555555554
723	BGLOBIN	A	JCAA	post	1723	5.917404817404821	2.322222222222222
724	BGLOBIN	A	JCAA	post	1724	5.995477369852368	2.3159722222222223
725	BGLOBIN	A	JCAA	post	1725	5.856099456099456	2.288888888888889
726	BGLOBIN	A	JCAA	post	1726	5.961693861693859	2.3111111111111113
727	BGLOBIN	A	JCAA	post	1727	5.753628593628597	2.2777777777777777
728	BGLOBIN	A	JCAA	post	1728	5.78022533022533	2.3138888888888887
729	BGLOBIN	A	JCAA	post	1729	5.81309829059829	2.2819444444444446
730	BGLOBIN	A	JCAA	post	1730	5.9185936285936265	2.2972222222222225
731	BGLOBIN	A	JCAA	post	1731	5.908653846153845	2.3125
732	BGLOBIN	A	JCAA	post	1732	5.721800699300696	2.2625
733	BGLOBIN	A	JCAA	post	1733	5.764318181818182	2.279166666666667
734	BGLOBIN	A	JCAA	post	1734	5.914506118881118	2.34375
735	BGLOBIN	A	JCAA	post	1735	5.915056332556331	2.3069444444444445
736	BGLOBIN	A	JCAA	post	1736	5.961118881118881	2.3
737	BGLOBIN	A	JCAA	post	1737	5.879982517482517	2.3125
738	BGLOBIN	A	JCAA	post	1738	6.146216006216005	2.3722222222222222
739	BGLOBIN	A	JCAA	post	1739	5.9850228243978245	2.353472222222222
740	BGLOBIN	A	JCAA	post	1740	5.854008838383837	2.334027777777778
741	BGLOBIN	A	JCAA	post	1741	6.119562937062938	2.3208333333333333
742	BGLOBIN	A	JCAA	post	1742	5.80703914141414	2.295138888888889
743	BGLOBIN	A	JCAA	post	1743	5.947597125097124	2.334722222222222
744	BGLOBIN	A	JCAA	post	1744	5.813764083139083	2.303472222222222
745	BGLOBIN	A	JCAA	post	1745	5.909428418803418	2.2965277777777775
746	BGLOBIN	A	JCAA	post	1746	5.992074106449105	2.317361111111111
747	BGLOBIN	A	JCAA	post	1747	5.83377573815074	2.2993055555555557
748	BGLOBIN	A	JCAA	post	1748	5.861114510489514	2.314583333333333
749	BGLOBIN	A	JCAA	post	1749	5.957692307692308	2.325
750	BGLOBIN	A	JCAA	post	1750	5.844265248640253	2.2993055555555557
751	BGLOBIN	A	JCAA	post	1751	5.822202311577313	2.3368055555555554
752	BGLOBIN	A	JCAA	post	1752	5.732423756798757	2.267361111111111
753	BGLOBIN	A	JCAA	post	1753	5.940477369852366	2.303472222222222
754	BGLOBIN	A	JCAA	post	1754	5.947132867132864	2.316666666666667
755	BGLOBIN	A	JCAA	post	1755	5.961670551670551	2.302777777777778
756	BGLOBIN	A	JCAA	post	1756	5.984939782439785	2.3097222222222222
757	BGLOBIN	A	JCAA	post	1757	5.726524864024864	2.2569444444444446
758	BGLOBIN	A	JCAA	post	1758	5.798547008547008	2.263888888888889
759	BGLOBIN	A	JCAA	post	1759	5.885885295260296	2.292361111111111
760	BGLOBIN	A	JCAA	post	1760	6.0189466783216785	2.33125
761	BGLOBIN	A	JCAA	post	1761	5.757808372183373	2.295138888888889
762	BGLOBIN	A	JCAA	post	1762	6.081561285936286	2.321527777777778
763	BGLOBIN	A	JCAA	post	1763	5.7943570318570305	2.2819444444444446
764	BGLOBIN	A	JCAA	post	1764	5.764654234654233	2.2694444444444444
765	BGLOBIN	A	JCAA	post	1765	5.712901612276616	2.3131944444444446
766	BGLOBIN	A	JCAA	post	1766	5.861899281274283	2.2798611111111113
767	BGLOBIN	A	JCAA	post	1767	5.897435411810413	2.3284722222222225
768	BGLOBIN	A	JCAA	post	1768	6.129860139860139	2.341666666666667
769	BGLOBIN	A	JCAA	post	1769	5.793938908313911	2.2840277777777778
770	BGLOBIN	A	JCAA	post	1770	5.778146367521366	2.2743055555555554
771	BGLOBIN	A	JCAA	post	1771	5.723771853146853	2.252083333333333
772	BGLOBIN	A	JCAA	post	1772	5.791176670551669	2.2534722222222223
773	BGLOBIN	A	JCAA	post	1773	6.0903724747474755	2.321527777777778
774	BGLOBIN	A	JCAA	post	1774	5.939393453768455	2.3159722222222223
775	BGLOBIN	A	JCAA	post	1775	5.877831682206681	2.3006944444444444
776	BGLOBIN	A	JCAA	post	1776	5.893053127428129	2.2826388888888887
777	BGLOBIN	A	JCAA	post	1777	6.139904817404818	2.3152777777777778
778	BGLOBIN	A	JCAA	post	1778	5.88099019036519	2.292361111111111
779	BGLOBIN	A	JCAA	post	1779	5.916409770784771	2.295138888888889
780	BGLOBIN	A	JCAA	post	1780	5.860738150738152	2.2805555555555554
781	BGLOBIN	A	JCAA	post	1781	5.808762626262628	2.2819444444444446
782	BGLOBIN	A	JCAA	post	1782	5.771875971250973	2.3090277777777777
783	BGLOBIN	A	JCAA	post	1783	5.966071775446777	2.303472222222222
784	BGLOBIN	A	JCAA	post	1784	5.858002622377625	2.310416666666667
785	BGLOBIN	A	JCAA	post	1785	5.787023601398603	2.2729166666666667
786	BGLOBIN	A	JCAA	post	1786	5.715240384615385	2.285416666666667
787	BGLOBIN	A	JCAA	post	1787	5.776402486402487	2.2694444444444444
788	BGLOBIN	A	JCAA	post	1788	5.768057498057498	2.286111111111111
789	BGLOBIN	A	JCAA	post	1789	5.9524820318570315	2.3131944444444446
790	BGLOBIN	A	JCAA	post	1790	5.870891608391609	2.2958333333333334
791	BGLOBIN	A	JCAA	post	1791	5.795520104895103	2.285416666666667
792	BGLOBIN	A	JCAA	post	1792	5.955290889665889	2.295138888888889
793	BGLOBIN	A	JCAA	post	1793	5.79052836052836	2.2805555555555554
794	BGLOBIN	A	JCAA	post	1794	5.780244269619267	2.2631944444444443
795	BGLOBIN	A	JCAA	post	1795	5.836332556332552	2.2944444444444443
796	BGLOBIN	A	JCAA	post	1796	5.8591953185703165	2.2868055555555555
797	BGLOBIN	A	JCAA	post	1797	5.862919580419581	2.3125
798	BGLOBIN	A	JCAA	post	1798	5.909521658896661	2.329861111111111
799	BGLOBIN	A	JCAA	post	1799	5.961339840714842	2.357638888888889
800	BGLOBIN	A	JCAA	post	1800	5.761841006216003	2.2784722222222222
801	BGLOBIN	A	JCAA	post	1801	6.043587801087803	2.3069444444444445
802	BGLOBIN	A	JCAA	post	1802	5.766596250971247	2.2784722222222222
803	BGLOBIN	A	JCAA	post	1803	5.8562932206682214	2.3118055555555554
804	BGLOBIN	A	JCAA	post	1804	5.89059829059829	2.2944444444444443
805	BGLOBIN	A	JCAA	post	1805	5.741289335664332	2.2729166666666667
806	BGLOBIN	A	JCAA	post	1806	5.833134712509713	2.290972222222222
807	BGLOBIN	A	JCAA	post	1807	5.960761460761462	2.3277777777777775
808	BGLOBIN	A	JCAA	post	1808	5.7073072066822075	2.2868055555555555
809	BGLOBIN	A	JCAA	post	1809	5.7937218337218335	2.288888888888889
810	BGLOBIN	A	JCAA	post	1810	5.968919968919966	2.3055555555555554
811	BGLOBIN	A	JCAA	post	1811	5.8286538461538475	2.2958333333333334
812	BGLOBIN	A	JCAA	post	1812	5.699311868686868	2.292361111111111
813	BGLOBIN	A	JCAA	post	1813	5.799813034188034	2.271527777777778
814	BGLOBIN	A	JCAA	post	1814	5.977148407148405	2.336111111111111
815	BGLOBIN	A	JCAA	post	1815	5.755100524475524	2.285416666666667
816	BGLOBIN	A	JCAA	post	1816	5.739702797202796	2.279166666666667
817	BGLOBIN	A	JCAA	post	1817	5.800349650349651	2.308333333333333
818	BGLOBIN	A	JCAA	post	1818	5.806379176379175	2.263888888888889
819	BGLOBIN	A	JCAA	post	1819	5.8008547008547	2.288888888888889
820	BGLOBIN	A	JCAA	post	1820	6.025437062937062	2.2874999999999996
821	BGLOBIN	A	JCAA	post	1821	5.81215034965035	2.3041666666666667
822	BGLOBIN	A	JCAA	post	1822	5.8352447552447515	2.283333333333333
823	BGLOBIN	A	JCAA	post	1823	5.961350038850038	2.3069444444444445
824	BGLOBIN	A	JCAA	post	1824	5.772023601398599	2.3187499999999996
825	BGLOBIN	A	JCAA	post	1825	5.822672882672886	2.3111111111111113
826	BGLOBIN	A	JCAA	post	1826	5.939405108780108	2.3256944444444443
827	BGLOBIN	A	JCAA	post	1827	5.814055944055941	2.2916666666666665
828	BGLOBIN	A	JCAA	post	1828	5.817853535353534	2.2819444444444446
829	BGLOBIN	A	JCAA	post	1829	5.849579933954935	2.3118055555555554
830	BGLOBIN	A	JCAA	post	1830	5.928107517482518	2.285416666666667
831	BGLOBIN	A	JCAA	post	1831	5.800510878010879	2.2680555555555557
832	BGLOBIN	A	JCAA	post	1832	5.630038850038847	2.2555555555555555
833	BGLOBIN	A	JCAA	post	1833	5.85066385003885	2.3131944444444446
834	BGLOBIN	A	JCAA	post	1834	5.743589257964256	2.271527777777778
835	BGLOBIN	A	JCAA	post	1835	5.825104895104891	2.308333333333333
836	BGLOBIN	A	JCAA	post	1836	5.8350738150738115	2.2944444444444443
837	BGLOBIN	A	JCAA	post	1837	6.049405108780111	2.3243055555555556
838	BGLOBIN	A	JCAA	post	1838	5.918723776223776	2.3125
839	BGLOBIN	A	JCAA	post	1839	5.844401223776221	2.2979166666666666
840	BGLOBIN	A	JCAA	post	1840	5.9033794677544655	2.321527777777778
841	BGLOBIN	A	JCAA	post	1841	5.927777777777775	2.336111111111111
842	BGLOBIN	A	JCAA	post	1842	5.817060994560995	2.276388888888889
843	BGLOBIN	A	JCAA	post	1843	5.807334887334884	2.2777777777777777
844	BGLOBIN	A	JCAA	post	1844	5.763251262626263	2.2756944444444445
845	BGLOBIN	A	JCAA	post	1845	5.966713286713286	2.3333333333333335
846	BGLOBIN	A	JCAA	post	1846	5.688946678321678	2.28125
847	BGLOBIN	A	JCAA	post	1847	6.038911713286715	2.3270833333333334
848	BGLOBIN	A	JCAA	post	1848	5.9137762237762255	2.325
849	BGLOBIN	A	JCAA	post	1849	5.897796717171721	2.2868055555555555
850	BGLOBIN	A	JCAA	post	1850	5.866416083916082	2.2708333333333335
851	BGLOBIN	A	JCAA	post	1851	5.682827797202799	2.2604166666666665
852	BGLOBIN	A	JCAA	post	1852	5.942323232323232	2.286111111111111
853	BGLOBIN	A	JCAA	post	1853	5.775493395493395	2.2944444444444443
854	BGLOBIN	A	JCAA	post	1854	6.091886169386169	2.326388888888889
855	BGLOBIN	A	JCAA	post	1855	5.888513986013985	2.3208333333333333
856	BGLOBIN	A	JCAA	post	1856	5.865380244755242	2.3020833333333335
857	BGLOBIN	A	JCAA	post	1857	5.809720279720283	2.2750000000000004
858	BGLOBIN	A	JCAA	post	1858	5.827948232323233	2.267361111111111
859	BGLOBIN	A	JCAA	post	1859	5.679440073815072	2.2618055555555556
860	BGLOBIN	A	JCAA	post	1860	5.8709790209790205	2.325
861	BGLOBIN	A	JCAA	post	1861	5.958332847707846	2.292361111111111
862	BGLOBIN	A	JCAA	post	1862	5.7262451437451425	2.2819444444444446
863	BGLOBIN	A	JCAA	post	1863	5.802299922299922	2.2777777777777777
864	BGLOBIN	A	JCAA	post	1864	5.890419580419579	2.2916666666666665
865	BGLOBIN	A	JCAA	post	1865	6.033828671328672	2.3208333333333333
866	BGLOBIN	A	JCAA	post	1866	6.002062451437453	2.3256944444444443
867	BGLOBIN	A	JCAA	post	1867	5.869368686868686	2.298611111111111
868	BGLOBIN	A	JCAA	post	1868	5.986048465423464	2.2868055555555555
869	BGLOBIN	A	JCAA	post	1869	5.814358488733491	2.2840277777777778
870	BGLOBIN	A	JCAA	post	1870	5.800869755244754	2.29375
871	BGLOBIN	A	JCAA	post	1871	5.894965034965036	2.3
872	BGLOBIN	A	JCAA	post	1872	5.755314199689199	2.2881944444444446
873	BGLOBIN	A	JCAA	post	1873	5.815395784770781	2.292361111111111
874	BGLOBIN	A	JCAA	post	1874	5.796013500388501	2.2881944444444446
875	BGLOBIN	A	JCAA	post	1875	5.846006216006216	2.2972222222222225
876	BGLOBIN	A	JCAA	post	1876	5.949135586635585	2.290277777777778
877	BGLOBIN	A	JCAA	post	1877	5.917237276612276	2.3131944444444446
878	BGLOBIN	A	JCAA	post	1878	5.969930069930069	2.3499999999999996
879	BGLOBIN	A	JCAA	post	1879	5.957936577311576	2.3243055555555556
880	BGLOBIN	A	JCAA	post	1880	5.9713209013209	2.302777777777778
881	BGLOBIN	A	JCAA	post	1881	5.769322066822069	2.2569444444444446
882	BGLOBIN	A	JCAA	post	1882	5.959702797202798	2.3041666666666667
883	BGLOBIN	A	JCAA	post	1883	5.760896950271951	2.2965277777777775
884	BGLOBIN	A	JCAA	post	1884	5.892026029526027	2.298611111111111
885	BGLOBIN	A	JCAA	post	1885	5.816988636363637	2.2979166666666666
886	BGLOBIN	A	JCAA	post	1886	5.814086538461539	2.277083333333333
887	BGLOBIN	A	JCAA	post	1887	5.730104409479406	2.2756944444444445
888	BGLOBIN	A	JCAA	post	1888	5.8910795454545415	2.29375
889	BGLOBIN	A	JCAA	post	1889	5.933861693861695	2.288888888888889
890	BGLOBIN	A	JCAA	post	1890	6.087967657342658	2.347916666666667
891	BGLOBIN	A	JCAA	post	1891	5.896864316239316	2.320138888888889
892	BGLOBIN	A	JCAA	post	1892	6.092862762237763	2.3187499999999996
893	BGLOBIN	A	JCAA	post	1893	5.950430749805752	2.320138888888889
894	BGLOBIN	A	JCAA	post	1894	5.7055458430458454	2.2680555555555557
895	BGLOBIN	A	JCAA	post	1895	5.8774805749805745	2.298611111111111
896	BGLOBIN	A	JCAA	post	1896	5.928803418803421	2.2972222222222225
897	BGLOBIN	A	JCAA	post	1897	5.822023601398599	2.2645833333333334
898	BGLOBIN	A	JCAA	post	1898	5.865825563325562	2.2819444444444446
899	BGLOBIN	A	JCAA	post	1899	5.759261363636367	2.2895833333333333
900	BGLOBIN	A	JCAA	post	1900	5.943142482517484	2.2979166666666666
901	BGLOBIN	A	JCAA	post	1901	5.856918706293707	2.28125
902	BGLOBIN	A	JCAA	post	1902	5.867264957264959	2.302777777777778
903	BGLOBIN	A	JCAA	post	1903	5.737563616938618	2.2798611111111113
904	BGLOBIN	A	JCAA	post	1904	5.914917929292927	2.2840277777777778
905	BGLOBIN	A	JCAA	post	1905	5.725157342657344	2.2625
906	BGLOBIN	A	JCAA	post	1906	5.861813811188811	2.28125
907	BGLOBIN	A	JCAA	post	1907	5.88796425796426	2.302777777777778
908	BGLOBIN	A	JCAA	post	1908	5.86675942113442	2.295138888888889
909	BGLOBIN	A	JCAA	post	1909	5.921526320901321	2.290972222222222
910	BGLOBIN	A	JCAA	post	1910	5.915633255633255	2.2944444444444443
911	BGLOBIN	A	JCAA	post	1911	5.905710470085467	2.332638888888889
912	BGLOBIN	A	JCAA	post	1912	5.835102952602948	2.301388888888889
913	BGLOBIN	A	JCAA	post	1913	6.017185314685309	2.3125
914	BGLOBIN	A	JCAA	post	1914	5.949661519036523	2.307638888888889
915	BGLOBIN	A	JCAA	post	1915	6.0591215034965025	2.3229166666666665
916	BGLOBIN	A	JCAA	post	1916	5.865017482517485	2.3291666666666666
917	BGLOBIN	A	JCAA	post	1917	5.765943570318569	2.2881944444444446
918	BGLOBIN	A	JCAA	post	1918	5.977902097902096	2.3
919	BGLOBIN	A	JCAA	post	1919	5.799904817404817	2.2652777777777775
920	BGLOBIN	A	JCAA	post	1920	5.7300305944055925	2.2895833333333333
921	BGLOBIN	A	JCAA	post	1921	6.081782731157734	2.3256944444444443
922	BGLOBIN	A	JCAA	post	1922	5.911093628593627	2.3152777777777778
923	BGLOBIN	A	JCAA	post	1923	5.9579676573426585	2.3020833333333335
924	BGLOBIN	A	JCAA	post	1924	5.868946678321675	2.285416666666667
925	BGLOBIN	A	JCAA	post	1925	5.709508547008548	2.276388888888889
926	BGLOBIN	A	JCAA	post	1926	5.7664680458430455	2.2868055555555555
927	BGLOBIN	A	JCAA	post	1927	5.879366258741257	2.3020833333333335
928	BGLOBIN	A	JCAA	post	1928	5.766604020979022	2.29375
929	BGLOBIN	A	JCAA	post	1929	5.859125388500386	2.3368055555555554
930	BGLOBIN	A	JCAA	post	1930	5.73723339160839	2.2604166666666665
931	BGLOBIN	A	JCAA	post	1931	5.819241938616939	2.2798611111111113
932	BGLOBIN	A	JCAA	post	1932	5.915260295260294	2.288888888888889
933	BGLOBIN	A	JCAA	post	1933	5.867457264957264	2.290277777777778
934	BGLOBIN	A	JCAA	post	1934	5.910302544677547	2.3159722222222223
935	BGLOBIN	A	JCAA	post	1935	5.775097125097124	2.2972222222222225
936	BGLOBIN	A	JCAA	post	1936	5.971095085470088	2.317361111111111
937	BGLOBIN	A	JCAA	post	1937	5.990558954933958	2.3006944444444444
938	BGLOBIN	A	JCAA	post	1938	6.043605283605285	2.3444444444444446
939	BGLOBIN	A	JCAA	post	1939	5.875885295260289	2.2798611111111113
940	BGLOBIN	A	JCAA	post	1940	5.602994852369852	2.259027777777778
941	BGLOBIN	A	JCAA	post	1941	5.916128593628591	2.290277777777778
942	BGLOBIN	A	JCAA	post	1942	5.760275349650346	2.28125
943	BGLOBIN	A	JCAA	post	1943	5.928841783216781	2.29375
944	BGLOBIN	A	JCAA	post	1944	6.002727272727272	2.308333333333333
945	BGLOBIN	A	JCAA	post	1945	5.8612567987568	2.301388888888889
946	BGLOBIN	A	JCAA	post	1946	5.8848208041958046	2.2979166666666666
947	BGLOBIN	A	JCAA	post	1947	6.018919968919968	2.3194444444444446
948	BGLOBIN	A	JCAA	post	1948	5.801396658896659	2.298611111111111
949	BGLOBIN	A	JCAA	post	1949	5.907128496503495	2.31875
950	BGLOBIN	A	JCAA	post	1950	5.733309537684541	2.2784722222222222
951	BGLOBIN	A	JCAA	post	1951	5.92263986013986	2.3041666666666667
952	BGLOBIN	A	JCAA	post	1952	5.79794823232323	2.2826388888888887
953	BGLOBIN	A	JCAA	post	1953	5.832632090132089	2.3152777777777778
954	BGLOBIN	A	JCAA	post	1954	6.0730531274281265	2.304861111111111
955	BGLOBIN	A	JCAA	post	1955	5.921350038850039	2.3069444444444445
956	BGLOBIN	A	JCAA	post	1956	5.924770784770783	2.288888888888889
957	BGLOBIN	A	JCAA	post	1957	5.9321634615384635	2.314583333333333
958	BGLOBIN	A	JCAA	post	1958	6.041304875679877	2.317361111111111
959	BGLOBIN	A	JCAA	post	1959	6.058583916083915	2.3291666666666666
960	BGLOBIN	A	JCAA	post	1960	5.948855866355864	2.3402777777777777
961	BGLOBIN	A	JCAA	post	1961	5.694265734265737	2.283333333333333
962	BGLOBIN	A	JCAA	post	1962	5.952165889665889	2.326388888888889
963	BGLOBIN	A	JCAA	post	1963	5.787878302253301	2.295138888888889
964	BGLOBIN	A	JCAA	post	1964	5.883422202797203	2.2979166666666666
965	BGLOBIN	A	JCAA	post	1965	5.75789772727273	2.285416666666667
966	BGLOBIN	A	JCAA	post	1966	6.013465423465421	2.3194444444444446
967	BGLOBIN	A	JCAA	post	1967	5.9522955516705505	2.3090277777777777
968	BGLOBIN	A	JCAA	post	1968	5.8154234654234624	2.2805555555555554
969	BGLOBIN	A	JCAA	post	1969	5.859019036519037	2.298611111111111
970	BGLOBIN	A	JCAA	post	1970	5.801800699300699	2.2958333333333334
971	BGLOBIN	A	JCAA	post	1971	5.745450174825173	2.285416666666667
972	BGLOBIN	A	JCAA	post	1972	5.949852369852372	2.322222222222222
973	BGLOBIN	A	JCAA	post	1973	5.822696192696194	2.2805555555555554
974	BGLOBIN	A	JCAA	post	1974	5.859568278943281	2.3090277777777777
975	BGLOBIN	A	JCAA	post	1975	5.743158022533019	2.2798611111111113
976	BGLOBIN	A	JCAA	post	1976	5.873098290598293	2.2680555555555557
977	BGLOBIN	A	JCAA	post	1977	5.7090671134421145	2.267361111111111
978	BGLOBIN	A	JCAA	post	1978	6.026416083916084	2.3291666666666666
979	BGLOBIN	A	JCAA	post	1979	5.646136363636363	2.2958333333333334
980	BGLOBIN	A	JCAA	post	1980	5.756036810411812	2.2840277777777778
981	BGLOBIN	A	JCAA	post	1981	6.069032148407152	2.3423611111111113
982	BGLOBIN	A	JCAA	post	1982	5.784566822066819	2.2819444444444446
983	BGLOBIN	A	JCAA	post	1983	5.787889957264958	2.2965277777777775
984	BGLOBIN	A	JCAA	post	1984	5.8677078477078455	2.3111111111111113
985	BGLOBIN	A	JCAA	post	1985	5.812165889665892	2.298611111111111
986	BGLOBIN	A	JCAA	post	1986	6.022548076923075	2.339583333333333
987	BGLOBIN	A	JCAA	post	1987	5.802443181818178	2.2979166666666666
988	BGLOBIN	A	JCAA	post	1988	5.935205419580421	2.310416666666667
989	BGLOBIN	A	JCAA	post	1989	5.806211635586639	2.2965277777777775
990	BGLOBIN	A	JCAA	post	1990	5.8898208041958044	2.3062500000000004
991	BGLOBIN	A	JCAA	post	1991	5.860837218337222	2.276388888888889
992	BGLOBIN	A	JCAA	post	1992	5.949137043512044	2.295138888888889
993	BGLOBIN	A	JCAA	post	1993	5.962272241647243	2.3131944444444446
994	BGLOBIN	A	JCAA	post	1994	5.960372474747473	2.3159722222222223
995	BGLOBIN	A	JCAA	post	1995	5.882548076923076	2.29375
996	BGLOBIN	A	JCAA	post	1996	5.7794794094794115	2.2694444444444444
997	BGLOBIN	A	JCAA	post	1997	5.892119269619269	2.2930555555555556
998	BGLOBIN	A	JCAA	post	1998	5.964939782439782	2.3402777777777777
999	BGLOBIN	A	JCAA	post	1999	5.733729118104119	2.2784722222222222
1000	BGLOBIN	A	JCAA	pred	1000	0.210534188034188	2.259722222222222
1001	BGLOBIN	A	JCAA	pred	1001	0.19569493006993013	2.0729166666666665
1002	BGLOBIN	A	JCAA	pred	1002	0.2518060411810412	2.259027777777778
1003	BGLOBIN	A	JCAA	pred	1003	0.21251311188811184	2.497916666666667
1004	BGLOBIN	A	JCAA	pred	1004	0.2241215034965036	2.33125
1005	BGLOBIN	A	JCAA	pred	1005	0.1803841297591297	2.2631944444444443
1006	BGLOBIN	A	JCAA	pred	1006	0.267610236985237	2.396527777777778
1007	BGLOBIN	A	JCAA	pred	1007	0.2991836635586636	2.4340277777777777
1008	BGLOBIN	A	JCAA	pred	1008	0.2642963286713286	2.4770833333333333
1009	BGLOBIN	A	JCAA	pred	1009	0.2482517482517484	2.433333333333333
1010	BGLOBIN	A	JCAA	pred	1010	0.21038412975912965	2.2868055555555555
1011	BGLOBIN	A	JCAA	pred	1011	0.28440122377622373	2.2979166666666666
1012	BGLOBIN	A	JCAA	pred	1012	0.24654963092463106	2.245138888888889
1013	BGLOBIN	A	JCAA	pred	1013	0.22470813908313914	2.3159722222222223
1014	BGLOBIN	A	JCAA	pred	1014	0.19882672882672897	2.086111111111111
1015	BGLOBIN	A	JCAA	pred	1015	0.28158313908313887	2.459722222222222
1016	BGLOBIN	A	JCAA	pred	1016	0.22640977078477073	2.545138888888889
1017	BGLOBIN	A	JCAA	pred	1017	0.24322795260295252	2.370138888888889
1018	BGLOBIN	A	JCAA	pred	1018	0.2266822066822068	2.1444444444444444
1019	BGLOBIN	A	JCAA	pred	1019	0.17716346153846144	2.0770833333333334
1020	BGLOBIN	A	JCAA	pred	1020	0.2202326146076145	2.2159722222222222
1021	BGLOBIN	A	JCAA	pred	1021	0.21586635586635597	2.1277777777777778
1022	BGLOBIN	A	JCAA	pred	1022	0.2340481740481741	2.0777777777777775
1023	BGLOBIN	A	JCAA	pred	1023	0.2641486985236985	2.4715277777777778
1024	BGLOBIN	A	JCAA	pred	1024	0.24246891996891987	2.1430555555555557
1025	BGLOBIN	A	JCAA	pred	1025	0.2291914335664335	2.14375
1026	BGLOBIN	A	JCAA	pred	1026	0.27013548951048955	2.3979166666666667
1027	BGLOBIN	A	JCAA	pred	1027	0.2093006993006993	2.2083333333333335
1028	BGLOBIN	A	JCAA	pred	1028	0.23149912587412597	2.3270833333333334
1029	BGLOBIN	A	JCAA	pred	1029	0.23036081973581973	2.370138888888889
1030	BGLOBIN	A	JCAA	pred	1030	0.2598523698523699	2.4027777777777777
1031	BGLOBIN	A	JCAA	pred	1031	0.19818133255633263	2.3381944444444445
1032	BGLOBIN	A	JCAA	pred	1032	0.22671134421134415	2.226388888888889
1033	BGLOBIN	A	JCAA	pred	1033	0.2157031857031857	2.2194444444444446
1034	BGLOBIN	A	JCAA	pred	1034	0.21013209013209005	2.1722222222222225
1035	BGLOBIN	A	JCAA	pred	1035	0.21840277777777775	2.079861111111111
1036	BGLOBIN	A	JCAA	pred	1036	0.23243006993007007	2.254166666666667
1037	BGLOBIN	A	JCAA	pred	1037	0.21356449106449107	2.526388888888889
1038	BGLOBIN	A	JCAA	pred	1038	0.23393890831390848	2.271527777777778
1039	BGLOBIN	A	JCAA	pred	1039	0.20419143356643363	2.247916666666667
1040	BGLOBIN	A	JCAA	pred	1040	0.23340909090909095	2.254166666666667
1041	BGLOBIN	A	JCAA	pred	1041	0.23765297202797211	2.40625
1042	BGLOBIN	A	JCAA	pred	1042	0.215605574980575	2.357638888888889
1043	BGLOBIN	A	JCAA	pred	1043	0.21377573815073808	2.3006944444444444
1044	BGLOBIN	A	JCAA	pred	1044	0.22435120435120434	2.338888888888889
1045	BGLOBIN	A	JCAA	pred	1045	0.24234217171717173	2.2631944444444443
1046	BGLOBIN	A	JCAA	pred	1046	0.21705856643356627	2.285416666666667
1047	BGLOBIN	A	JCAA	pred	1047	0.2937368881118883	2.3604166666666666
1048	BGLOBIN	A	JCAA	pred	1048	0.21807643745143745	2.3131944444444446
1049	BGLOBIN	A	JCAA	pred	1049	0.241520979020979	2.504166666666667
1050	BGLOBIN	A	JCAA	pred	1050	0.20342220279720286	2.2979166666666666
1051	BGLOBIN	A	JCAA	pred	1051	0.2421634615384616	2.1979166666666665
1052	BGLOBIN	A	JCAA	pred	1052	0.26216006216006216	2.177777777777778
1053	BGLOBIN	A	JCAA	pred	1053	0.19125097125097132	2.2777777777777777
1054	BGLOBIN	A	JCAA	pred	1054	0.22973581973581975	2.1861111111111113
1055	BGLOBIN	A	JCAA	pred	1055	0.22346105283605303	2.2368055555555557
1056	BGLOBIN	A	JCAA	pred	1056	0.2358197358197358	2.411111111111111
1057	BGLOBIN	A	JCAA	pred	1057	0.19929632867132888	2.1187500000000004
1058	BGLOBIN	A	JCAA	pred	1058	0.20580419580419582	2.175
1059	BGLOBIN	A	JCAA	pred	1059	0.15742375679875684	2.079861111111111
1060	BGLOBIN	A	JCAA	pred	1060	0.1977229020979021	2.2437500000000004
1061	BGLOBIN	A	JCAA	pred	1061	0.19223776223776223	2.125
1062	BGLOBIN	A	JCAA	pred	1062	0.21440122377622386	2.3187499999999996
1063	BGLOBIN	A	JCAA	pred	1063	0.20983488733488725	2.0902777777777777
1064	BGLOBIN	A	JCAA	pred	1064	0.19550699300699315	2.0374999999999996
1065	BGLOBIN	A	JCAA	pred	1065	0.1890671134421134	2.167361111111111
1066	BGLOBIN	A	JCAA	pred	1066	0.22804195804195793	2.2249999999999996
1067	BGLOBIN	A	JCAA	pred	1067	0.22194055944055946	2.220833333333333
1068	BGLOBIN	A	JCAA	pred	1068	0.2989738733488733	2.571527777777778
1069	BGLOBIN	A	JCAA	pred	1069	0.20943278943278948	2.1277777777777778
1070	BGLOBIN	A	JCAA	pred	1070	0.20775446775446782	2.227777777777778
1071	BGLOBIN	A	JCAA	pred	1071	0.20731740481740488	2.084722222222222
1072	BGLOBIN	A	JCAA	pred	1072	0.23072989510489503	2.310416666666667
1073	BGLOBIN	A	JCAA	pred	1073	0.3006818181818184	2.529166666666667
1074	BGLOBIN	A	JCAA	pred	1074	0.26940510878010865	2.5243055555555554
1075	BGLOBIN	A	JCAA	pred	1075	0.22358925796425783	2.415972222222222
1076	BGLOBIN	A	JCAA	pred	1076	0.19793269230769242	2.1729166666666666
1077	BGLOBIN	A	JCAA	pred	1077	0.20284333721833708	2.004861111111111
1078	BGLOBIN	A	JCAA	pred	1078	0.23726835664335674	2.23125
1079	BGLOBIN	A	JCAA	pred	1079	0.23266851204351197	2.357638888888889
1080	BGLOBIN	A	JCAA	pred	1080	0.1907648601398601	2.214583333333333
1081	BGLOBIN	A	JCAA	pred	1081	0.3208852952602951	2.582638888888889
1082	BGLOBIN	A	JCAA	pred	1082	0.22155400155400165	2.261111111111111
1083	BGLOBIN	A	JCAA	pred	1083	0.2141239316239315	2.2486111111111113
1084	BGLOBIN	A	JCAA	pred	1084	0.23648601398601385	2.2708333333333335
1085	BGLOBIN	A	JCAA	pred	1085	0.24465423465423472	2.3805555555555555
1086	BGLOBIN	A	JCAA	pred	1086	0.2302544677544677	2.209722222222222
1087	BGLOBIN	A	JCAA	pred	1087	0.2134222027972027	2.252083333333333
1088	BGLOBIN	A	JCAA	pred	1088	0.26193424630924655	2.3451388888888887
1089	BGLOBIN	A	JCAA	pred	1089	0.2566894910644912	2.204861111111111
1090	BGLOBIN	A	JCAA	pred	1090	0.18203914141414151	1.9798611111111113
1091	BGLOBIN	A	JCAA	pred	1091	0.24174048174048182	2.2777777777777777
1092	BGLOBIN	A	JCAA	pred	1092	0.23800262237762235	2.222916666666667
1093	BGLOBIN	A	JCAA	pred	1093	0.24081536519036525	2.332638888888889
1094	BGLOBIN	A	JCAA	pred	1094	0.22969648407148402	2.417361111111111
1095	BGLOBIN	A	JCAA	pred	1095	0.23125874125874116	2.308333333333333
1096	BGLOBIN	A	JCAA	pred	1096	0.20814248251748252	2.39375
1097	BGLOBIN	A	JCAA	pred	1097	0.18460761460761468	2.2972222222222225
1098	BGLOBIN	A	JCAA	pred	1098	0.2496382090132091	2.353472222222222
1099	BGLOBIN	A	JCAA	pred	1099	0.2794327894327895	2.5472222222222225
1100	BGLOBIN	A	JCAA	pred	1100	0.2439160839160838	2.2666666666666666
1101	BGLOBIN	A	JCAA	pred	1101	0.30498785936285944	2.2840277777777778
1102	BGLOBIN	A	JCAA	pred	1102	0.2561494755244754	2.464583333333333
1103	BGLOBIN	A	JCAA	pred	1103	0.22006216006216003	2.4222222222222225
1104	BGLOBIN	A	JCAA	pred	1104	0.19443618881118868	2.3270833333333334
1105	BGLOBIN	A	JCAA	pred	1105	0.20763791763791747	2.213888888888889
1106	BGLOBIN	A	JCAA	pred	1106	0.19182935120435118	2.320138888888889
1107	BGLOBIN	A	JCAA	pred	1107	0.1637873931623932	2.270138888888889
1108	BGLOBIN	A	JCAA	pred	1108	0.3453127428127431	2.6263888888888887
1109	BGLOBIN	A	JCAA	pred	1109	0.2222605866355866	2.334027777777778
1110	BGLOBIN	A	JCAA	pred	1110	0.21723727661227646	2.2243055555555555
1111	BGLOBIN	A	JCAA	pred	1111	0.1910489510489511	2.2333333333333334
1112	BGLOBIN	A	JCAA	pred	1112	0.1980298174048176	2.1534722222222222
1113	BGLOBIN	A	JCAA	pred	1113	0.21718531468531466	2.3125
1114	BGLOBIN	A	JCAA	pred	1114	0.1680375874125874	2.1645833333333333
1115	BGLOBIN	A	JCAA	pred	1115	0.22665889665889655	2.263888888888889
1116	BGLOBIN	A	JCAA	pred	1116	0.23223776223776224	2.408333333333333
1117	BGLOBIN	A	JCAA	pred	1117	0.23494123931623936	2.054861111111111
1118	BGLOBIN	A	JCAA	pred	1118	0.20811140248640247	2.4618055555555554
1119	BGLOBIN	A	JCAA	pred	1119	0.24990627428127438	2.367361111111111
1120	BGLOBIN	A	JCAA	pred	1120	0.2772333916083915	2.4604166666666667
1121	BGLOBIN	A	JCAA	pred	1121	0.18910207847707844	1.992361111111111
1122	BGLOBIN	A	JCAA	pred	1122	0.24029526029526044	2.1888888888888887
1123	BGLOBIN	A	JCAA	pred	1123	0.2599922299922301	2.352777777777778
1124	BGLOBIN	A	JCAA	pred	1124	0.2044755244755245	2.3
1125	BGLOBIN	A	JCAA	pred	1125	0.2434887334887335	2.3472222222222223
1126	BGLOBIN	A	JCAA	pred	1126	0.25671328671328675	2.5083333333333333
1127	BGLOBIN	A	JCAA	pred	1127	0.155982905982906	2.2805555555555554
1128	BGLOBIN	A	JCAA	pred	1128	0.25843774281274307	2.245138888888889
1129	BGLOBIN	A	JCAA	pred	1129	0.21864753302253317	2.4048611111111113
1130	BGLOBIN	A	JCAA	pred	1130	0.2475038850038849	2.3069444444444445
1131	BGLOBIN	A	JCAA	pred	1131	0.18079059829059824	2.3069444444444445
1132	BGLOBIN	A	JCAA	pred	1132	0.25265734265734263	2.308333333333333
1133	BGLOBIN	A	JCAA	pred	1133	0.25827311577311574	2.5430555555555556
1134	BGLOBIN	A	JCAA	pred	1134	0.2733022533022532	2.361111111111111
1135	BGLOBIN	A	JCAA	pred	1135	0.18327457264957261	2.259027777777778
1136	BGLOBIN	A	JCAA	pred	1136	0.25114947552447553	2.2104166666666667
1137	BGLOBIN	A	JCAA	pred	1137	0.27378739316239337	2.320138888888889
1138	BGLOBIN	A	JCAA	pred	1138	0.19264957264957266	2.1277777777777778
1139	BGLOBIN	A	JCAA	pred	1139	0.23727224164724167	2.4006944444444445
1140	BGLOBIN	A	JCAA	pred	1140	0.2882964257964258	2.459722222222222
1141	BGLOBIN	A	JCAA	pred	1141	0.2387237762237762	2.4291666666666667
1142	BGLOBIN	A	JCAA	pred	1142	0.17816967754467758	2.0465277777777775
1143	BGLOBIN	A	JCAA	pred	1143	0.2618006993006993	2.2291666666666665
1144	BGLOBIN	A	JCAA	pred	1144	0.2147707847707847	2.386111111111111
1145	BGLOBIN	A	JCAA	pred	1145	0.21439345376845362	2.2465277777777777
1146	BGLOBIN	A	JCAA	pred	1146	0.25209790209790217	2.341666666666667
1147	BGLOBIN	A	JCAA	pred	1147	0.22013791763791754	2.301388888888889
1148	BGLOBIN	A	JCAA	pred	1148	0.21188034188034177	2.2472222222222222
1149	BGLOBIN	A	JCAA	pred	1149	0.2403141996891995	2.1756944444444444
1150	BGLOBIN	A	JCAA	pred	1150	0.2104190947940948	2.2006944444444443
1151	BGLOBIN	A	JCAA	pred	1151	0.26877185314685303	2.3895833333333334
1152	BGLOBIN	A	JCAA	pred	1152	0.22314248251748248	2.3354166666666667
1153	BGLOBIN	A	JCAA	pred	1153	0.22773844211344216	2.2826388888888887
1154	BGLOBIN	A	JCAA	pred	1154	0.2704074397824397	2.2965277777777775
1155	BGLOBIN	A	JCAA	pred	1155	0.24596542346542344	2.2180555555555554
1156	BGLOBIN	A	JCAA	pred	1156	0.2713267288267288	2.548611111111111
1157	BGLOBIN	A	JCAA	pred	1157	0.20804147241647228	2.3006944444444444
1158	BGLOBIN	A	JCAA	pred	1158	0.22613636363636347	2.345833333333333
1159	BGLOBIN	A	JCAA	pred	1159	0.29535353535353515	2.2944444444444443
1160	BGLOBIN	A	JCAA	pred	1160	0.23285936285936287	1.9527777777777777
1161	BGLOBIN	A	JCAA	pred	1161	0.223479020979021	2.2625
1162	BGLOBIN	A	JCAA	pred	1162	0.17882672882672881	2.213888888888889
1163	BGLOBIN	A	JCAA	pred	1163	0.21458430458430458	2.3694444444444445
1164	BGLOBIN	A	JCAA	pred	1164	0.23270347707847708	2.232638888888889
1165	BGLOBIN	A	JCAA	pred	1165	0.24099456099456104	2.411111111111111
1166	BGLOBIN	A	JCAA	pred	1166	0.1952272727272727	2.220833333333333
1167	BGLOBIN	A	JCAA	pred	1167	0.18929632867132865	2.16875
1168	BGLOBIN	A	JCAA	pred	1168	0.18815073815073813	2.1805555555555554
1169	BGLOBIN	A	JCAA	pred	1169	0.22726058663558665	2.3465277777777778
1170	BGLOBIN	A	JCAA	pred	1170	0.21720279720279717	2.4166666666666665
1171	BGLOBIN	A	JCAA	pred	1171	0.23244706682206687	2.1618055555555555
1172	BGLOBIN	A	JCAA	pred	1172	0.2714685314685315	2.283333333333333
1173	BGLOBIN	A	JCAA	pred	1173	0.24389228826728823	2.454861111111111
1174	BGLOBIN	A	JCAA	pred	1174	0.19414141414141423	2.288888888888889
1175	BGLOBIN	A	JCAA	pred	1175	0.22824737762237773	2.347916666666667
1176	BGLOBIN	A	JCAA	pred	1176	0.20595522533022528	2.357638888888889
1177	BGLOBIN	A	JCAA	pred	1177	0.1974121017871018	2.2993055555555557
1178	BGLOBIN	A	JCAA	pred	1178	0.19459158896658893	2.382638888888889
1179	BGLOBIN	A	JCAA	pred	1179	0.22417832167832155	2.4791666666666665
1180	BGLOBIN	A	JCAA	pred	1180	0.21195804195804188	2.5083333333333333
1181	BGLOBIN	A	JCAA	pred	1181	0.21636169386169393	2.351388888888889
1182	BGLOBIN	A	JCAA	pred	1182	0.22674776612276606	2.2868055555555555
1183	BGLOBIN	A	JCAA	pred	1183	0.25335227272727273	2.402083333333333
1184	BGLOBIN	A	JCAA	pred	1184	0.25253885003885	2.2180555555555554
1185	BGLOBIN	A	JCAA	pred	1185	0.24714840714840702	2.1888888888888887
1186	BGLOBIN	A	JCAA	pred	1186	0.2414291958041958	2.3604166666666666
1187	BGLOBIN	A	JCAA	pred	1187	0.2017089160839162	2.2270833333333333
1188	BGLOBIN	A	JCAA	pred	1188	0.2132692307692308	2.1125
1189	BGLOBIN	A	JCAA	pred	1189	0.23469648407148413	2.270138888888889
1190	BGLOBIN	A	JCAA	pred	1190	0.18815656565656563	2.0597222222222222
1191	BGLOBIN	A	JCAA	pred	1191	0.20600621600621602	2.052777777777778
1192	BGLOBIN	A	JCAA	pred	1192	0.23412393162393166	2.351388888888889
1193	BGLOBIN	A	JCAA	pred	1193	0.24957264957264969	2.477777777777778
1194	BGLOBIN	A	JCAA	pred	1194	0.23696775446775445	2.1902777777777778
1195	BGLOBIN	A	JCAA	pred	1195	0.2568745143745146	2.2819444444444446
1196	BGLOBIN	A	JCAA	pred	1196	0.3189257964257963	2.615277777777778
1197	BGLOBIN	A	JCAA	pred	1197	0.24055944055944056	2.2
1198	BGLOBIN	A	JCAA	pred	1198	0.2296809440559441	2.39375
1199	BGLOBIN	A	JCAA	pred	1199	0.20859362859362868	2.4222222222222225
1200	BGLOBIN	A	JCAA	pred	1200	0.22964597902097905	2.21875
1201	BGLOBIN	A	JCAA	pred	1201	0.2472023115773116	2.2993055555555557
1202	BGLOBIN	A	JCAA	pred	1202	0.27995143745143725	2.5319444444444446
1203	BGLOBIN	A	JCAA	pred	1203	0.22611839549339557	2.1256944444444446
1204	BGLOBIN	A	JCAA	pred	1204	0.24384615384615382	2.425
1205	BGLOBIN	A	JCAA	pred	1205	0.26685120435120435	2.448611111111111
1206	BGLOBIN	A	JCAA	pred	1206	0.21831390831390834	2.4972222222222222
1207	BGLOBIN	A	JCAA	pred	1207	0.21989898989898987	2.3305555555555557
1208	BGLOBIN	A	JCAA	pred	1208	0.22905545843045846	2.2368055555555557
1209	BGLOBIN	A	JCAA	pred	1209	0.1978069153069153	2.2152777777777777
1210	BGLOBIN	A	JCAA	pred	1210	0.20032585470085468	2.2826388888888887
1211	BGLOBIN	A	JCAA	pred	1211	0.23964257964257965	2.3277777777777775
1212	BGLOBIN	A	JCAA	pred	1212	0.20808080808080812	2.3055555555555554
1213	BGLOBIN	A	JCAA	pred	1213	0.24239316239316228	2.261111111111111
1214	BGLOBIN	A	JCAA	pred	1214	0.2684144327894328	2.5659722222222223
1215	BGLOBIN	A	JCAA	pred	1215	0.2565845959595959	2.442361111111111
1216	BGLOBIN	A	JCAA	pred	1216	0.23734071484071484	2.423611111111111
1217	BGLOBIN	A	JCAA	pred	1217	0.21169386169386178	2.363888888888889
1218	BGLOBIN	A	JCAA	pred	1218	0.2620959595959597	2.301388888888889
1219	BGLOBIN	A	JCAA	pred	1219	0.24966151903651895	2.570138888888889
1220	BGLOBIN	A	JCAA	pred	1220	0.20143308080808076	2.2868055555555555
1221	BGLOBIN	A	JCAA	pred	1221	0.2564860139860139	2.120833333333333
1222	BGLOBIN	A	JCAA	pred	1222	0.24276612276612286	2.4055555555555554
1223	BGLOBIN	A	JCAA	pred	1223	0.19100961538461536	2.0770833333333334
1224	BGLOBIN	A	JCAA	pred	1224	0.18416035353535362	2.1256944444444446
1225	BGLOBIN	A	JCAA	pred	1225	0.26314685314685315	2.2916666666666665
1226	BGLOBIN	A	JCAA	pred	1226	0.21906565656565652	2.2652777777777775
1227	BGLOBIN	A	JCAA	pred	1227	0.20927544677544682	2.259722222222222
1228	BGLOBIN	A	JCAA	pred	1228	0.21173076923076925	2.254166666666667
1229	BGLOBIN	A	JCAA	pred	1229	0.2618628593628592	2.1902777777777778
1230	BGLOBIN	A	JCAA	pred	1230	0.2689957264957263	2.459722222222222
1231	BGLOBIN	A	JCAA	pred	1231	0.22461344211344206	2.2513888888888887
1232	BGLOBIN	A	JCAA	pred	1232	0.23998251748251764	2.245833333333333
1233	BGLOBIN	A	JCAA	pred	1233	0.20898552836052836	2.1756944444444444
1234	BGLOBIN	A	JCAA	pred	1234	0.17141414141414116	1.9861111111111112
1235	BGLOBIN	A	JCAA	pred	1235	0.2141720085470085	2.2826388888888887
1236	BGLOBIN	A	JCAA	pred	1236	0.20391608391608385	2.0833333333333335
1237	BGLOBIN	A	JCAA	pred	1237	0.2525869269619271	2.2506944444444446
1238	BGLOBIN	A	JCAA	pred	1238	0.2255769230769231	2.2708333333333335
1239	BGLOBIN	A	JCAA	pred	1239	0.26882672882672864	2.511111111111111
1240	BGLOBIN	A	JCAA	pred	1240	0.21578671328671334	2.0208333333333335
1241	BGLOBIN	A	JCAA	pred	1241	0.19565996503496486	2.185416666666667
1242	BGLOBIN	A	JCAA	pred	1242	0.17667783605283607	2.3868055555555556
1243	BGLOBIN	A	JCAA	pred	1243	0.2261300505050506	2.3451388888888887
1244	BGLOBIN	A	JCAA	pred	1244	0.17896658896658904	2.0638888888888887
1245	BGLOBIN	A	JCAA	pred	1245	0.18759712509712506	2.459722222222222
1246	BGLOBIN	A	JCAA	pred	1246	0.22041958041958049	2.3
1247	BGLOBIN	A	JCAA	pred	1247	0.19180604118104122	2.0965277777777778
1248	BGLOBIN	A	JCAA	pred	1248	0.2723072066822067	2.5381944444444446
1249	BGLOBIN	A	JCAA	pred	1249	0.2465030108780109	2.4118055555555555
1250	BGLOBIN	A	JCAA	pred	1250	0.2229195804195805	2.4791666666666665
1251	BGLOBIN	A	JCAA	pred	1251	0.2506993006993007	2.375
1252	BGLOBIN	A	JCAA	pred	1252	0.2730375874125874	2.3604166666666666
1253	BGLOBIN	A	JCAA	pred	1253	0.21542346542346544	2.3694444444444445
1254	BGLOBIN	A	JCAA	pred	1254	0.21252865190365186	2.2201388888888887
1255	BGLOBIN	A	JCAA	pred	1255	0.21513548951048958	2.29375
1256	BGLOBIN	A	JCAA	pred	1256	0.22220668220668252	2.4555555555555557
1257	BGLOBIN	A	JCAA	pred	1257	0.29893890831390824	2.5034722222222223
1258	BGLOBIN	A	JCAA	pred	1258	0.24180604118104115	2.3465277777777778
1259	BGLOBIN	A	JCAA	pred	1259	0.21123348873348866	2.4347222222222222
1260	BGLOBIN	A	JCAA	pred	1260	0.19390394327894325	2.240972222222222
1261	BGLOBIN	A	JCAA	pred	1261	0.20166083916083902	2.1958333333333333
1262	BGLOBIN	A	JCAA	pred	1262	0.17695367132867132	2.20625
1263	BGLOBIN	A	JCAA	pred	1263	0.230611888111888	2.379166666666667
1264	BGLOBIN	A	JCAA	pred	1264	0.2097882672882673	2.401388888888889
1265	BGLOBIN	A	JCAA	pred	1265	0.2355201048951051	2.3854166666666665
1266	BGLOBIN	A	JCAA	pred	1266	0.21883255633255638	2.3069444444444445
1267	BGLOBIN	A	JCAA	pred	1267	0.2709712509712509	2.2777777777777777
1268	BGLOBIN	A	JCAA	pred	1268	0.20149912587412575	2.34375
1269	BGLOBIN	A	JCAA	pred	1269	0.1983916083916084	2.158333333333333
1270	BGLOBIN	A	JCAA	pred	1270	0.23821241258741252	2.3604166666666666
1271	BGLOBIN	A	JCAA	pred	1271	0.20080371017871018	2.4256944444444444
1272	BGLOBIN	A	JCAA	pred	1272	0.21384615384615388	2.45
1273	BGLOBIN	A	JCAA	pred	1273	0.2632167832167833	2.316666666666667
1274	BGLOBIN	A	JCAA	pred	1274	0.23595959595959604	2.4388888888888887
1275	BGLOBIN	A	JCAA	pred	1275	0.2140773115773116	2.2319444444444443
1276	BGLOBIN	A	JCAA	pred	1276	0.2606818181818182	2.3541666666666665
1277	BGLOBIN	A	JCAA	pred	1277	0.22859702797202802	2.3979166666666667
1278	BGLOBIN	A	JCAA	pred	1278	0.22836052836052817	2.3444444444444446
1279	BGLOBIN	A	JCAA	pred	1279	0.21234217171717162	2.2243055555555555
1280	BGLOBIN	A	JCAA	pred	1280	0.20191870629370628	2.377083333333333
1281	BGLOBIN	A	JCAA	pred	1281	0.2485620629370629	2.5062499999999996
1282	BGLOBIN	A	JCAA	pred	1282	0.2954074397824397	2.321527777777778
1283	BGLOBIN	A	JCAA	pred	1283	0.21107177544677536	2.2215277777777778
1284	BGLOBIN	A	JCAA	pred	1284	0.20031857031857017	2.4194444444444443
1285	BGLOBIN	A	JCAA	pred	1285	0.2249256993006993	2.2604166666666665
1286	BGLOBIN	A	JCAA	pred	1286	0.21482468919968917	2.1506944444444445
1287	BGLOBIN	A	JCAA	pred	1287	0.24290598290598298	2.4944444444444445
1288	BGLOBIN	A	JCAA	pred	1288	0.21978583916083916	2.2354166666666666
1289	BGLOBIN	A	JCAA	pred	1289	0.2922066822066822	2.4305555555555554
1290	BGLOBIN	A	JCAA	pred	1290	0.22066822066822062	2.4444444444444446
1291	BGLOBIN	A	JCAA	pred	1291	0.26034188034188027	2.3277777777777775
1292	BGLOBIN	A	JCAA	pred	1292	0.257527195027195	2.4847222222222225
1293	BGLOBIN	A	JCAA	pred	1293	0.2187567987567988	2.0611111111111113
1294	BGLOBIN	A	JCAA	pred	1294	0.1865734265734265	2.2
1295	BGLOBIN	A	JCAA	pred	1295	0.19128156565656582	2.1715277777777775
1296	BGLOBIN	A	JCAA	pred	1296	0.2556643356643357	2.2666666666666666
1297	BGLOBIN	A	JCAA	pred	1297	0.23036519036519054	2.411111111111111
1298	BGLOBIN	A	JCAA	pred	1298	0.18925359362859348	2.178472222222222
1299	BGLOBIN	A	JCAA	pred	1299	0.21713286713286697	2.308333333333333
1300	BGLOBIN	A	JCAA	pred	1300	0.2530982905982905	2.3069444444444445
1301	BGLOBIN	A	JCAA	pred	1301	0.2546678321678321	2.4375
1302	BGLOBIN	A	JCAA	pred	1302	0.2001393745143745	2.0506944444444444
1303	BGLOBIN	A	JCAA	pred	1303	0.2457998251748252	2.3354166666666667
1304	BGLOBIN	A	JCAA	pred	1304	0.25298951048951046	2.3291666666666666
1305	BGLOBIN	A	JCAA	pred	1305	0.21377185314685318	2.2020833333333334
1306	BGLOBIN	A	JCAA	pred	1306	0.24717754467754469	2.1847222222222222
1307	BGLOBIN	A	JCAA	pred	1307	0.23314636752136747	2.3618055555555557
1308	BGLOBIN	A	JCAA	pred	1308	0.20256216006216002	2.2347222222222225
1309	BGLOBIN	A	JCAA	pred	1309	0.2468138111888112	2.377083333333333
1310	BGLOBIN	A	JCAA	pred	1310	0.28110139860139877	2.4375
1311	BGLOBIN	A	JCAA	pred	1311	0.18346542346542347	2.1555555555555554
1312	BGLOBIN	A	JCAA	pred	1312	0.19941676379176393	2.254861111111111
1313	BGLOBIN	A	JCAA	pred	1313	0.21889665889665874	2.211111111111111
1314	BGLOBIN	A	JCAA	pred	1314	0.20319930069930073	2.095833333333333
1315	BGLOBIN	A	JCAA	pred	1315	0.2969886363636363	2.402083333333333
1316	BGLOBIN	A	JCAA	pred	1316	0.2114607614607614	2.397222222222222
1317	BGLOBIN	A	JCAA	pred	1317	0.21530254467754475	2.4965277777777777
1318	BGLOBIN	A	JCAA	pred	1318	0.2742613636363636	2.6187500000000004
1319	BGLOBIN	A	JCAA	pred	1319	0.2588325563325564	2.4680555555555554
1320	BGLOBIN	A	JCAA	pred	1320	0.17278506216006217	2.2034722222222225
1321	BGLOBIN	A	JCAA	pred	1321	0.18697552447552435	2.245833333333333
1322	BGLOBIN	A	JCAA	pred	1322	0.20865384615384622	2.1708333333333334
1323	BGLOBIN	A	JCAA	pred	1323	0.22439782439782466	2.3277777777777775
1324	BGLOBIN	A	JCAA	pred	1324	0.23975475912975922	2.5868055555555554
1325	BGLOBIN	A	JCAA	pred	1325	0.27201048951048945	2.4458333333333333
1326	BGLOBIN	A	JCAA	pred	1326	0.30928855866355864	2.5965277777777778
1327	BGLOBIN	A	JCAA	pred	1327	0.22713092463092463	2.476388888888889
1328	BGLOBIN	A	JCAA	pred	1328	0.2758488733488734	2.540277777777778
1329	BGLOBIN	A	JCAA	pred	1329	0.22069881507381514	2.4381944444444446
1330	BGLOBIN	A	JCAA	pred	1330	0.20054195804195812	2.595833333333333
1331	BGLOBIN	A	JCAA	pred	1331	0.2362937062937063	2.4583333333333335
1332	BGLOBIN	A	JCAA	pred	1332	0.2549475524475523	2.2958333333333334
1333	BGLOBIN	A	JCAA	pred	1333	0.24326146076146068	2.509722222222222
1334	BGLOBIN	A	JCAA	pred	1334	0.21692307692307686	2.3
1335	BGLOBIN	A	JCAA	pred	1335	0.26298174048174056	2.3097222222222222
1336	BGLOBIN	A	JCAA	pred	1336	0.24311577311577293	2.1805555555555554
1337	BGLOBIN	A	JCAA	pred	1337	0.19928321678321664	2.120833333333333
1338	BGLOBIN	A	JCAA	pred	1338	0.24933129370629373	2.1104166666666666
1339	BGLOBIN	A	JCAA	pred	1339	0.23594405594405596	2.1666666666666665
1340	BGLOBIN	A	JCAA	pred	1340	0.2076612276612278	2.1944444444444446
1341	BGLOBIN	A	JCAA	pred	1341	0.22611451048951045	2.310416666666667
1342	BGLOBIN	A	JCAA	pred	1342	0.19256993006993015	2.1791666666666667
1343	BGLOBIN	A	JCAA	pred	1343	0.27557060994560995	2.582638888888889
1344	BGLOBIN	A	JCAA	pred	1344	0.18695367132867147	2.310416666666667
1345	BGLOBIN	A	JCAA	pred	1345	0.26419143356643354	2.1479166666666667
1346	BGLOBIN	A	JCAA	pred	1346	0.23073378010878015	2.4256944444444444
1347	BGLOBIN	A	JCAA	pred	1347	0.23135926573426585	1.9604166666666667
1348	BGLOBIN	A	JCAA	pred	1348	0.24637480574980578	2.3423611111111113
1349	BGLOBIN	A	JCAA	pred	1349	0.26171280108780104	2.5131944444444443
1350	BGLOBIN	A	JCAA	pred	1350	0.28214403651903636	2.482638888888889
1351	BGLOBIN	A	JCAA	pred	1351	0.2155691530691531	2.165277777777778
1352	BGLOBIN	A	JCAA	pred	1352	0.22851398601398612	2.2874999999999996
1353	BGLOBIN	A	JCAA	pred	1353	0.2622824397824397	2.4097222222222223
1354	BGLOBIN	A	JCAA	pred	1354	0.22212849650349653	2.372916666666667
1355	BGLOBIN	A	JCAA	pred	1355	0.22223581973581977	2.323611111111111
1356	BGLOBIN	A	JCAA	pred	1356	0.29600961538461523	2.5687499999999996
1357	BGLOBIN	A	JCAA	pred	1357	0.2661926961926962	2.5805555555555557
1358	BGLOBIN	A	JCAA	pred	1358	0.20854263791763805	2.229861111111111
1359	BGLOBIN	A	JCAA	pred	1359	0.21508109945609943	2.332638888888889
1360	BGLOBIN	A	JCAA	pred	1360	0.22311577311577308	2.4805555555555556
1361	BGLOBIN	A	JCAA	pred	1361	0.21686868686868688	2.163888888888889
1362	BGLOBIN	A	JCAA	pred	1362	0.20223339160839163	2.0854166666666667
1363	BGLOBIN	A	JCAA	pred	1363	0.20853146853146842	2.2666666666666666
1364	BGLOBIN	A	JCAA	pred	1364	0.18769230769230777	2.3333333333333335
1365	BGLOBIN	A	JCAA	pred	1365	0.23159090909090913	2.5208333333333335
1366	BGLOBIN	A	JCAA	pred	1366	0.1982731157731158	2.4319444444444445
1367	BGLOBIN	A	JCAA	pred	1367	0.22013548951048947	2.347916666666667
1368	BGLOBIN	A	JCAA	pred	1368	0.23831973581973592	2.226388888888889
1369	BGLOBIN	A	JCAA	pred	1369	0.2066428710178708	2.3993055555555554
1370	BGLOBIN	A	JCAA	pred	1370	0.2128496503496504	2.3041666666666667
1371	BGLOBIN	A	JCAA	pred	1371	0.19500971250971258	2.040277777777778
1372	BGLOBIN	A	JCAA	pred	1372	0.22989073426573417	2.35625
1373	BGLOBIN	A	JCAA	pred	1373	0.26557692307692304	2.4625000000000004
1374	BGLOBIN	A	JCAA	pred	1374	0.24661227661227664	2.5305555555555554
1375	BGLOBIN	A	JCAA	pred	1375	0.19143308080808066	2.2368055555555557
1376	BGLOBIN	A	JCAA	pred	1376	0.23682789432789414	2.3152777777777778
1377	BGLOBIN	A	JCAA	pred	1377	0.23930069930069925	2.2333333333333334
1378	BGLOBIN	A	JCAA	pred	1378	0.2258741258741259	2.433333333333333
1379	BGLOBIN	A	JCAA	pred	1379	0.19006798756798754	2.098611111111111
1380	BGLOBIN	A	JCAA	pred	1380	0.2303185703185703	2.4444444444444446
1381	BGLOBIN	A	JCAA	pred	1381	0.19928321678321667	2.2625
1382	BGLOBIN	A	JCAA	pred	1382	0.24827457264957276	2.2784722222222222
1383	BGLOBIN	A	JCAA	pred	1383	0.20400738150738154	2.0930555555555554
1384	BGLOBIN	A	JCAA	pred	1384	0.2001379176379176	2.1236111111111113
1385	BGLOBIN	A	JCAA	pred	1385	0.18882672882672896	2.388888888888889
1386	BGLOBIN	A	JCAA	pred	1386	0.2318759712509712	2.4534722222222225
1387	BGLOBIN	A	JCAA	pred	1387	0.18981303418803408	2.0784722222222225
1388	BGLOBIN	A	JCAA	pred	1388	0.22568716006215994	2.228472222222222
1389	BGLOBIN	A	JCAA	pred	1389	0.25384615384615367	2.316666666666667
1390	BGLOBIN	A	JCAA	pred	1390	0.23187062937062952	2.3541666666666665
1391	BGLOBIN	A	JCAA	pred	1391	0.21034916472416482	2.4506944444444443
1392	BGLOBIN	A	JCAA	pred	1392	0.18982080419580424	1.9270833333333333
1393	BGLOBIN	A	JCAA	pred	1393	0.2842812742812742	2.136111111111111
1394	BGLOBIN	A	JCAA	pred	1394	0.2126320901320901	2.134722222222222
1395	BGLOBIN	A	JCAA	pred	1395	0.23254030691530686	2.2159722222222222
1396	BGLOBIN	A	JCAA	pred	1396	0.30090909090909096	2.2750000000000004
1397	BGLOBIN	A	JCAA	pred	1397	0.22303758741258745	2.2562499999999996
1398	BGLOBIN	A	JCAA	pred	1398	0.22829642579642592	2.365277777777778
1399	BGLOBIN	A	JCAA	pred	1399	0.2586926961926961	2.3930555555555557
1400	BGLOBIN	A	JCAA	pred	1400	0.19368881118881123	2.279166666666667
1401	BGLOBIN	A	JCAA	pred	1401	0.2095449689199689	2.2868055555555555
1402	BGLOBIN	A	JCAA	pred	1402	0.22857614607614601	1.990277777777778
1403	BGLOBIN	A	JCAA	pred	1403	0.31214403651903655	2.667361111111111
1404	BGLOBIN	A	JCAA	pred	1404	0.26772290209790217	2.472916666666667
1405	BGLOBIN	A	JCAA	pred	1405	0.25886363636363624	2.379166666666667
1406	BGLOBIN	A	JCAA	pred	1406	0.22415646853146848	2.2104166666666667
1407	BGLOBIN	A	JCAA	pred	1407	0.20307498057498058	2.148611111111111
1408	BGLOBIN	A	JCAA	pred	1408	0.2466739510489511	2.310416666666667
1409	BGLOBIN	A	JCAA	pred	1409	0.2519109362859363	2.334027777777778
1410	BGLOBIN	A	JCAA	pred	1410	0.26403214840714845	2.267361111111111
1411	BGLOBIN	A	JCAA	pred	1411	0.2080341880341881	2.477777777777778
1412	BGLOBIN	A	JCAA	pred	1412	0.23340277777777754	2.167361111111111
1413	BGLOBIN	A	JCAA	pred	1413	0.2609319153069152	2.428472222222222
1414	BGLOBIN	A	JCAA	pred	1414	0.20709353146853146	2.310416666666667
1415	BGLOBIN	A	JCAA	pred	1415	0.21522095959595955	2.232638888888889
1416	BGLOBIN	A	JCAA	pred	1416	0.23410839160839156	2.5374999999999996
1417	BGLOBIN	A	JCAA	pred	1417	0.246192696192696	2.3305555555555557
1418	BGLOBIN	A	JCAA	pred	1418	0.20590860528360524	2.0756944444444443
1419	BGLOBIN	A	JCAA	pred	1419	0.23064491064491058	2.3111111111111113
1420	BGLOBIN	A	JCAA	pred	1420	0.24036519036519025	2.363888888888889
1421	BGLOBIN	A	JCAA	pred	1421	0.23001554001554003	2.113888888888889
1422	BGLOBIN	A	JCAA	pred	1422	0.226915306915307	2.2222222222222223
1423	BGLOBIN	A	JCAA	pred	1423	0.1794327894327895	2.0972222222222223
1424	BGLOBIN	A	JCAA	pred	1424	0.19326923076923075	2.254166666666667
1425	BGLOBIN	A	JCAA	pred	1425	0.2820274864024865	2.2881944444444446
1426	BGLOBIN	A	JCAA	pred	1426	0.2087407731157731	2.2993055555555557
1427	BGLOBIN	A	JCAA	pred	1427	0.23285499222999229	2.209027777777778
1428	BGLOBIN	A	JCAA	pred	1428	0.2151437451437451	2.4194444444444443
1429	BGLOBIN	A	JCAA	pred	1429	0.26335470085470103	2.526388888888889
1430	BGLOBIN	A	JCAA	pred	1430	0.18233828671328656	2.2895833333333333
1431	BGLOBIN	A	JCAA	pred	1431	0.1970507964257964	2.1909722222222223
1432	BGLOBIN	A	JCAA	pred	1432	0.2197202797202798	2.1500000000000004
1433	BGLOBIN	A	JCAA	pred	1433	0.20278943278943284	2.352777777777778
1434	BGLOBIN	A	JCAA	pred	1434	0.21893890831390822	2.259027777777778
1435	BGLOBIN	A	JCAA	pred	1435	0.23335664335664344	2.2583333333333333
1436	BGLOBIN	A	JCAA	pred	1436	0.2173251748251748	2.5208333333333335
1437	BGLOBIN	A	JCAA	pred	1437	0.25510489510489515	2.316666666666667
1438	BGLOBIN	A	JCAA	pred	1438	0.19992229992229993	2.322222222222222
1439	BGLOBIN	A	JCAA	pred	1439	0.1765734265734266	2.3583333333333334
1440	BGLOBIN	A	JCAA	pred	1440	0.1873421717171718	2.3118055555555554
1441	BGLOBIN	A	JCAA	pred	1441	0.24382090132090115	2.290277777777778
1442	BGLOBIN	A	JCAA	pred	1442	0.19361256798756799	2.304861111111111
1443	BGLOBIN	A	JCAA	pred	1443	0.19940947940947956	2.2944444444444443
1444	BGLOBIN	A	JCAA	pred	1444	0.18646416083916068	2.09375
1445	BGLOBIN	A	JCAA	pred	1445	0.21496066433566444	2.48125
1446	BGLOBIN	A	JCAA	pred	1446	0.2891370435120435	2.495138888888889
1447	BGLOBIN	A	JCAA	pred	1447	0.2073640248640247	2.3680555555555554
1448	BGLOBIN	A	JCAA	pred	1448	0.22642142579642585	2.2534722222222223
1449	BGLOBIN	A	JCAA	pred	1449	0.1974825174825176	1.9833333333333334
1450	BGLOBIN	A	JCAA	pred	1450	0.2080633255633256	2.4819444444444443
1451	BGLOBIN	A	JCAA	pred	1451	0.258492132867133	2.3270833333333334
1452	BGLOBIN	A	JCAA	pred	1452	0.19956293706293696	2.129166666666667
1453	BGLOBIN	A	JCAA	pred	1453	0.2068531468531469	2.25
1454	BGLOBIN	A	JCAA	pred	1454	0.24460761460761457	2.4527777777777775
1455	BGLOBIN	A	JCAA	pred	1455	0.24666618104118107	2.615972222222222
1456	BGLOBIN	A	JCAA	pred	1456	0.27278506216006215	2.459027777777778
1457	BGLOBIN	A	JCAA	pred	1457	0.20227661227661237	2.5194444444444444
1458	BGLOBIN	A	JCAA	pred	1458	0.26846153846153853	2.2583333333333333
1459	BGLOBIN	A	JCAA	pred	1459	0.22432789432789435	2.0972222222222223
1460	BGLOBIN	A	JCAA	pred	1460	0.2697727272727272	2.254166666666667
1461	BGLOBIN	A	JCAA	pred	1461	0.16517288267288274	2.023611111111111
1462	BGLOBIN	A	JCAA	pred	1462	0.20485576923076926	2.222916666666667
1463	BGLOBIN	A	JCAA	pred	1463	0.22234654234654236	2.2944444444444443
1464	BGLOBIN	A	JCAA	pred	1464	0.21692259129759137	2.1493055555555554
1465	BGLOBIN	A	JCAA	pred	1465	0.21610674048174047	2.2784722222222222
1466	BGLOBIN	A	JCAA	pred	1466	0.2024354118104118	2.2034722222222225
1467	BGLOBIN	A	JCAA	pred	1467	0.30622377622377617	2.441666666666667
1468	BGLOBIN	A	JCAA	pred	1468	0.2252972027972028	2.3958333333333335
1469	BGLOBIN	A	JCAA	pred	1469	0.19457604895104902	2.2395833333333335
1470	BGLOBIN	A	JCAA	pred	1470	0.2458566433566433	2.529166666666667
1471	BGLOBIN	A	JCAA	pred	1471	0.3020935314685317	2.4145833333333333
1472	BGLOBIN	A	JCAA	pred	1472	0.21829059829059835	2.2055555555555557
1473	BGLOBIN	A	JCAA	pred	1473	0.22226835664335667	2.3604166666666666
1474	BGLOBIN	A	JCAA	pred	1474	0.2639117132867135	2.5854166666666667
1475	BGLOBIN	A	JCAA	pred	1475	0.25612859362859386	2.2347222222222225
1476	BGLOBIN	A	JCAA	pred	1476	0.20417832167832178	2.1041666666666665
1477	BGLOBIN	A	JCAA	pred	1477	0.23841297591297597	2.0930555555555554
1478	BGLOBIN	A	JCAA	pred	1478	0.2259047202797202	2.2729166666666667
1479	BGLOBIN	A	JCAA	pred	1479	0.2876879370629371	2.3520833333333333
1480	BGLOBIN	A	JCAA	pred	1480	0.2201859945609946	2.117361111111111
1481	BGLOBIN	A	JCAA	pred	1481	0.253517871017871	2.3430555555555554
1482	BGLOBIN	A	JCAA	pred	1482	0.22363199300699302	2.1812500000000004
1483	BGLOBIN	A	JCAA	pred	1483	0.1871790015540017	2.182638888888889
1484	BGLOBIN	A	JCAA	pred	1484	0.2767710761460764	2.4534722222222225
1485	BGLOBIN	A	JCAA	pred	1485	0.260510878010878	2.4319444444444445
1486	BGLOBIN	A	JCAA	pred	1486	0.32333916083916087	2.4208333333333334
1487	BGLOBIN	A	JCAA	pred	1487	0.21423465423465426	2.2555555555555555
1488	BGLOBIN	A	JCAA	pred	1488	0.2221891996891996	2.2430555555555554
1489	BGLOBIN	A	JCAA	pred	1489	0.1913981157731157	2.3993055555555554
1490	BGLOBIN	A	JCAA	pred	1490	0.22811140248640244	2.6506944444444445
1491	BGLOBIN	A	JCAA	pred	1491	0.26082167832167824	2.6041666666666665
1492	BGLOBIN	A	JCAA	pred	1492	0.20388063325563333	2.0743055555555556
1493	BGLOBIN	A	JCAA	pred	1493	0.2247314491064493	2.054861111111111
1494	BGLOBIN	A	JCAA	pred	1494	0.19800262237762226	2.222916666666667
1495	BGLOBIN	A	JCAA	pred	1495	0.29484799922299926	2.321527777777778
1496	BGLOBIN	A	JCAA	pred	1496	0.22023115773115776	1.9319444444444445
1497	BGLOBIN	A	JCAA	pred	1497	0.3005574980574981	2.351388888888889
1498	BGLOBIN	A	JCAA	pred	1498	0.24010052447552438	2.2104166666666667
1499	BGLOBIN	A	JCAA	pred	1499	0.24032439782439766	2.0902777777777777
1500	BGLOBIN	A	JCAA	pred	1500	0.18585664335664343	2.1375
1501	BGLOBIN	A	JCAA	pred	1501	0.2075519619269619	2.2618055555555556
1502	BGLOBIN	A	JCAA	pred	1502	0.1762543706293707	2.2395833333333335
1503	BGLOBIN	A	JCAA	pred	1503	0.2306118881118881	2.2874999999999996
1504	BGLOBIN	A	JCAA	pred	1504	0.2608736402486403	2.4243055555555557
1505	BGLOBIN	A	JCAA	pred	1505	0.2447533022533024	2.273611111111111
1506	BGLOBIN	A	JCAA	pred	1506	0.22307692307692303	2.216666666666667
1507	BGLOBIN	A	JCAA	pred	1507	0.21574543512043523	2.379861111111111
1508	BGLOBIN	A	JCAA	pred	1508	0.21733488733488737	2.302777777777778
1509	BGLOBIN	A	JCAA	pred	1509	0.19101350038850043	2.2743055555555554
1510	BGLOBIN	A	JCAA	pred	1510	0.2027734071484071	2.045138888888889
1511	BGLOBIN	A	JCAA	pred	1511	0.2313048756798757	2.367361111111111
1512	BGLOBIN	A	JCAA	pred	1512	0.19867084304584298	2.1881944444444446
1513	BGLOBIN	A	JCAA	pred	1513	0.2473426573426573	2.2916666666666665
1514	BGLOBIN	A	JCAA	pred	1514	0.29981157731157737	2.5319444444444446
1515	BGLOBIN	A	JCAA	pred	1515	0.22806478243978237	2.3715277777777777
1516	BGLOBIN	A	JCAA	pred	1516	0.19801816239316233	2.132638888888889
1517	BGLOBIN	A	JCAA	pred	1517	0.21575563325563318	2.1819444444444445
1518	BGLOBIN	A	JCAA	pred	1518	0.20172299922299894	2.2652777777777775
1519	BGLOBIN	A	JCAA	pred	1519	0.2613966588966589	2.151388888888889
1520	BGLOBIN	A	JCAA	pred	1520	0.20894667832167832	2.152083333333333
1521	BGLOBIN	A	JCAA	pred	1521	0.21102515540015537	2.045138888888889
1522	BGLOBIN	A	JCAA	pred	1522	0.20649912587412592	2.1020833333333333
1523	BGLOBIN	A	JCAA	pred	1523	0.21810751748251747	2.26875
1524	BGLOBIN	A	JCAA	pred	1524	0.21822649572649575	2.365277777777778
1525	BGLOBIN	A	JCAA	pred	1525	0.19365773115773122	2.0680555555555555
1526	BGLOBIN	A	JCAA	pred	1526	0.24089695027195018	2.4965277777777777
1527	BGLOBIN	A	JCAA	pred	1527	0.2605419580419579	2.3625
1528	BGLOBIN	A	JCAA	pred	1528	0.2828977272727273	2.2562499999999996
1529	BGLOBIN	A	JCAA	pred	1529	0.1729526029526029	2.513888888888889
1530	BGLOBIN	A	JCAA	pred	1530	0.2491297591297593	2.2694444444444444
1531	BGLOBIN	A	JCAA	pred	1531	0.22237713675213688	2.1506944444444445
1532	BGLOBIN	A	JCAA	pred	1532	0.2301612276612278	2.4930555555555554
1533	BGLOBIN	A	JCAA	pred	1533	0.2224004467754467	2.334027777777778
1534	BGLOBIN	A	JCAA	pred	1534	0.24360528360528363	2.1444444444444444
1535	BGLOBIN	A	JCAA	pred	1535	0.24536081973581975	2.382638888888889
1536	BGLOBIN	A	JCAA	pred	1536	0.20874077311577297	2.3006944444444444
1537	BGLOBIN	A	JCAA	pred	1537	0.20786664724164733	2.3243055555555556
1538	BGLOBIN	A	JCAA	pred	1538	0.3208838383838384	2.3597222222222225
1539	BGLOBIN	A	JCAA	pred	1539	0.23384178321678326	2.1145833333333335
1540	BGLOBIN	A	JCAA	pred	1540	0.23328477078477075	2.426388888888889
1541	BGLOBIN	A	JCAA	pred	1541	0.24586635586635583	2.5027777777777778
1542	BGLOBIN	A	JCAA	pred	1542	0.2525874125874125	2.4000000000000004
1543	BGLOBIN	A	JCAA	pred	1543	0.2426087801087802	2.3069444444444445
1544	BGLOBIN	A	JCAA	pred	1544	0.24020979020979008	2.2083333333333335
1545	BGLOBIN	A	JCAA	pred	1545	0.21737713675213674	2.2243055555555555
1546	BGLOBIN	A	JCAA	pred	1546	0.23957847707847704	2.176388888888889
1547	BGLOBIN	A	JCAA	pred	1547	0.20880681818181818	2.3187499999999996
1548	BGLOBIN	A	JCAA	pred	1548	0.20834450271950272	1.9840277777777777
1549	BGLOBIN	A	JCAA	pred	1549	0.24643356643356634	2.45
1550	BGLOBIN	A	JCAA	pred	1550	0.21673465423465438	2.2680555555555557
1551	BGLOBIN	A	JCAA	pred	1551	0.2868992812742813	2.2826388888888887
1552	BGLOBIN	A	JCAA	pred	1552	0.23572989510489517	2.464583333333333
1553	BGLOBIN	A	JCAA	pred	1553	0.21936285936285932	2.272222222222222
1554	BGLOBIN	A	JCAA	pred	1554	0.22992569930069937	2.0520833333333335
1555	BGLOBIN	A	JCAA	pred	1555	0.18554001554001553	2.5638888888888887
1556	BGLOBIN	A	JCAA	pred	1556	0.26874125874125865	2.3916666666666666
1557	BGLOBIN	A	JCAA	pred	1557	0.24314248251748255	2.4312500000000004
1558	BGLOBIN	A	JCAA	pred	1558	0.2081813325563323	2.2881944444444446
1559	BGLOBIN	A	JCAA	pred	1559	0.23671328671328673	2.4583333333333335
1560	BGLOBIN	A	JCAA	pred	1560	0.25440559440559446	2.183333333333333
1561	BGLOBIN	A	JCAA	pred	1561	0.23808080808080814	2.0805555555555557
1562	BGLOBIN	A	JCAA	pred	1562	0.23660402097902114	2.310416666666667
1563	BGLOBIN	A	JCAA	pred	1563	0.23864753302253303	2.482638888888889
1564	BGLOBIN	A	JCAA	pred	1564	0.3105900349650351	2.35625
1565	BGLOBIN	A	JCAA	pred	1565	0.23794823232323228	2.182638888888889
1566	BGLOBIN	A	JCAA	pred	1566	0.18208041958041968	2.1041666666666665
1567	BGLOBIN	A	JCAA	pred	1567	0.22246309246309265	2.136111111111111
1568	BGLOBIN	A	JCAA	pred	1568	0.2415540015540017	2.3111111111111113
1569	BGLOBIN	A	JCAA	pred	1569	0.2516312160062162	2.4659722222222222
1570	BGLOBIN	A	JCAA	pred	1570	0.21139860139860134	2.2416666666666667
1571	BGLOBIN	A	JCAA	pred	1571	0.2553302253302255	2.263888888888889
1572	BGLOBIN	A	JCAA	pred	1572	0.18064491064491062	2.113888888888889
1573	BGLOBIN	A	JCAA	pred	1573	0.21991792929292936	2.2034722222222225
1574	BGLOBIN	A	JCAA	pred	1574	0.25590472027972044	2.189583333333333
1575	BGLOBIN	A	JCAA	pred	1575	0.23896658896658893	2.513888888888889
1576	BGLOBIN	A	JCAA	pred	1576	0.272548076923077	2.5770833333333334
1577	BGLOBIN	A	JCAA	pred	1577	0.2031216006216005	2.115277777777778
1578	BGLOBIN	A	JCAA	pred	1578	0.17819735819735813	2.288888888888889
1579	BGLOBIN	A	JCAA	pred	1579	0.1934921328671329	2.16875
1580	BGLOBIN	A	JCAA	pred	1580	0.28678273115773106	2.4993055555555554
1581	BGLOBIN	A	JCAA	pred	1581	0.278366355866356	2.415277777777778
1582	BGLOBIN	A	JCAA	pred	1582	0.2509047202797203	2.5145833333333334
1583	BGLOBIN	A	JCAA	pred	1583	0.21975475912975903	2.4868055555555557
1584	BGLOBIN	A	JCAA	pred	1584	0.24844939782439787	2.2965277777777775
1585	BGLOBIN	A	JCAA	pred	1585	0.2445668220668221	2.1680555555555556
1586	BGLOBIN	A	JCAA	pred	1586	0.20613636363636367	2.2958333333333334
1587	BGLOBIN	A	JCAA	pred	1587	0.21367084304584305	2.1743055555555557
1588	BGLOBIN	A	JCAA	pred	1588	0.2503943278943279	2.5347222222222223
1589	BGLOBIN	A	JCAA	pred	1589	0.2167987567987567	2.361111111111111
1590	BGLOBIN	A	JCAA	pred	1590	0.23069881507381515	2.1993055555555556
1591	BGLOBIN	A	JCAA	pred	1591	0.21622183372183354	2.201388888888889
1592	BGLOBIN	A	JCAA	pred	1592	0.21396853146853145	2.2708333333333335
1593	BGLOBIN	A	JCAA	pred	1593	0.3100155400155401	2.586111111111111
1594	BGLOBIN	A	JCAA	pred	1594	0.17661956099456103	2.3451388888888887
1595	BGLOBIN	A	JCAA	pred	1595	0.2940559440559441	2.441666666666667
1596	BGLOBIN	A	JCAA	pred	1596	0.22582556332556336	2.6430555555555557
1597	BGLOBIN	A	JCAA	pred	1597	0.23299485236985226	2.3465277777777778
1598	BGLOBIN	A	JCAA	pred	1598	0.2775524475524477	2.4749999999999996
1599	BGLOBIN	A	JCAA	pred	1599	0.23814636752136747	2.3743055555555554
1600	BGLOBIN	A	JCAA	pred	1600	0.24026757964257955	2.3090277777777777
1601	BGLOBIN	A	JCAA	pred	1601	0.17227224164724164	2.1631944444444446
1602	BGLOBIN	A	JCAA	pred	1602	0.22624514374514376	2.3180555555555555
1603	BGLOBIN	A	JCAA	pred	1603	0.23548513986013983	2.2437500000000004
1604	BGLOBIN	A	JCAA	pred	1604	0.20675796425796433	2.084722222222222
1605	BGLOBIN	A	JCAA	pred	1605	0.23304147241647255	2.5756944444444443
1606	BGLOBIN	A	JCAA	pred	1606	0.18051087801087798	2.2069444444444444
1607	BGLOBIN	A	JCAA	pred	1607	0.2508916083916084	2.2375
1608	BGLOBIN	A	JCAA	pred	1608	0.2192229992229991	2.2777777777777777
1609	BGLOBIN	A	JCAA	pred	1609	0.26150738150738145	2.4555555555555557
1610	BGLOBIN	A	JCAA	pred	1610	0.26046425796425793	2.4097222222222223
1611	BGLOBIN	A	JCAA	pred	1611	0.21636169386169404	2.2513888888888887
1612	BGLOBIN	A	JCAA	pred	1612	0.2137451437451438	2.3305555555555557
1613	BGLOBIN	A	JCAA	pred	1613	0.2495804195804197	2.341666666666667
1614	BGLOBIN	A	JCAA	pred	1614	0.26057060994561015	2.507638888888889
1615	BGLOBIN	A	JCAA	pred	1615	0.19068716006216005	2.2034722222222225
1616	BGLOBIN	A	JCAA	pred	1616	0.2584610528360529	2.2381944444444444
1617	BGLOBIN	A	JCAA	pred	1617	0.21354895104895102	2.2625
1618	BGLOBIN	A	JCAA	pred	1618	0.21075174825174825	2.5458333333333334
1619	BGLOBIN	A	JCAA	pred	1619	0.1769886363636363	2.3020833333333335
1620	BGLOBIN	A	JCAA	pred	1620	0.1929584304584305	2.0680555555555555
1621	BGLOBIN	A	JCAA	pred	1621	0.2094711538461537	2.2104166666666667
1622	BGLOBIN	A	JCAA	pred	1622	0.21132430069930083	2.28125
1623	BGLOBIN	A	JCAA	pred	1623	0.22933954933954925	2.4055555555555554
1624	BGLOBIN	A	JCAA	pred	1624	0.20190365190365211	2.163888888888889
1625	BGLOBIN	A	JCAA	pred	1625	0.19433566433566446	2.2083333333333335
1626	BGLOBIN	A	JCAA	pred	1626	0.2512742812742812	2.363888888888889
1627	BGLOBIN	A	JCAA	pred	1627	0.22741064491064486	2.448611111111111
1628	BGLOBIN	A	JCAA	pred	1628	0.22698086635586623	2.3909722222222225
1629	BGLOBIN	A	JCAA	pred	1629	0.2502093045843047	2.3493055555555555
1630	BGLOBIN	A	JCAA	pred	1630	0.2594012237762238	2.3895833333333334
1631	BGLOBIN	A	JCAA	pred	1631	0.21859362859362852	2.397222222222222
1632	BGLOBIN	A	JCAA	pred	1632	0.25816433566433566	2.379166666666667
1633	BGLOBIN	A	JCAA	pred	1633	0.2069536713286714	2.3895833333333334
1634	BGLOBIN	A	JCAA	pred	1634	0.28218337218337214	2.386111111111111
1635	BGLOBIN	A	JCAA	pred	1635	0.23385732323232317	2.329861111111111
1636	BGLOBIN	A	JCAA	pred	1636	0.24651466588966583	2.2798611111111113
1637	BGLOBIN	A	JCAA	pred	1637	0.21094357031857028	2.3243055555555556
1638	BGLOBIN	A	JCAA	pred	1638	0.22420697358197367	2.292361111111111
1639	BGLOBIN	A	JCAA	pred	1639	0.20124125874125878	1.9874999999999998
1640	BGLOBIN	A	JCAA	pred	1640	0.19303758741258736	2.2270833333333333
1641	BGLOBIN	A	JCAA	pred	1641	0.2181580225330226	2.445138888888889
1642	BGLOBIN	A	JCAA	pred	1642	0.21235236985236983	2.1597222222222223
1643	BGLOBIN	A	JCAA	pred	1643	0.20855429292929292	2.321527777777778
1644	BGLOBIN	A	JCAA	pred	1644	0.21915889665889668	2.198611111111111
1645	BGLOBIN	A	JCAA	pred	1645	0.1759785353535355	1.9756944444444444
1646	BGLOBIN	A	JCAA	pred	1646	0.23608391608391613	2.3666666666666667
1647	BGLOBIN	A	JCAA	pred	1647	0.19592026029526038	2.367361111111111
1648	BGLOBIN	A	JCAA	pred	1648	0.20545405982905993	2.2506944444444446
1649	BGLOBIN	A	JCAA	pred	1649	0.25090472027972033	2.347916666666667
1650	BGLOBIN	A	JCAA	pred	1650	0.1978710178710178	2.3444444444444446
1651	BGLOBIN	A	JCAA	pred	1651	0.21674388111888104	2.2437500000000004
1652	BGLOBIN	A	JCAA	pred	1652	0.22750388500388502	2.3319444444444444
1653	BGLOBIN	A	JCAA	pred	1653	0.2310950854700854	2.382638888888889
1654	BGLOBIN	A	JCAA	pred	1654	0.21606643356643346	2.3125
1655	BGLOBIN	A	JCAA	pred	1655	0.24716734654234665	2.3868055555555556
1656	BGLOBIN	A	JCAA	pred	1656	0.27069881507381505	2.5118055555555556
1657	BGLOBIN	A	JCAA	pred	1657	0.22759712509712507	2.365277777777778
1658	BGLOBIN	A	JCAA	pred	1658	0.22609508547008547	2.2201388888888887
1659	BGLOBIN	A	JCAA	pred	1659	0.1818006993006994	2.3208333333333333
1660	BGLOBIN	A	JCAA	pred	1660	0.24748251748251748	2.4583333333333335
1661	BGLOBIN	A	JCAA	pred	1661	0.23037247474747471	2.178472222222222
1662	BGLOBIN	A	JCAA	pred	1662	0.22269182206682206	2.3243055555555556
1663	BGLOBIN	A	JCAA	pred	1663	0.2518861693861693	2.348611111111111
1664	BGLOBIN	A	JCAA	pred	1664	0.24060411810411803	2.259722222222222
1665	BGLOBIN	A	JCAA	pred	1665	0.2204307498057498	2.292361111111111
1666	BGLOBIN	A	JCAA	pred	1666	0.23271513209013217	2.1534722222222222
1667	BGLOBIN	A	JCAA	pred	1667	0.26856206293706275	2.4270833333333335
1668	BGLOBIN	A	JCAA	pred	1668	0.19716346153846173	2.14375
1669	BGLOBIN	A	JCAA	pred	1669	0.26803758741258743	2.2354166666666666
1670	BGLOBIN	A	JCAA	pred	1670	0.23635926573426566	2.252083333333333
1671	BGLOBIN	A	JCAA	pred	1671	0.22991258741258744	2.620833333333333
1672	BGLOBIN	A	JCAA	pred	1672	0.2523523698523698	2.4402777777777778
1673	BGLOBIN	A	JCAA	pred	1673	0.19905157342657342	2.20625
1674	BGLOBIN	A	JCAA	pred	1674	0.1643803418803418	2.165277777777778
1675	BGLOBIN	A	JCAA	pred	1675	0.22486402486402485	2.4055555555555554
1676	BGLOBIN	A	JCAA	pred	1676	0.2271673465423465	2.5868055555555554
1677	BGLOBIN	A	JCAA	pred	1677	0.29510489510489507	2.4833333333333334
1678	BGLOBIN	A	JCAA	pred	1678	0.25579642579642575	2.447222222222222
1679	BGLOBIN	A	JCAA	pred	1679	0.20845716783216775	2.1354166666666665
1680	BGLOBIN	A	JCAA	pred	1680	0.163670843045843	2.1756944444444444
1681	BGLOBIN	A	JCAA	pred	1681	0.231926961926962	2.4305555555555554
1682	BGLOBIN	A	JCAA	pred	1682	0.23901903651903633	2.173611111111111
1683	BGLOBIN	A	JCAA	pred	1683	0.16589695027195037	2.021527777777778
1684	BGLOBIN	A	JCAA	pred	1684	0.22405400155400146	2.326388888888889
1685	BGLOBIN	A	JCAA	pred	1685	0.2684377428127428	2.2173611111111113
1686	BGLOBIN	A	JCAA	pred	1686	0.31076146076146055	2.5027777777777778
1687	BGLOBIN	A	JCAA	pred	1687	0.21131118881118904	2.3875
1688	BGLOBIN	A	JCAA	pred	1688	0.26527923465423464	2.1743055555555557
1689	BGLOBIN	A	JCAA	pred	1689	0.24384615384615388	2.375
1690	BGLOBIN	A	JCAA	pred	1690	0.214696484071484	2.4701388888888887
1691	BGLOBIN	A	JCAA	pred	1691	0.20191093628593623	2.1715277777777775
1692	BGLOBIN	A	JCAA	pred	1692	0.26074543512043524	2.182638888888889
1693	BGLOBIN	A	JCAA	pred	1693	0.2397081390831392	2.209027777777778
1694	BGLOBIN	A	JCAA	pred	1694	0.24524475524475509	2.2750000000000004
1695	BGLOBIN	A	JCAA	pred	1695	0.16238879176379178	1.8923611111111112
1696	BGLOBIN	A	JCAA	pred	1696	0.21497620435120435	2.170138888888889
1697	BGLOBIN	A	JCAA	pred	1697	0.2104817404817406	2.1527777777777777
1698	BGLOBIN	A	JCAA	pred	1698	0.28743541181041166	2.4659722222222222
1699	BGLOBIN	A	JCAA	pred	1699	0.19603681041181037	2.0159722222222225
1700	BGLOBIN	A	JCAA	pred	1700	0.2330181623931625	2.292361111111111
1701	BGLOBIN	A	JCAA	pred	1701	0.20541909479409487	2.3256944444444443
1702	BGLOBIN	A	JCAA	pred	1702	0.24334887334887356	2.4027777777777777
1703	BGLOBIN	A	JCAA	pred	1703	0.18741258741258746	2.033333333333333
1704	BGLOBIN	A	JCAA	pred	1704	0.27328234265734275	2.6187500000000004
1705	BGLOBIN	A	JCAA	pred	1705	0.22013986013986023	2.466666666666667
1706	BGLOBIN	A	JCAA	pred	1706	0.29050067987567985	2.629861111111111
1707	BGLOBIN	A	JCAA	pred	1707	0.235034965034965	2.308333333333333
1708	BGLOBIN	A	JCAA	pred	1708	0.21929875679875696	2.5013888888888887
1709	BGLOBIN	A	JCAA	pred	1709	0.27830419580419596	2.4458333333333333
1710	BGLOBIN	A	JCAA	pred	1710	0.29181769619269626	2.7118055555555554
1711	BGLOBIN	A	JCAA	pred	1711	0.19886363636363638	2.220833333333333
1712	BGLOBIN	A	JCAA	pred	1712	0.18501748251748262	2.0791666666666666
1713	BGLOBIN	A	JCAA	pred	1713	0.21698863636363644	2.23125
1714	BGLOBIN	A	JCAA	pred	1714	0.2751437451437451	2.1694444444444443
1715	BGLOBIN	A	JCAA	pred	1715	0.2308347902097904	2.535416666666667
1716	BGLOBIN	A	JCAA	pred	1716	0.23993006993007004	2.4583333333333335
1717	BGLOBIN	A	JCAA	pred	1717	0.20585664335664344	2.345833333333333
1718	BGLOBIN	A	JCAA	pred	1718	0.2732512626262627	2.5368055555555555
1719	BGLOBIN	A	JCAA	pred	1719	0.17939345376845373	2.5284722222222222
1720	BGLOBIN	A	JCAA	pred	1720	0.21083916083916093	2.2750000000000004
1721	BGLOBIN	A	JCAA	pred	1721	0.2361752136752138	2.3569444444444443
1722	BGLOBIN	A	JCAA	pred	1722	0.298631993006993	2.4270833333333335
1723	BGLOBIN	A	JCAA	pred	1723	0.25086052836052836	2.3930555555555557
1724	BGLOBIN	A	JCAA	pred	1724	0.19631507381507374	2.2069444444444444
1725	BGLOBIN	A	JCAA	pred	1725	0.21779283216783213	2.2604166666666665
1726	BGLOBIN	A	JCAA	pred	1726	0.1892263986013986	2.347916666666667
1727	BGLOBIN	A	JCAA	pred	1727	0.1920104895104895	2.1875
1728	BGLOBIN	A	JCAA	pred	1728	0.22001554001554	2.138888888888889
1729	BGLOBIN	A	JCAA	pred	1729	0.24220668220668215	2.0944444444444446
1730	BGLOBIN	A	JCAA	pred	1730	0.21631507381507378	2.3180555555555555
1731	BGLOBIN	A	JCAA	pred	1731	0.2251005244755245	2.402083333333333
1732	BGLOBIN	A	JCAA	pred	1732	0.21643308080808077	2.0118055555555556
1733	BGLOBIN	A	JCAA	pred	1733	0.2022066822066822	2.1944444444444446
1734	BGLOBIN	A	JCAA	pred	1734	0.197480574980575	2.473611111111111
1735	BGLOBIN	A	JCAA	pred	1735	0.21590860528360534	2.3743055555555554
1736	BGLOBIN	A	JCAA	pred	1736	0.20499562937062935	2.222916666666667
1737	BGLOBIN	A	JCAA	pred	1737	0.2064316239316239	2.598611111111111
1738	BGLOBIN	A	JCAA	pred	1738	0.30835227272727256	2.722916666666667
1739	BGLOBIN	A	JCAA	pred	1739	0.28846153846153844	2.691666666666667
1740	BGLOBIN	A	JCAA	pred	1740	0.20793269230769232	2.34375
1741	BGLOBIN	A	JCAA	pred	1741	0.28517482517482506	2.3666666666666667
1742	BGLOBIN	A	JCAA	pred	1742	0.2474106449106448	2.223611111111111
1743	BGLOBIN	A	JCAA	pred	1743	0.19494755244755246	2.529166666666667
1744	BGLOBIN	A	JCAA	pred	1744	0.1985003885003886	2.2305555555555556
1745	BGLOBIN	A	JCAA	pred	1745	0.21981303418803402	2.3284722222222225
1746	BGLOBIN	A	JCAA	pred	1746	0.19017045454545456	2.2562499999999996
1747	BGLOBIN	A	JCAA	pred	1747	0.22820464257964249	2.4840277777777775
1748	BGLOBIN	A	JCAA	pred	1748	0.15556915306915292	2.1847222222222222
1749	BGLOBIN	A	JCAA	pred	1749	0.23836635586635582	2.4097222222222223
1750	BGLOBIN	A	JCAA	pred	1750	0.27034527972027966	2.347916666666667
1751	BGLOBIN	A	JCAA	pred	1751	0.18971590909090905	2.26875
1752	BGLOBIN	A	JCAA	pred	1752	0.19513548951048953	2.0062499999999996
1753	BGLOBIN	A	JCAA	pred	1753	0.19547008547008543	2.3138888888888887
1754	BGLOBIN	A	JCAA	pred	1754	0.25317744755244764	2.527083333333333
1755	BGLOBIN	A	JCAA	pred	1755	0.2340787684537684	2.3159722222222223
1756	BGLOBIN	A	JCAA	pred	1756	0.28094357031857037	2.3631944444444444
1757	BGLOBIN	A	JCAA	pred	1757	0.1848946192696193	1.9618055555555556
1758	BGLOBIN	A	JCAA	pred	1758	0.18726058663558662	2.2534722222222223
1759	BGLOBIN	A	JCAA	pred	1759	0.19923076923076916	2.1083333333333334
1760	BGLOBIN	A	JCAA	pred	1760	0.23030108780108774	2.3680555555555554
1761	BGLOBIN	A	JCAA	pred	1761	0.23910644910644915	2.1861111111111113
1762	BGLOBIN	A	JCAA	pred	1762	0.19622183372183374	2.5013888888888887
1763	BGLOBIN	A	JCAA	pred	1763	0.19167783605283606	2.3006944444444444
1764	BGLOBIN	A	JCAA	pred	1764	0.2602777777777778	2.273611111111111
1765	BGLOBIN	A	JCAA	pred	1765	0.18071484071484073	2.388888888888889
1766	BGLOBIN	A	JCAA	pred	1766	0.21270979020979017	2.2625
1767	BGLOBIN	A	JCAA	pred	1767	0.22228389665889664	2.395138888888889
1768	BGLOBIN	A	JCAA	pred	1768	0.25791763791763794	2.461111111111111
1769	BGLOBIN	A	JCAA	pred	1769	0.22409479409479402	2.3805555555555555
1770	BGLOBIN	A	JCAA	pred	1770	0.2300577894327894	2.3090277777777777
1771	BGLOBIN	A	JCAA	pred	1771	0.22030254467754476	2.178472222222222
1772	BGLOBIN	A	JCAA	pred	1772	0.22557692307692312	2.154166666666667
1773	BGLOBIN	A	JCAA	pred	1773	0.22079982517482508	2.34375
1774	BGLOBIN	A	JCAA	pred	1774	0.23548513986013989	2.4229166666666666
1775	BGLOBIN	A	JCAA	pred	1775	0.25644910644910646	2.363888888888889
1776	BGLOBIN	A	JCAA	pred	1776	0.24087364024864016	2.4131944444444446
1777	BGLOBIN	A	JCAA	pred	1777	0.3006755050505053	2.454861111111111
1778	BGLOBIN	A	JCAA	pred	1778	0.1964083139083139	2.240277777777778
1779	BGLOBIN	A	JCAA	pred	1779	0.2137368881118881	2.372916666666667
1780	BGLOBIN	A	JCAA	pred	1780	0.21637480574980578	2.307638888888889
1781	BGLOBIN	A	JCAA	pred	1781	0.2287937062937063	2.2291666666666665
1782	BGLOBIN	A	JCAA	pred	1782	0.27284965034965036	2.4791666666666665
1783	BGLOBIN	A	JCAA	pred	1783	0.1879720279720278	2.316666666666667
1784	BGLOBIN	A	JCAA	pred	1784	0.2248363442113443	2.420138888888889
1785	BGLOBIN	A	JCAA	pred	1785	0.20503059440559446	2.1812500000000004
1786	BGLOBIN	A	JCAA	pred	1786	0.20492569930069937	2.29375
1787	BGLOBIN	A	JCAA	pred	1787	0.1651903651903653	2.111111111111111
1788	BGLOBIN	A	JCAA	pred	1788	0.22899718337218342	2.4048611111111113
1789	BGLOBIN	A	JCAA	pred	1789	0.19230769230769226	2.433333333333333
1790	BGLOBIN	A	JCAA	pred	1790	0.23156128593628592	2.415972222222222
1791	BGLOBIN	A	JCAA	pred	1791	0.208670843045843	2.1618055555555555
1792	BGLOBIN	A	JCAA	pred	1792	0.24405400155400161	2.223611111111111
1793	BGLOBIN	A	JCAA	pred	1793	0.2285970279720279	2.16875
1794	BGLOBIN	A	JCAA	pred	1794	0.20440559440559425	2.2249999999999996
1795	BGLOBIN	A	JCAA	pred	1795	0.184024864024864	2.1944444444444446
1796	BGLOBIN	A	JCAA	pred	1796	0.23179292929292933	2.2652777777777775
1797	BGLOBIN	A	JCAA	pred	1797	0.23659479409479423	2.3569444444444443
1798	BGLOBIN	A	JCAA	pred	1798	0.27289772727272743	2.39375
1799	BGLOBIN	A	JCAA	pred	1799	0.2788573232323233	2.645138888888889
1800	BGLOBIN	A	JCAA	pred	1800	0.1731463675213675	2.2381944444444444
1801	BGLOBIN	A	JCAA	pred	1801	0.20349456099456106	2.451388888888889
1802	BGLOBIN	A	JCAA	pred	1802	0.2500854700854699	2.338888888888889
1803	BGLOBIN	A	JCAA	pred	1803	0.2251704545454543	2.4145833333333333
1804	BGLOBIN	A	JCAA	pred	1804	0.28159625097125096	2.259027777777778
1805	BGLOBIN	A	JCAA	pred	1805	0.2511188811188811	2.325
1806	BGLOBIN	A	JCAA	pred	1806	0.2674281274281274	2.288888888888889
1807	BGLOBIN	A	JCAA	pred	1807	0.28288267288267277	2.613888888888889
1808	BGLOBIN	A	JCAA	pred	1808	0.19178273115773112	2.1868055555555554
1809	BGLOBIN	A	JCAA	pred	1809	0.19125825563325557	2.2118055555555554
1810	BGLOBIN	A	JCAA	pred	1810	0.19422639860139865	2.15625
1811	BGLOBIN	A	JCAA	pred	1811	0.19925213675213677	2.4319444444444445
1812	BGLOBIN	A	JCAA	pred	1812	0.24587412587412585	2.2666666666666666
1813	BGLOBIN	A	JCAA	pred	1813	0.1846615190365191	2.117361111111111
1814	BGLOBIN	A	JCAA	pred	1814	0.23590472027972023	2.2562499999999996
1815	BGLOBIN	A	JCAA	pred	1815	0.21843774281274275	2.232638888888889
1816	BGLOBIN	A	JCAA	pred	1816	0.2403710178710179	2.1319444444444446
1817	BGLOBIN	A	JCAA	pred	1817	0.23256993006993013	2.529166666666667
1818	BGLOBIN	A	JCAA	pred	1818	0.24627622377622357	2.245833333333333
1819	BGLOBIN	A	JCAA	pred	1819	0.19992569930069923	2.2645833333333334
1820	BGLOBIN	A	JCAA	pred	1820	0.18812305749805747	2.429861111111111
1821	BGLOBIN	A	JCAA	pred	1821	0.30454496891996896	2.4118055555555555
1822	BGLOBIN	A	JCAA	pred	1822	0.19547008547008543	2.136111111111111
1823	BGLOBIN	A	JCAA	pred	1823	0.22057498057498048	2.138888888888889
1824	BGLOBIN	A	JCAA	pred	1824	0.22574980574980577	2.361111111111111
1825	BGLOBIN	A	JCAA	pred	1825	0.32806332556332546	2.3680555555555554
1826	BGLOBIN	A	JCAA	pred	1826	0.30136315073815073	2.3743055555555554
1827	BGLOBIN	A	JCAA	pred	1827	0.24573378010878008	2.2493055555555554
1828	BGLOBIN	A	JCAA	pred	1828	0.2476923076923076	2.1166666666666667
1829	BGLOBIN	A	JCAA	pred	1829	0.25201048951048954	2.4541666666666666
1830	BGLOBIN	A	JCAA	pred	1830	0.21882235819735815	2.3423611111111113
1831	BGLOBIN	A	JCAA	pred	1831	0.17938616938616953	2.286111111111111
1832	BGLOBIN	A	JCAA	pred	1832	0.22559246309246306	2.101388888888889
1833	BGLOBIN	A	JCAA	pred	1833	0.26170891608391594	2.439583333333333
1834	BGLOBIN	A	JCAA	pred	1834	0.1915073815073815	2.1694444444444443
1835	BGLOBIN	A	JCAA	pred	1835	0.18431186868686883	2.245138888888889
1836	BGLOBIN	A	JCAA	pred	1836	0.2638209013209015	2.4652777777777777
1837	BGLOBIN	A	JCAA	pred	1837	0.26649912587412583	2.464583333333333
1838	BGLOBIN	A	JCAA	pred	1838	0.2379467754467754	2.2652777777777775
1839	BGLOBIN	A	JCAA	pred	1839	0.2525131118881118	2.26875
1840	BGLOBIN	A	JCAA	pred	1840	0.2796503496503497	2.4749999999999996
1841	BGLOBIN	A	JCAA	pred	1841	0.25238879176379186	2.679861111111111
1842	BGLOBIN	A	JCAA	pred	1842	0.20171717171717185	2.1194444444444445
1843	BGLOBIN	A	JCAA	pred	1843	0.1934188034188035	2.052777777777778
1844	BGLOBIN	A	JCAA	pred	1844	0.21006798756798759	2.301388888888889
1845	BGLOBIN	A	JCAA	pred	1845	0.22751311188811196	2.4229166666666666
1846	BGLOBIN	A	JCAA	pred	1846	0.24000000000000005	2.4000000000000004
1847	BGLOBIN	A	JCAA	pred	1847	0.2092929292929293	2.477777777777778
1848	BGLOBIN	A	JCAA	pred	1848	0.2646459790209791	2.60625
1849	BGLOBIN	A	JCAA	pred	1849	0.19900349650349655	2.2625
1850	BGLOBIN	A	JCAA	pred	1850	0.21740044677544668	2.1409722222222225
1851	BGLOBIN	A	JCAA	pred	1851	0.22967317404817403	2.134027777777778
1852	BGLOBIN	A	JCAA	pred	1852	0.22324737762237762	2.40625
1853	BGLOBIN	A	JCAA	pred	1853	0.2157104700854701	2.195138888888889
1854	BGLOBIN	A	JCAA	pred	1854	0.22328671328671312	2.2416666666666667
1855	BGLOBIN	A	JCAA	pred	1855	0.22090860528360537	2.3881944444444443
1856	BGLOBIN	A	JCAA	pred	1856	0.22008547008547014	2.4361111111111113
1857	BGLOBIN	A	JCAA	pred	1857	0.21349601787101793	2.1006944444444446
1858	BGLOBIN	A	JCAA	pred	1858	0.2041783216783217	2.154166666666667
1859	BGLOBIN	A	JCAA	pred	1859	0.19766851204351216	2.182638888888889
1860	BGLOBIN	A	JCAA	pred	1860	0.22775786713286703	2.1354166666666665
1861	BGLOBIN	A	JCAA	pred	1861	0.19701583139083134	2.228472222222222
1862	BGLOBIN	A	JCAA	pred	1862	0.20577311577311566	2.2694444444444444
1863	BGLOBIN	A	JCAA	pred	1863	0.24907342657342668	2.095833333333333
1864	BGLOBIN	A	JCAA	pred	1864	0.19332556332556344	2.0194444444444444
1865	BGLOBIN	A	JCAA	pred	1865	0.24601204351204353	2.398611111111111
1866	BGLOBIN	A	JCAA	pred	1866	0.29508741258741256	2.3958333333333335
1867	BGLOBIN	A	JCAA	pred	1867	0.2934843628593628	2.5590277777777777
1868	BGLOBIN	A	JCAA	pred	1868	0.21435848873348873	2.1715277777777775
1869	BGLOBIN	A	JCAA	pred	1869	0.2230764374514374	2.1493055555555554
1870	BGLOBIN	A	JCAA	pred	1870	0.16777340714840713	2.042361111111111
1871	BGLOBIN	A	JCAA	pred	1871	0.24901320901320897	2.2777777777777777
1872	BGLOBIN	A	JCAA	pred	1872	0.21670114607614605	2.240972222222222
1873	BGLOBIN	A	JCAA	pred	1873	0.23113005050505053	2.2798611111111113
1874	BGLOBIN	A	JCAA	pred	1874	0.2801277195027196	2.4090277777777778
1875	BGLOBIN	A	JCAA	pred	1875	0.21757381507381512	2.4319444444444445
1876	BGLOBIN	A	JCAA	pred	1876	0.19579982517482522	2.1479166666666667
1877	BGLOBIN	A	JCAA	pred	1877	0.21663898601398596	2.28125
1878	BGLOBIN	A	JCAA	pred	1878	0.2793628593628595	2.2777777777777777
1879	BGLOBIN	A	JCAA	pred	1879	0.22125437062937073	2.252083333333333
1880	BGLOBIN	A	JCAA	pred	1880	0.21445172882672878	2.2173611111111113
1881	BGLOBIN	A	JCAA	pred	1881	0.21468531468531474	2.0166666666666666
1882	BGLOBIN	A	JCAA	pred	1882	0.24950611888111887	2.4520833333333334
1883	BGLOBIN	A	JCAA	pred	1883	0.2017594211344211	2.020138888888889
1884	BGLOBIN	A	JCAA	pred	1884	0.22657148407148398	2.273611111111111
1885	BGLOBIN	A	JCAA	pred	1885	0.2549878593628593	2.334027777777778
1886	BGLOBIN	A	JCAA	pred	1886	0.26175942113442124	2.257638888888889
1887	BGLOBIN	A	JCAA	pred	1887	0.2540306915306915	2.1847222222222222
1888	BGLOBIN	A	JCAA	pred	1888	0.2240384615384615	2.1708333333333334
1889	BGLOBIN	A	JCAA	pred	1889	0.17468482905982904	2.1493055555555554
1890	BGLOBIN	A	JCAA	pred	1890	0.26237325174825177	2.4520833333333334
1891	BGLOBIN	A	JCAA	pred	1891	0.2833721833721832	2.538888888888889
1892	BGLOBIN	A	JCAA	pred	1892	0.24395056332556342	2.3243055555555556
1893	BGLOBIN	A	JCAA	pred	1893	0.23407731157731176	2.3819444444444446
1894	BGLOBIN	A	JCAA	pred	1894	0.2225155400155401	2.298611111111111
1895	BGLOBIN	A	JCAA	pred	1895	0.24349213286713273	2.1479166666666667
1896	BGLOBIN	A	JCAA	pred	1896	0.20641608391608385	2.370833333333333
1897	BGLOBIN	A	JCAA	pred	1897	0.21456827894327893	2.178472222222222
1898	BGLOBIN	A	JCAA	pred	1898	0.19412538850038846	2.2506944444444446
1899	BGLOBIN	A	JCAA	pred	1899	0.21017871017871026	2.1944444444444446
1900	BGLOBIN	A	JCAA	pred	1900	0.23481303418803406	2.3090277777777777
1901	BGLOBIN	A	JCAA	pred	1901	0.2213500388500389	2.2819444444444446
1902	BGLOBIN	A	JCAA	pred	1902	0.24585033022533018	2.267361111111111
1903	BGLOBIN	A	JCAA	pred	1903	0.21911227661227656	2.1180555555555554
1904	BGLOBIN	A	JCAA	pred	1904	0.24102515540015537	2.082638888888889
1905	BGLOBIN	A	JCAA	pred	1905	0.18671280108780114	2.0381944444444446
1906	BGLOBIN	A	JCAA	pred	1906	0.21160062160062157	2.2972222222222225
1907	BGLOBIN	A	JCAA	pred	1907	0.23656905594405603	2.3354166666666667
1908	BGLOBIN	A	JCAA	pred	1908	0.2527719502719502	2.4347222222222222
1909	BGLOBIN	A	JCAA	pred	1909	0.24331730769230772	2.35625
1910	BGLOBIN	A	JCAA	pred	1910	0.24066385003885005	2.3743055555555554
1911	BGLOBIN	A	JCAA	pred	1911	0.25258547008547017	2.526388888888889
1912	BGLOBIN	A	JCAA	pred	1912	0.24950854700854688	2.223611111111111
1913	BGLOBIN	A	JCAA	pred	1913	0.23483634421134425	2.292361111111111
1914	BGLOBIN	A	JCAA	pred	1914	0.29032585470085476	2.354861111111111
1915	BGLOBIN	A	JCAA	pred	1915	0.24753496503496505	2.4291666666666667
1916	BGLOBIN	A	JCAA	pred	1916	0.20082702020202006	2.3090277777777777
1917	BGLOBIN	A	JCAA	pred	1917	0.20556332556332554	2.1444444444444444
1918	BGLOBIN	A	JCAA	pred	1918	0.20190947940947937	2.1069444444444443
1919	BGLOBIN	A	JCAA	pred	1919	0.18930021367521363	2.0993055555555555
1920	BGLOBIN	A	JCAA	pred	1920	0.21240044677544692	2.1715277777777775
1921	BGLOBIN	A	JCAA	pred	1921	0.19804195804195815	2.3666666666666667
1922	BGLOBIN	A	JCAA	pred	1922	0.21508109945609938	2.445138888888889
1923	BGLOBIN	A	JCAA	pred	1923	0.2301277195027195	2.396527777777778
1924	BGLOBIN	A	JCAA	pred	1924	0.23542346542346537	2.1805555555555554
1925	BGLOBIN	A	JCAA	pred	1925	0.22003885003885004	2.1805555555555554
1926	BGLOBIN	A	JCAA	pred	1926	0.2063281857031857	2.4131944444444446
1927	BGLOBIN	A	JCAA	pred	1927	0.2774825174825175	2.45
1928	BGLOBIN	A	JCAA	pred	1928	0.2049397824397825	2.1597222222222223
1929	BGLOBIN	A	JCAA	pred	1929	0.2689665889665889	2.338888888888889
1930	BGLOBIN	A	JCAA	pred	1930	0.19029526029526025	2.136111111111111
1931	BGLOBIN	A	JCAA	pred	1931	0.1920726495726496	2.0347222222222223
1932	BGLOBIN	A	JCAA	pred	1932	0.21289772727272727	2.1729166666666666
1933	BGLOBIN	A	JCAA	pred	1933	0.25159090909090914	2.4625000000000004
1934	BGLOBIN	A	JCAA	pred	1934	0.23323815073815074	2.3180555555555555
1935	BGLOBIN	A	JCAA	pred	1935	0.28263986013986014	2.154166666666667
1936	BGLOBIN	A	JCAA	pred	1936	0.2749956293706292	2.3604166666666666
1937	BGLOBIN	A	JCAA	pred	1937	0.22685314685314684	2.183333333333333
1938	BGLOBIN	A	JCAA	pred	1938	0.25469648407148415	2.770138888888889
1939	BGLOBIN	A	JCAA	pred	1939	0.28026223776223774	2.3291666666666666
1940	BGLOBIN	A	JCAA	pred	1940	0.18533750971250978	2.021527777777778
1941	BGLOBIN	A	JCAA	pred	1941	0.22282002719502703	2.1215277777777777
1942	BGLOBIN	A	JCAA	pred	1942	0.20247814685314675	2.222916666666667
1943	BGLOBIN	A	JCAA	pred	1943	0.20922882672882648	2.223611111111111
1944	BGLOBIN	A	JCAA	pred	1944	0.24996891996892	2.2694444444444444
1945	BGLOBIN	A	JCAA	pred	1945	0.19390394327894317	2.1409722222222225
1946	BGLOBIN	A	JCAA	pred	1946	0.22180069930069932	2.2625
1947	BGLOBIN	A	JCAA	pred	1947	0.2697314491064491	2.579861111111111
1948	BGLOBIN	A	JCAA	pred	1948	0.22101787101787104	2.1694444444444443
1949	BGLOBIN	A	JCAA	pred	1949	0.21301816239316237	2.307638888888889
1950	BGLOBIN	A	JCAA	pred	1950	0.22057498057498065	2.288888888888889
1951	BGLOBIN	A	JCAA	pred	1951	0.1866647241647241	2.3180555555555555
1952	BGLOBIN	A	JCAA	pred	1952	0.1912587412587413	2.1416666666666666
1953	BGLOBIN	A	JCAA	pred	1953	0.20132867132867122	2.408333333333333
1954	BGLOBIN	A	JCAA	pred	1954	0.23693424630924614	2.492361111111111
1955	BGLOBIN	A	JCAA	pred	1955	0.24452020202020205	2.3902777777777775
1956	BGLOBIN	A	JCAA	pred	1956	0.22006944444444435	2.1881944444444446
1957	BGLOBIN	A	JCAA	pred	1957	0.21772290209790213	2.3895833333333334
1958	BGLOBIN	A	JCAA	pred	1958	0.23832167832167825	2.433333333333333
1959	BGLOBIN	A	JCAA	pred	1959	0.2327661227661227	2.3694444444444445
1960	BGLOBIN	A	JCAA	pred	1960	0.2905050505050505	2.461111111111111
1961	BGLOBIN	A	JCAA	pred	1961	0.2324354118104118	2.209027777777778
1962	BGLOBIN	A	JCAA	pred	1962	0.23547591297591283	2.5430555555555556
1963	BGLOBIN	A	JCAA	pred	1963	0.1951160644910645	2.570138888888889
1964	BGLOBIN	A	JCAA	pred	1964	0.20302836052836037	2.2930555555555556
1965	BGLOBIN	A	JCAA	pred	1965	0.2178316822066822	2.2006944444444443
1966	BGLOBIN	A	JCAA	pred	1966	0.2627500971250971	2.3159722222222223
1967	BGLOBIN	A	JCAA	pred	1967	0.21111111111111105	2.3722222222222222
1968	BGLOBIN	A	JCAA	pred	1968	0.20212849650349649	2.060416666666667
1969	BGLOBIN	A	JCAA	pred	1969	0.25594405594405595	2.283333333333333
1970	BGLOBIN	A	JCAA	pred	1970	0.2769459013209014	2.321527777777778
1971	BGLOBIN	A	JCAA	pred	1971	0.2089898989898991	2.1694444444444443
1972	BGLOBIN	A	JCAA	pred	1972	0.24534527972027964	2.372916666666667
1973	BGLOBIN	A	JCAA	pred	1973	0.18308809246309243	2.229861111111111
1974	BGLOBIN	A	JCAA	pred	1974	0.24186431623931615	2.182638888888889
1975	BGLOBIN	A	JCAA	pred	1975	0.23287830225330228	2.129861111111111
1976	BGLOBIN	A	JCAA	pred	1976	0.26237762237762235	2.3
1977	BGLOBIN	A	JCAA	pred	1977	0.19564685314685315	2.3625
1978	BGLOBIN	A	JCAA	pred	1978	0.24736548174048173	2.571527777777778
1979	BGLOBIN	A	JCAA	pred	1979	0.2343468337218337	2.242361111111111
1980	BGLOBIN	A	JCAA	pred	1980	0.21462655400155406	2.179861111111111
1981	BGLOBIN	A	JCAA	pred	1981	0.25658896658896646	2.5638888888888887
1982	BGLOBIN	A	JCAA	pred	1982	0.2403103146853146	2.2395833333333335
1983	BGLOBIN	A	JCAA	pred	1983	0.19532585470085462	2.457638888888889
1984	BGLOBIN	A	JCAA	pred	1984	0.22566385003885003	2.3118055555555554
1985	BGLOBIN	A	JCAA	pred	1985	0.20791326728826712	2.357638888888889
1986	BGLOBIN	A	JCAA	pred	1986	0.23342220279720266	2.285416666666667
1987	BGLOBIN	A	JCAA	pred	1987	0.22667783605283606	2.4368055555555554
1988	BGLOBIN	A	JCAA	pred	1988	0.19414141414141417	2.211111111111111
1989	BGLOBIN	A	JCAA	pred	1989	0.2156638500388501	2.3493055555555555
1990	BGLOBIN	A	JCAA	pred	1990	0.21440510878010885	2.3493055555555555
1991	BGLOBIN	A	JCAA	pred	1991	0.23076486013986014	2.214583333333333
1992	BGLOBIN	A	JCAA	pred	1992	0.2645376845376845	2.427777777777778
1993	BGLOBIN	A	JCAA	pred	1993	0.2424703768453769	2.915972222222222
1994	BGLOBIN	A	JCAA	pred	1994	0.21520930458430468	2.2631944444444443
1995	BGLOBIN	A	JCAA	pred	1995	0.20216006216006208	2.2777777777777777
1996	BGLOBIN	A	JCAA	pred	1996	0.26638646076146094	2.271527777777778
1997	BGLOBIN	A	JCAA	pred	1997	0.19715569153069154	2.2840277777777778
1998	BGLOBIN	A	JCAA	pred	1998	0.2895061188811187	2.51875
1999	BGLOBIN	A	JCAA	pred	1999	0.2282279526029525	2.245138888888889
